학수번호,교과목이름,학점,이수구분,학년,학기,설강학과,교과목개요,교육과정학과코드
ACC1001,회계정보의이해1,,전공기초,1,,회계세무학과,"재무회계는 주로 경제실체의 외부에 있는 정보이용자에게 기업의 재무상태와 경영성과를 재무제표를 통하여 보고하는 데 중점을 두고 있는 회계학의 한 분야이다. 재무회계의 첫 단계인 회계정보의 이해에서는 복식부기의 기초원리, 그리고 재무제표 작성 중심의 회계처리를 공부할 예정이며, 이러한 회계처리는 우리나라 기업회계기준을 중심으로 설명된다. 본 강의는 학생들을 위하여 기본적인 개념을 이해시키고, 각 계정과목별로 기업회계기준에 따른 회계처리 방법의 이해를 도모하고자 한다.",
ACC2051,중급회계1,,전공핵심,2,,회계세무학과,"본 수업에서는 기업 재무회계의 이론적 구조를 이해하고 재무회계와 관련하여 실무해결능력을 갖출 수 있도록 한국채택국제회계기준(K-IFRS)의 내용, 이론적 배경 및 구체적 응용사례를 학습한다. 구체적으로, 재무보고의 개념체계, 화폐의 시간가치 등 재무회계의 기초와 수익에 관한 내용을 학습한다.",
ACC2061,세법개론,,전공핵심,2,,회계세무학과,"세금은 우리의 일상생활과 밀접한 관계를 가지고 있고, 누구나 당면하는 생활문제이다. 따라서 전문적인 연구도 중요하지만, 일상생활에서 발생하는 공통적이고, 기본적인 문제에 대한 이해는 필수적인 것이라 할 것이다. 본 강좌는 이러한 생활 속의 세금문제를 이해하고, 대처하는 기본 소양을 향상시키려는데 그 목적이 있다.",
ACC2062,법학개론,,전공핵심,2,,회계세무학과,본 강좌는 법학입문과정으로 실생활과 관련된 최소한의 법률지식을 비법대생이 이해하기 쉽게 전달하는 것을 목적으로 한다. 또한 자신의 권리를 보호할 수 있는 다양한 방법을 소개해줌으로써 사회에서 부딪히는 법률문제를 적극적으로 해결할 수 있도록 하고자 한다.,
ACC3002,회계감사,,전공핵심,4,,회계세무학과,"본 교과목은 감사하는데 필요한 감사인의 직업윤리, 감사인의 독립성, 감사인의 책임, 감사목표와 감사절차, 감사증거의 수집과 감사조서 작성, 중요성의 기준설정과 감사위험의 이해 및 감사보고서를 이해하도록 교육한다.
AACSB과목",
ACC3004,세무회계,,전공심화,3,,경영학부,"세무회계는 법인기업의 조세문제를 다룬다. 세무회계는 복시부기의 회계이론에 따라 법인의 소득세를 산출하고 특히 대법인에서는 법인세의 납부가 중요한 관심사이므로 가급적 조세납부를 적게하기 위한 절세문제를 다룬다.
선행적으로 조세법을 이수하고 세무회계를 수강하는 것이 바람직하다. 공인회계사, 세무사 등의 자격시험에 필수과목으로 정하여져 있다.",
ACC3007,고급회계2,,전공핵심,4,,회계세무학과,"회계는 기업의 언어입니다. 우리는 회계를 기초로 작성된 재무제표를 통해 회사의 경영성과를 이해 및 분석하고, 투자 등의 의사결정을 내립니다.
또한 국제회계기준의 도입으로 연결재무제표는 회사의 주 재무제표로 통용되고 있습니다. 따라서 재무정보를 이용하는 정보이용자는 연결회계의 개념과 작성 방법의 이해가 반드시 필요합니다. 학생들이 본 수업을 통하여 연결회계의 작성 방법과 재무정보를 이해함에 도움이 되기를 바랍니다.",
ACC3010,중급회계3,,전공핵심,3,,회계세무학과,"본 수업에서는 기업 재무회계의 이론적 구조를 이해하고 재무회계와 관련하여 실무해결능력을 갖출 수 있도록 한국채택국제회계기준(K-IFRS)의 내용, 이론적 배경 및 구체적 응용사례를 학습한다. 구체적으로, 금융자산, 특수한 지분투자와 영업권, 금융부채, 충당부채 및 자본회계처리에 관한 내용을 학습한다.
이 과목은 AOL(Assurance of Learning) 보고를 위해 주요 학습목표를 측정하도록 설계된 것과 관련된다. 학생들은 각 주요 학습목표 (학습목표 1: 의사결정; 학습목표 4: 재무제표분석)에 대해 평가를 받게 되며, 그 결과는 교과목 개선과 학습지원을 위해 사용된다.",
ACC3013,원가관리회계1,,전공핵심,2,,회계세무학과,"회계는 정보이용자가 합리적인 판단과 의사결정을 할 수 있도록 정보를 확인·식별하고, 기록·축적·요약하여 전달하는 하나의 행동적 과정입니다. 이러한 회계는 정보이용자의 정보이용목적에 따라 재무회계와 관리회계로 구분됩니다. 관리회계는 기업경영자의 의사결정과정에 유용한 정보를 제공하기 위한 분야로서 원가정보를 어떻게 산출하고 어떻게 제공해줄 것인가에 대해 관심을 두는 학문입니다",
ACC3014,원가관리회계2,,전공핵심,3,,경영학부,"본 강좌의 목적은 기업의 가치사슬 내에서 전략과 관리기능을 공부하는 것이다. 따라서 기본 원가개념 및 원가계산으로부터 얻은 정보를 기초로 의사결정 중심의 회계정보활용을 다룸으로써 원가결정과 경제적 의사결정과의 관련성을 보다 확실히 파악할 수 있도록 한다. 자본예산과 장기투자의사결정, 분권화와 성과평가방법, 내부이전가격제도 등의 문제를 다룬다.",
ACC3015,원가관리회계3,,전공핵심,3,,회계세무학과,"본 과정은 제조원가보고서 및 원가계산방법에 대한 이해를 바탕으로 기존사업의 수익성분석, 관련원가분석 등 단기의사결정과 신규사업에 대한 사업타당성, 내부구조조정을 위한 제품라인의 추가 및 폐기, Cost-Benefit 분석 및 부서의 성과평가를 통한 동기부여 등에 대한 장기적인 의사결정 능력배양을 목표로 한다.",
ACC3018,부가가치세법,,전공핵심,3,,회계세무학과,"본 교과목은 우리나라 부가가치세법에 근거하여 부가가치세의 기본적인 개념과 전반적인 세액구조를 이해하고 이를 실무에 적용하는 방법을 학습하는 과목이다.
해당 교과목을 통해 전문성, 실무활용 측면에서의 전공능력을 함양할 수 있다.",
ACC3019,법인세법2,,전공핵심,4,,회계세무학과,"본 교과목은 우리나라 법인세법에 근거하여 법인세 세무조정의 개념 및 법인세의 계산구조를 이해하는 과목이다. 법인의 재무회계 및 결산 내용을 세무회계의 형식과 목적에 맞게 조정하는 내용을 주로 담고 있으며, 법인세 납부세액을 계산할 수 있는 지식을 보유할 수 있도록 한다.",
ACC4021,관리회계세미나,,전공심화,3,,회계세무학과,본 강좌에서는 원가관리회계의 기초 이론을 바탕으로 새로운 이론과 기존 이론에 보다 심화된 내용을 학습합니다. 원가관리회계와 경영관리가 접목된 교과입니다.,
ACC4056,회계캡스톤디자인1,,전공심화,4,,회계세무학과,"학생이 실제 산업현장에서 부딪히는 문제를 해결할 수 있는 능력을 배양하기 위하여 졸업시 학부과정동안 배운 이론을 바탕으로 하나의 과제를 문제 발굴, 기획, 문제를 해결하는 전 과정을 경험할 수 있도록 하는 종합 문제해결 교육프로그램임. 성과물은 공모전 응모작품 및 글로벌 프론티어 응모작품 등으로 만들어져 평가됨",
ACC4058,상속증여세법,,전공핵심,4,,회계세무학과,"본 교과목은 국세의 한 구성요소인 상속세 및 증여세법의 내용을 다룬다. 우리나라 상속세 및 증여세법 규정에 대한 기본적인 내용을 이해하고, 실무 적용가능성을 높이기 위해 다양한 계산문제 및 실무사례를 다룬다.",
ACT1001,금융보험수학1,3,전공기초,1,1,보험계리학과,"금융보험수학1

본 강좌에서는 옵션가격이론, 이토적분, 확률미분방정식, 블랙-슐즈방정식 등을 공부하기위하여 금융수학의 기초를 다룬다. 함수의 극한, 미분법 및 도함수 응용, 극방정식, 매개방정식, 부정적분 및 정적분, 무한급수, 테일러급수 등을 학습한다.",
ACT1003,계리프로그래밍,3,전공기초,1,1,보험계리학과,"계리프로그래밍2	

본 교과목은 보험계리 실무현장에서 많이 사용되는 C언어 를 통한 프로그래밍 기능을 학습하여 실무에서 사용되는 응용프로그램 설계 능력을 배양 할 수 있도록하고 이론과 실습을 병행함으로써 주어진 문제들을 해결하기위해 논리적인 사고방법을 학습하고 문제를 효과적으로 분석하고 처리할 수 있는 창의적 사고력을 키우는데 목표로 한다.",
ACT1004,통계프로그래밍,3,전공기초,1,1,보험계리학과,,
ACT1005,미적분학1,3,전공기초,1,1,보험계리학과,,
ACT1006,미적분학2,3,전공기초,1,2,보험계리학과,,
ACT1007,보험원론,3,전공핵심,1,2,보험계리학과,,
ACT2001,보험수리학1,,전공핵심,2,,보험계리학과,"보험수리를 공부하는 모든 학생의 필수적인 과정이라고 할 수 있다. 금융보험수학과정과 수리통계학이론을 바탕으로 이자론과 생존분포, 생명표 및 생명보험에 대해서 다룬다. 주요 주제로는 이율과 확정연금, 그리고 생명표 또는 생존분포를 사용하여 생명보험의 보험수리적 현재가치를 파악한다.",
ACT2003,수리통계이론1,,전공핵심,2,,보험계리학과,"이 과목은 확률이론, 이산 그리고 연속 확률변수와 그것들의 확률분포함수, 평균, 적률생성함수 등의 주제를 다룬다.",
ACT2004,수리통계이론2,,전공핵심,2,,보험계리학과,"이 과정은 수학과나 통계학과처럼 통계를 전문적으로 배우는 학생들과 같이 확률적 추론과 이론적인 측면의 방법론의 전문적인 내용들을 제공한다. 분포 수렴과 확률적 수렴, 뿐만 아니라 점추정, 신뢰구간 가설 검정, 비모수통계학 등을 주로 다루며 심도 있게 학습하게 된다.",
ACT2012,보험계리학연습,,전공핵심,2,,보험계리학과,"매년 4월에 있는 보험계리사 1차 시험 중 보험수학부분을 대비하기 위한 과목으로써 금융보험수학1,2,보험수리학1과 수리통계이론1에서 다루었던 기본 내용들을 정리하고 1차 시험 관련 문제를 풀이하고 연습하게 된다.",
ACT2013,논리역량,,전공핵심,2,,보험계리학과,학생들의 직업기초능력을 키우기 위하여 실제적인 문제를 제시하고 학생들 상호간에 공동으로 문제해결방안을 마련하는 일련의 과정을 통해 개별학습과 협동학습의 방법을 익힘으로써 문제해결능력은 물론이고 의사소통능력과 프리젠테이션능력 등을 키우기 위한 수업이다. 조별로 주어진 과제를 토론하고 결과를 발표하는 과정으로 운영된다. 교수의 내용평가와 학생들의 자체평가로 평가가 이루어진다.,
ACT3002,금융공학1,,전공핵심,3,,보험계리학과,"금융공학은 금융자산 및 금융파생상품을 설계하고 가치를 평가하며, 금융기관의 위험을 관리하는 등 제반 금융 문제를 수학적 분석 도구를 이용하여 금융시장을 분석하는 학문이다. 파생상품의 평가와 헷징전략, 리스크관리 등에서 이슈가 되는 여러문제들을 규명하고 해결방안을 논의한다. 본 과정은 블랙-숄즈방정식, 이토적분, 확률미분방정식을 다룬다.",
ACT3004,계리모형론,,전공핵심,3,,보험계리학과,"본 과목은 손해에 관한 통계모형을 만들고, 여러 추정법과 검정법을 이용하여 그 모형들을 평가, 비교, 선택하는 방법에 관한 이론을 배운다.",
ACT3005,금융공학2,,전공심화,4,,보험계리학과,"이항모형, 블랙숄즈 공식을 이용한 파생상품 가치평가를 이해하고 이색옵션와 위험관리에 대해 논의한다. 브라운운동, 이토정리, 이자율 관련 파생상품에 대하여 학습한다.",
ACT3006,보험수리학연구,,전공심화,3,,보험계리학과,이과정은 보험수리학의 주요이슈와 최근에 개발된 이론 및 방법 등을 연구한다. 또한 보험수리학의 기초과목에서 다루었던 내용들을 실무에 적용하는 방법들도 강의한다.,
ACT3007,중급보험수리학,,전공심화,3,,보험계리학과,"영업보험료식 보험료와 책임준비금을 산출하고 보험수리학 1,2 에서 배운 내용을 통합할 수 있는 다중상태모형을 학습한다. 최적 가정이 달라진 경우인 현금흐름분석 모형을 최종적으로 학습하게 된다. 주요 학습내용은 다중상태 모형과 마르코프 체인, 현금흐름분석 모델을 배우게 된다.",
ACT4001,보험계리모델링1,,전공심화,3,,보험계리학과,"본 교과과정에서 우리는 손해보험에 대해 계리적으로 모형화를 할 때에 필요한 필수적 요소 중 하나인 응용통계를 전산을 활용하여 배우게 됩니다. 구체적으로 말하자면, 본 수업은 계리 및 통계분석을 R 통계패키지를 통해 팀 단위로 협력하여 연습하는 것을 목표로 하고 있습니다.
This course is designed to measure several key learning objectives for the purpose of Assurance of Learning (AOL) reporting. Students will be assessed against each of key Learning Goals (LG1: Knowledge on important topics; LG2: Communication skills in written forms) and the results will be used to identify any areas of development and future learning support.",
ACT4002,계리리스크관리,,전공심화,4,,보험계리학과,"본 과정은 작게는 보험회사, 넓게는 금융회사의 리스크 및 리스크 관리에 대해서 배우며, 리스크 관리를 위한 계리 업무를 포괄적, 개념적으로 이해하는 수업이다.",
ACT4003,보험계리모델링2,,전공심화,4,,보험계리학과,"본 과정은 IC-PBL 과정이며, 계리소프트웨어를 팀단위로 연습하는 것을 목표로 한다. 계리실무시 필요한 생명보험의 보험료와 준비금 계산, 현금흐름 분석을 가장 효율적인 계리소프트웨어인 R3S를 통하여 모형화한다.",
ACT4009,중급계리모형론,,전공심화,4,,보험계리학과,"본 과정은 두 부분으로 구성된다. 첫 번째 부분에서는 요율 산정의 일반적 원리를 이해하고, 위험의 분류, 자료 처리, 요율 산정 기법, 기초 가정, 각 기법의 장점과 단점, 재물보험과 책임보험의 여러 사업분야에 대한 적용 등을 이해한다. 두 번째 부분에서는 계리사가 손해보험의 미지급 보험금을 산정하기 위하여 사용하는 기본적인 준비금 산정 방법을 다룬다.",
ACT4012,손해보험수리학,,전공심화,4,,보험계리학과,"본 과정은 두 부분으로 구성된다. 첫 번째 부분에서는 요율 산정의 일반적 원리를 이해하고, 위험의 분류, 자료 처리, 요율 산정 기법, 기초 가정, 각 기법의 장점과 단점, 재물보험과 책임보험의 여러 사업분야에 대한 적용 등을 이해한다. 두 번째 부분에서는 계리사가 손해보험의 미지급 보험금을 산정하기 위하여 사용하는 기본적인 준비금 산정 방법을 다룬다.",
AIX0003,AI+X:딥러닝,3,교양선택,1,1,ERICA 대학,"본 교과목은 딥러닝을 개념을 이해하고, 딥러닝을 실험해 볼 수 있는 개발환경 조성과 활용에 관한 기초를 소개한다. 이를 위하여 다음과 같은 순서로 진행된다. 

1. 딥러닝을 위한 인공지능(AI) 관련 개념 (Agent, Searching, Learning 등)
2. 딥러닝을 위한 환경조성 및 관련 오픈소스 프로젝트 예제
3. 딥러닝 방법론 (Neural Network, Convolutional Networks 등)
4. SKT 텔레콤 인공지능-딥러닝 연구 사례 및 교육자료 병행 (동영상, 발표자료)
5. SKT 인공지능 교육 동영상 시청이 병행되어야 함

강의 계획 세부 내역은 현재 잠정적이며, 일부 항목은 변동이 있을 수가 있습니다. ",
AIX0004,AI+X:R-Py컴퓨팅,3,교양선택,1,1,ERICA 대학,"본 교과목은 데이터 사이언스 및 AI 과목에 기초가 되는 R 프로그래밍 및 Python 프로그램의 기초를 배우는 것을 목적으로 한다. 
이전학기와 달리 실무데이터 분석을 위한 프로세스를 중점적으로 다룬다. 
본 과정은 Smart-F(Flipped Learning : 온라인 1시간, 오프라인 2시간)   유형으로 진행됨
온라인 수업 : 온라인에서 제공되는 e-Learning 콘텐츠를 선수학습 해야 함  (강의실 출석은 하지 않으나 콘텐츠는 반드시 수강하여야 출석에 반영됨)
오프라인 수업 : 교수자의 텔레프레즌스 강의로 진행됨(실습 위주)
2020년 2학기는 대면과 비대면 수업을 병행수행 ",
AIX0005,AI+X:머신러닝,3,교양선택,1,1,ERICA 대학,"본 교과목은 머신러닝의 이해를 돕기 위한 사례 예제 중심으로 학습한다. 머신러닝의 원리를 이해하고 사례나 예제를 학습하기 위해 Python을 이용하여 실습을 진행한다. 이를 위해 학생 개별 PC의 편차를 고려해서 실습은 구글 Colaboratory를 활용하며, 수강생은 인터넷 연결이 가능한 곳에서 개별 PC로 학습이 가능하다. 본 수업은 머신러닝의 이해라는 관점에서 보다 사용법이 쉬운 것으로 알려져 있는 scikit-learn과 keras를 학습에 사용한다.",
ANT1003,형질인류학,,전공핵심,2,,문화인류학과,"형질인류학은 인류학에서 인간의 생물학적 측면을 연구하는 분야로서 영장류학, 고인류학, 인간유전학, 골학 등 다양한 하위 연구분야가 있다. 형질인류학적 연구를 통해서 우리는 인간의 생물학적 특성과 진화과정, 오늘날 현생인류의 기원과 다양성과 적응성 등을 이해할 수 있을 것이다. 생물학적 진화와 변화과정은 다양한 문화현상의 진화와 밀접히 관련되어 있기 때문에 형질인류학은 인간의 본질을 이해하는 가장 기초적인 연구 분야로서 인문사회과학과 자연과학적 연구를 아우르는 학문 분야이다.",
ANT1004,인류학의응용과실천,,전공핵심,3,,문화인류학과,"인류학적 연구와 지식을 다양한 차원의 현실 사회문제 해결에 어떻게 응용하고 실천하였는지 사례를 통해 살펴보고, 오늘날의 세계 속에서 인류학적 지식과 문화 훈련을 바람직하게 활용하고 실천할 수 있는 지적 역량을 키운다.",
ANT1007,의례·축제·신화,,전공심화,4,,문화인류학과,"이 강의를 통해서 먼저 의례와 축제, 신화가 개인의 삶과 사회에서 어떻게 작용하고 있는지를 살펴본다. 그리고 상호간의 관계를 통해서 개인과 사회에서 통용되는 문화적 의미와 가치가 어떻게 생성되는지 탐색한다. 이를 통해 문화적 의미와 가치가 어떻게 세계관과 에토스에 영향을 미치는지 탐색하려고 한다.",
ANT1015,고고학의세계,3,전공기초,1,1,문화인류학과,"과거 사람들이 남긴 유적과 유물을 발굴하고 분석하여 옛날 사람들의 문화를 복원하고 설명하는 학문이 고고학이다. 고고학의 개념과 방법론, 발굴의 기초지식, 인류의 기원부터 현대에 이르는 고고학의 다양한 분야, 세계 고고학과 한국의 고고학 연구 성과 등을 개괄적으로 강의하는 과목이다. 과거 인간의 물질문화의 이해를 목표로 하는 본 강좌는 고고학전공의 가장 기초적인 지식이 제시되는 필수과목이다.
",
ANT1057,인류학에의초대,3,전공기초,1,1,문화인류학과,"이 수업은 인류학에 대한 기초적 이해를 위해 마련되었다. 과거, 헌재, 미래의 시간 축을 따라 인류의 다양한 적응방식을 살펴보고, 지금까지 당연하게 여겨운 자문화 중심주의적 상식과 고정관념을 넘어 문화를 상대적으로 자리매김하도록 한다. 이를 통해 현대 인류사회의 주요 문제들을 해석하고 극복방안과 전망을 모색할 수 있는 지적 역량을 키운다. 
수업은 일방적인 강의를 피하고 학생들의 주체적인 탐구와 발언, 토론을 통해 능동적인 자기 생각을 전개하는 방향으로 진행된다. ",
ANT1059,AI시대인류학의도전,3,전공기초,1,1,문화인류학과,,
ANT1060,무형유산과한국학의이해,3,전공기초,1,2,문화인류학과,,
ANT1061,문화유산과고고학의세계,3,전공기초,1,1,문화인류학과,,
ANT1062,이주시대세계문화의이해,3,전공기초,1,2,문화인류학과,,
ANT2005,한국민속학,3,전공기초,1,1,문화인류학과,"한국 민속은 한국인이 그 자연환경에 적응하여 살아 온 문화의 총체이다. 그 바른 연구는 한국문화와 한국 사람의 이해에 첩경이 된다. 이 강좌에서는 종래 민속학에서 접근되어 온 바와 달리, 문화인류학의 문화인식과 방법론에 입각하여 한국의 민속이 연구된다. 특히 전통문화의 현대적 재인식과 재창조가 탐구되어 진다.",
ANT2015,종교인류학,,전공심화,2,,문화인류학과,한국에는 세계의 모든 기성 종교와 수많은 신흥종교가 신앙되고 이른바 원시종교로 취급되는 무(샤머니즘)가 여전히 신봉된다. 한국문화와 사회에서 종교가 차지하는 비중과 기능은 그만큼 막중하다. 이를 종교가 한국문화에서 어떤 역사를 가지고 어떤 문화를 형성하여 왔으며 근대 이래 어떤 양상으로 변모하여 왔는지를 연구된다. 오늘날 한국종교의 상황과 그 분석 및 이해로 중요한 과제가 된다.,
ANT2017,인류학현지조사및실습,,전공핵심,2,,문화인류학과,"다른 학문 분야에 비하여 문화인류학의 가장 특징적인 연구방법은 Fieldwork에 있다고 볼 수 있다. 문화인류학의 성립 이래 수많은 인류학자들은 그 연구 대상지역에 일정 기간 체류하면서 그 사회와 문화를 보다 과학적으로 연구하여 오고 있다. 그것을 통하여 민족지를 서술하고 가설을 검증하였으며, 새로운 이론을 도출해 내었던 것이다. 그러한 Fieldwork의 역사와 방법, 오늘날의 문제점, 새로운 조사경향 등이 이 과목에서 다루어진다. 아울러 우리나라에서의 인류학적 Fieldwork 방법의 개발과 앞으로의 방향을 모색해 본다.",
ANT2023,인류학과지역연구,,전공핵심,2,,문화인류학과,"이 수업은 인류학적 관점에서 지역연구를 하기 위한 일반적인 개념과 방법론을 공부한다. 도입부에 대한 공부 이후 이 수업에서는 지역연구의 개념과 방법을 적용해 지구 상의 특정 문화권을 택해 보다 심도있는 사례연구를 진행한다. 학기의 후반부에 학생들은 소규모 작업팀을 구성해서 자신들이 관심있는 주제에 대해 연구, 발표함으로써 해당 문화권에 대한 구체적인 사례에 대한 지식을 함양하는 연습을 한다.",
ANT2024,인류학의이론과역사,,전공핵심,4,,문화인류학과,본 강의는 인류학 전공핵심 수업으로서 19세기부터 20세기 후반까지 영미 인류학의 역사를 주요 인류학자와 이론들을 중심으로 다루고자 한다. 본 강의는 2 세기 동안 어떻게 주요 쟁점과 논쟁이 구체적인 인류학 분야에서 누구에 의해 논의 되었고 어떤 사회적 정치적 문화적 맥락에서 변했는지를 살펴보고 이같은 인류학의 성장이 다른 사회과학과 학계 발전에 어떤 영향을 주었는지 살펴본다.,
ANT2026,야외고고학,3,전공기초,1,2,문화인류학과,,
ANT2029,정치인류학,,전공심화,3,,문화인류학과,"이 수업은 '정치'를 인류학적인 관점에서 정치를 파악하고, 학습하고, 토론한다. 이를 통해 수강생들이 정치를 우리의 일상과 가까운, 현실적이며 응용가능한 대상으로 재인식하는 것을 목적으로 한다. 인류학적인 관점에서 정치는 특정한 사람들에 의한 특수한 영역이 아니다. 정치는 인류의 탄생이래 문화, 종교, 사회, 과학 등 우리가 상상할 수 있는 모든 분야에 존재해 왔으며, 우리의 일상과 사적 영역에 걸쳐 광범위하게 녹아들어 있다. 따라서 '정치를 재인식'하는 것은 우리의 광범위한 세계인식을 바꾸는 것일 뿐만 아니라 사회의 흐름을 포착함으로써 급변하는 미래에 대한 상황판단 및 안목을 기르는데 도움을 준다.",
ANT2031,양적조사방법1,,전공핵심,2,,문화인류학과,"통계학은 관심대상에 대하여 관련된 자료를 수집하고 정리하여 해석하는 자료의 과학이다. 즉, 관심대상인 집단에 대해 조사된 양적 자료를 바탕으로 일반적인 법칙성을 찾아내거나 불확실한 사실에 대한 결론이나 예측을 하는데 필요한 이론과 방법을 제시하는 학문이라고 하겠다. 인류학과 고고학은 많은 양적자료를 다루고 있다. 물론 인류학과 고고학은 질적연구 방법론이 더 중요하게 다루어지기는 하지만 양적자료에 대한 분석도 소홀히 할 수 없다. 따라서 본 강좌에서는 기초통계이론에 대한 지식을 습득하고 인류학 및 고고학 분석을 위한 통계 기법에 대한 이해를 도모 하도록 한다.",
ANT2032,양적조사방법2,,전공핵심,2,,문화인류학과,"양적조사방법 2는 양적조사방법 1에서 학습한 통계학 지식을 활용하여 실제적인 문제해결과 논문작성에 도움을 주기위해 계획하였다.
수업의 진행은 전반부는 강의를 통해 양적조사방법1의 내용의 리뷰 및 보충을 하고 후반부는 학생 스스로가 문제를 해결하는 PBL(proble based learning) 방식으로 진행할 것이다.
수업의 진행은 수강인원에 따라 팀을 구성하여 진행되며, 팀별로 문제상황을 만들고 통계학을 활용하여 해법을 찾아가는 과정으로 진행될 것이다.따라서 성적은 전반부 강의에 대한 중간고사와 팀별 과제, 성찰일기(양식은 첨부파일 참조), 발표, 토론에 대한 평가를 통해 이루어진다.",
ANT3023,박물관학개론및실습,,전공심화,3,,문화인류학과,"최근 한국에서 질적 양적 발전을 거듭하고 있는 대표적인 문화시설인 박물관은 전통적인 유물의 수장, 전시, 연구 뿐 아니라 교육, 체험 등 다양한 역할을 하고 있다.
박물관은 시대적 변화속에서 그 정의를 비롯하여 형태, 기능이 끊임없이 변화하고 있는데, 이는 박물관에 요구되는 새로운 사회적 기능과 역할 또한 새롭게 부여되고 있음을 의미하는 것이다.
본 수업은 박물관의 개념과 특성에 대한 이해를 바탕으로 현장 실습을 통해 현재 사회 속에서 박물관이 가지고 현실과 문제, 그리고 미래전략들을 확인하고 토론하며 그 해결방안을 학생들이 스스로 모색하기 위한 기회를 제공하는 과목이다.
PBL 강의를 통해 학생들은 1)박물관의 이해(개념, 역사, 전시, 수집, 교육, 건축, 소통, 보존 등) 를 바탕으로 2) 현재 박물관을 둘러싼 다양한 현실문제를 도출하고 이에 대한 해결방안을 제시하게 될 것이다. 그리고 문제해결 과정은 3) 조별활동 형태로 현장연구를 통해 그 해결방안을 직접 제시하는 방식으로 진행된다.",
ANT3026,한국선사고고학,,전공핵심,3,,문화인류학과,"한국의 구석기시대부터 초기 철기시대까지의 고고학 연구결과를 물질문화사적 관점에서 정리하고 한국고고학의 방법론적인 문제점들을 지적해 보는 개론 강의이다. 한국 문화의 기원과 형성과정에 대한 고고학적인 이론들을 소개하고 유적과 유물을 통하여 그 타당성을 검토할 수 있도록 강의가 구성된다. 한민족의 기원과 형성, 신석기문화와 청동기문화의 형성과 발달과정 등 각 시대의 물질문화에 대하여 상론하게 될 것이다. 그리고 인접 지역 문화와의 관계가 기초적으로 다루어질 것이다. 이 강의를 통하여 한국문화의 기원과 물질문화적인 특징에 대하여 초보적인 식견을 가질 수 있도록 할 것이다.",
ANT3028,고고학현지조사및실습,,전공핵심,2,,문화인류학과,고고학은 물증 증거를 토대로 과거 인류의 생활과 역사를 복원하고자 하는 학문으로 타학문에 비해 다양한 연구법을 요구한다. 본 수업에서는 고고학연구의 기초라고 할 수 있는 현지조사 및 분석 테크닉을 익히고 이를 응용함으로써 고고학 현지조사 보고서를 작성할 수 있도록 훈련한다. 아울러 유물 제작실습을 통해 고고학자료를 이해하는 것을 목표로 한다.,
ANT3038,의료인류학,,전공심화,3,,문화인류학과,"의료인류학은 다학문적 성격과 응용적 성격이 강한 분야로서, 인간의 건강과 질병, 건강관리 시스템, 그리고 문화생태적 적응에 대해 공부한다. 여기서는 인간을 다차원적이고 생태학적인 관점과 동시에 사회문화적인 관점을 적용하여 다룬다. 응용 인류학 분야에서 가장 발달한 분야의 하나로서, 문화와 사회가 건강 및 보건에 관련된 이슈들을 어떻게 인식하고 조직하며 정치, 경제, 문화적으로 반응하고 실천하는 공부한다.",
ANT3042,문화・기억・역사,,전공심화,3,,문화인류학과,"이 수업은 문화유산, 대중 역사 등등 다양한 공공 영역에서 개인적 서술이 사적인 기억을 소환하여 하나의 공공 기억들로 변화하는 과정, 즉 과거에 대한 재현으로 정의되는 공공역사를 주제로 다루고 있다. 구체적으로 이 수업은 구술사 연구 방법론을 기본으로 하고 다양한 미디어를 매개로 하여 문화다양성과 관련된 사적인 기억을 수집 후 이를 공공 기억으로 재현하여 공공역사화 하는데 목적을 두고 있다. 이 과정에서 학생들은 구술사의 개론이라고 할 수 있는 연구방법, 실천, 인터뷰 현장, 아카이빙에 대해 IC-PBL 문제해결형 실습을 통하여 살펴본다.",
ANT4019,문화재관리학개론및실습,,전공심화,4,,문화인류학과,"현대사회에서 문화유산의 관리는 단순히 문화유산을 보호, 보존하는 것이 아니라 문화유산의 가치와 특성, 그리고 다양한 이해당사자의 참여를 기반으로한 마래지향적인 관리를 의미한다. 이를 위해 문화유산의 가치를 파악하는 조사와 연구, 이를 보호, 보존하기 위한 다양한 제도적 방안, 그리고 가치를 증진 확산 하기 위한 일련의 과정이 필요하다. 문화재관리학 개론과 실습은 문화유산의 합리적인 관리를 위한 이론적 접근과 함께 실제 사례에 대한 학습을 통해 문화유산의 관리를 보다 실질적인 관점에서 이해하고자 한다.
이를 위해 문화유산과 관련된 다양한 이해당사자 집단 중, 관련 전공자가 진출할 수 있는 분야로서 ""문화유산의 관리자""입장에서 이론과 실제를 이해하는 것이 가장 주요한 강의의 가장 주요한 목적이라 할 수 있다. 특히 문화유산이 가진 다양성, 상대성을 기반으로하여 한국의 지정문화유산 뿐 아니라 세계유산에 대한 관리에 대한 이론적, 원칙적 접근과 실제 문화유산의 관리에서 발생할 수 있는 다양한 이슈와 도전에 대한 ""합리적 관리""를 이해하고자 한다.
이 과정에서 문화유산의 관리를 위해 필요한 ""문화유산학"", ""박물관학"", ""대중고고학"", ""보존과학"" 등의 접근을 통해 학제간 연구를 통한 문화유산의 합리적 관리에 대한 이론과 실제를 이해한다.",
ANT4020,한국역사고고학,,전공핵심,3,,문화인류학과,"한국 역사시대 고고학의 연구 성과와 주요 쟁점을 검토해 보는 개론 강의이다. 우선 국가의 기원과 삼국시대의 형성, 남북국시대 그리고 고려~조선시대에 이르기까지 각 시대 물질문화의 특징에 대해 검토한다. 그리고 한국 역사고고학이 성장하는 과정에서 다루어진 주요 쟁점을 살펴봄으로써 그 발전과 한계를 판단한다. 본 강의를 통해서 한국 역사고고학의 기초적인 지식을 습득하는데 주안점을 두고자 한다.",
ANT4035,고고학의이론과역사,,전공핵심,4,,문화인류학과,고고학은 중세 유럽의 고물 애호주의에서 시작되어 여러번의 패러다임 변화를 거치며 현재에 이르고 있다. 본 강의에서는 약 200여년간의 고고학적 해석에 큰 영향을 미친 이론과 패러다임의 변화 양상을 개관하는 것을 목적으로 한다. 또한 세계적인 고고학사의 흐름과 함께 남북한 고고학의 발전 과정을 살펴본다.,
ANT4041,문화유산기획실습,,전공심화,4,,문화인류학과,"본 과목은 최근 문화계의 가장 큰 화두인 문화접근성 향상 혹은 배리어프리(Barrier Free)와 관련하여 박물관 미술관을 비롯한 문화유산 관련기관들이 장애인, 노인, 아동 등 사회적 약자들이 이동, 문화생활 등에서 비장애인과 같은 수주의 문화생활, 또는 이동권을 보장받을 수 있는지를 살펴본다. 특히 수강생들이 실제로 문화접근성을 향상시키기 위한 방안을 직접 설계해 봄으로써, 사회적 약자계층이 다양하고 풍부한 문화생활을 향유하고 공유할 수 있는 방안을 연구하고 이해하도록 한다.",
APA1017,의상디자인설계,,전공기초,1,,주얼리·패션디자인학과,"의상디자인을 위한 기초 개념과 제작 과정에 대해 학습한다. 인체를 이해하고, 제 2의 피부로서 의상을 조형적으로 접근하는 방법론에 대해 연습한다. 본 수업을 통해 학생들은 평면의 의상스케치를 입체인 인체에 맞게 모델링하는 기초 훈련을 한다. 의상디자인에 필요한 기본적인 입체감각을 의상으로 설계하는 능력을 키운다.",
APA2062,테이블웨어디자인1,,전공핵심,2,,산업디자인학과,"일상에서 매일 마주하게 되는 테이블웨어 중 가장 자주 사용하는 ‘잔(cup)’을 주제로 리서치, 문제 해결, 소재 및 조형 연구, 프레젠테이션 등의 디자인 프로세스를 익힌다.",
APA2063,프로덕트디자인1,,전공핵심,2,,산업디자인학과,"프로덕트디자인1은 디자이너가 고안한 아이디어를 시각적으로 공감할 수 있도록 기본적인 표현방법을 익히고 실습하는 수업이다.
따라서 제품디자인에 필요한 프로세스와 응용에 앞서 디자이너의 사고에서 나온 결과물을 시각적으로 표출하고 제안한다.",
APA2071,일러스트레이션과캐릭터디자인1,,전공핵심,2,,커뮤니케이션디자인학과,"다양한 재료와 표현 방법, 또는 일러스트레이션의 효과 등을 연구하여 실습하며 객관성과 폭넓은 시각적 표현에 따른 창의력적 표현(솔루션) 개발한다.
사용자를 설들할 수 있는 자신만의 독특한 작품제작방법을 활용함으로써 캐릭터의 효과적 표현을 연구하며 질적으로 향상되어있는 차별화 캐릭터를 개발한다.",
APA2077,게임프래닝,,전공핵심,2,,영상디자인학과,"게임은 현시대에 가장 강력한 문화콘텐츠로서 자리 잡았으며, 많은 사람에게 강력한 문화적 영향력을 미치고 있다. 또한 게임 이외에 다른 문화콘텐츠들도 사용자와 다양한 방식으로 상호작용하고자 하는 시도들이 이뤄지고 있다. 따라서 현대의 디지털 미디어 환경에서는 인터랙티브 콘텐츠에 대한 기획 및 디자인 방법론에 대한 이화와 개발 능력이 요구되고 있다. 본 수업은 강력한 인터랙티브 매체인 게임에 대한 이해와 좋은 게임을 만들기 위한 방법론에 대한 이론을 습득하고, 이를 적용해 보는 과정을 통해 인터랙티브 콘텐츠에 대한 기획 및 개발 역량을 키우고자 한다.",
APA3001,인더스트리얼디자인1,,전공심화,3,,디자인공학전공,"인더스트리얼 디자인의 프로세스 및 기본 개념, 방법론 등에 관한 이해를 바탕으로 기능 창출력, 구조 해석력, 조형 능력 등 산업디자인의 실기 기초가 되는 요소에 대해 분석적이면서 동시에 창의적인 자세를 기를 수 있도록 다양한 아이디어 발상과 전개법을 경험한다.",
APA3029,웹디자인2,,전공핵심,3,,커뮤니케이션디자인학과,"소비자 리서치와 콘텐츠 이해를 통한 디자인 전략 수립 및 시각화 또한 웹디자인을 위한 기초 코딩(HTML, CSS)과 프로그램(피그마)을 익힘으로써 실제 웹사이트에 적용 및 구현",
APA3068,인터랙티브프로토타입,,전공심화,3,,영상디자인학과,"디지털미디어의 시·공간적 표현과 상호작용적 컴퓨터 기술을 활용한 인터랙티브 미디어의 새로운 프로토타입을 연구한다. 인문/사회학적인 지식을 기반으로 사용성, UX/UI, 메타포, 어포던스등의 개념들을 이해하고 효과적인 지식기반의 인간/컴퓨터 상호작용 체계를 활용하여 인간과 컴퓨터 인터페이스와 인터랙션을 활용하여 효율적인 인터랙티브 프로토타입 제작을 목표로 한다.",
APA3070,3D디지털스튜디오,,전공핵심,3,,영상디자인학과,"영화 VFX, 애니메이션, 게임 컨텐츠 제작 프로세스를 익히고 제작을 돕는 3D 그래픽
저작 도구들에 대해 이해하고 직접 실습을 통해 3D저작 기법을 배우게 됩니다.",
APA3079,리빙웨어디자인1,,전공심화,3,,산업디자인학과,의식주의 주체인 인간에게 있어서 일상의 많은 부분을 지내는 삶의 공간은 매우 중요하다. 이 과정에서 그 공간 속에 놓여지고 사용되는 모든 리빙웨어를 컨설팅하고 디자인하며 그 결과물로 프로토타입을 제작한다.,
APA3081,리빙웨어디자인2,,전공심화,3,,산업디자인학과,"의식주의 주체인 인간에게 있어서 일상의 공간은 삶의 중요한 요소이다.
그 공간 속에서 사용 되고 놓여지는 모든 리빙 웨어 를 컨설팅 하고 디자인하며 실물 모델링을 통해서 소재및 기능 그리고 제작 과정등을 탐구한다.",
APA3099,스테이지미디어프로덕션,,전공핵심,3,,영상디자인학과,"무대 공간을 바탕으로 기획, 구현되는 스테이지 미디어에 대하여 알아보고, 영상디자이너의 관점에서 뮤지컬, 콘서트, 패션쇼와같은 전통적 무대 공연 및 브랜드 런칭 이벤트, 모터쇼, 공공 이벤트 등의 새로운 쇼 비지니스 / 브랜딩의 영역으로 표현의 확장 가능성에 대해서도 알아봅니다. 본 수업에서는, 공간과 무대, 컨텐츠 디자인을 창의적 관점으로 분석하고, 영상, 인터랙티브 미디어를 비롯한 다양한 디지털 컨텐츠를 활용하여 스테이지 프로덕션을 위한 미디어 창작을 실습합니다.",
APA3107,가방디자인1,,전공핵심,2,,주얼리·패션디자인학과,가방 디자인의 기본 지식 학습 및 디자인 실습을 통한 가방산업의 기초 실무과정 등 이해.,
APA3128,로봇인터랙션디자인,,전공심화,3,,산업디자인학과,"디지털 및 변혁적 환경에서 사용자와 상호 작용하는 제품의 사용자 인터페이스(UI) 디자인에 초점을 맞춥니다. 학생들은 모바일 기기, IoT 제품 등 다양한 디지털 제품의 UI 요소를 연구하고, 이를 통해 사용자 경험을 향상시키는 디자인 방법을 학습합니다. 과정은 연구, 정의, 개발, 전달의 네 단계를 포함하여 전체 디자인 프로세스를 다루며, 실제 산업과의 협력을 통해 이론과 실제를 접목시킨 문제 기반 학습을 진행합니다.",
APA3139,크리에이티브디자인탐색,3,전공기초,1,1,융합디자인학부,"크리에이티브디자인탐색은 모든 디자인의 기본 조형요소인 이론적 배경과 형태, 색, 재질 등을 연구하며 사용자 중심의 라이프스타일을 중심으로 디자인 컨셉메이킹과  시장조사및 분석방법을 배우고 이해함을 목표로 하며 향후 전개되는 디자인에 효과적으로 적용 할 수 있도록 한다. 이러한 과정을 통하여  전문적인 디자인 능력을 갖출수 있는 디자인의 기반을 학습한다",
APA3141,스케칭워크샵,3,전공핵심,1,1,융합디자인학부,"본 교과의 주요 목표는 디자인 개념 그리고 디자인 프로세스를 배움으로서 디자인에 대한 이해도를 높이고 생각을 시각적으로 표현하는 방법을 습득함으로써 자신만의 창의적인 표현 방법과 문제해결 능력을 습득할 수 있고 이를 통해 디자이너로 성장할 수 있는 기초를 다지는 기회를 얻게 될 것입니다. 

수업은 15주 동안 진행되며 디지털 툴을 사용하지 않는 2D/3D 표현 기법들에 익숙질 수 있는 기회를 제공합니다..",
APA4010,기구학,,전공핵심,3,,지능형로봇학과,"모든 기계는 입력이 주어지면 운동 및 힘을 전달하는 기구 또는 기구들의 조합에 의하여 사용자가 원하는 출력을 주도록 고안되어 있다. 본 교과목에서는 기구들에 대한 일반적 지식들을 숙지하고, 기구의 운동해석을 위한 위치 및 변위해석방법, 속도해석방법, 그리고 가속도해석방법을 배운다. 또한 실제의 기구들의 운동해석 및 설계에 관한 제반 이론들을 학습한다. 또한 정적 하중으로 인하여 각 링크에 발생하는 정적 하중 해석방법과 운동으로 유발된 동적 하중으로 인하여 각 링크에 발생하는 동적 하중 해석방법을 배운다",
APA4092,정보서비스디자인1,,전공핵심,3,,커뮤니케이션디자인학과,"서비스디자인에 대한 본질적 개념 이해는 물론 핵심이론과 방법론을 습득하고, 비즈니스/공공/의료/복지/사회문제 전반에 걸친 다양한 실무사례를 접한다. 또한 서비스디자인 프로젝트를 진행하여 시스템적, 통합적 접근 안에서 인간 중심의 문제 해결 방안을 수립하는 과정을 경험한다. 나아가 디자이너로서 공감하며, 소통하며, 협력하는 역량을 기르며 사회 속 역할과 의미 있는 성장 방향에 대해 고찰해 보는 기회를 가진다.",
APA4093,정보서비스디자인2,,전공핵심,3,,커뮤니케이션디자인학과,"서비스디자인에 대한 본질적 개념 이해는 물론 핵심이론과 방법론을 습득하고, 비즈니스/공공/의료/복지/사회문제 전반에 걸친 다양한 실무사례를 접한다. 또한 IC-PBL M 유형의 기업 서비스디자인 프로젝트를 진행하여 시스템적, 통합적 접근 안에서 인간 중심의 문제 해결 방안을 수립하는 과정을 경험하고, 나아가 기업의 히트상품을 개발한다. 더불어 디자이너로서 공감하며, 소통하며, 협력하는 역량을 기르며 사회 속 역할과 의미 있는 성장 방향에 대해 고찰해 보는 기회를 가진다.",
APA4104,일상과디자인1,,전공심화,4,,산업디자인학과,"산업디자인의 전반적인 프로세스를 이해하고, 사용자와 사용 공간을 고려한 제품을 디자인한다. 디자인 실무를 경험하고 디자인 도출 과정의 초기 단계인 브레인스토밍부터 기업과 커뮤니케이션을 위한 렌더링 또는 프로토타입까지 전반적인 과정을 학습한다.",
APR1004,커뮤니케이션론,3,전공기초,1,1,광고홍보학과,"이 과목은 우리 사회의 커뮤니케이션에 관한 다양한 이론 및 현상을 소개하기 위한 것이다. 우리 사회의 커뮤니케이션 현상을 이해하고 설명하기 위해 다양한 사회과학 이론을 탐구하고 이에 대한 통찰력을 갖는 것이 이 과목의 주요 목적이다. 이를 통해 커뮤니케이션과 관련한 사회현상에 비판적 시각을 키우고, 더 나아가 커뮤니케이션과 관련한 분야, 특히 광고 PR의 실무에서 어떻게 각각의 커뮤니케이션 이론들이 적용되는지를 논의하게 될 것이다. 이를 위한 구체적인 강의 목적은 다음과 같다.",
APR1006,브랜드커뮤니케이션,,전공기초,2,,광고홍보학과,"브랜드 커뮤니케이션의 핵심주제 강의를 통해 브랜드 전문지식을 습득하고, 사례 강의와 효과적 커뮤니케이션을 강의함으로써, Best Practice를 실무에 적용시킬 수 있도록 할 예정이다. 다양한 브랜드관련 이론을 습득하고 브랜드자산을 강화하기 위한 전략을 살펴볼 예정이다. 아울러, 브랜드 컨설팅을 진행할 예정이다.",
APR1007,광고홍보연구방법론,,전공핵심,2,,광고홍보학과,"광고·PR을 통한 전략적 커뮤니케이션 현상을 설명하고, 예측하고, 통제하기 위해서는 체계적이고 과학적인 연구방법이 필수적으로 요구된다. 아울러 온라인매체의 등장으로 인해 광고·PR을 위한 새로운 기법도 필히 요구되고 있다. 이 과목에서는 광고·PR 및 전략적 커뮤니케이션에 필요한 (1) 과학적, 합리적 사고를 배양하고, (2) 광고·PR 연구에 주로 사용되는 연구방법의 기본 개념과 방법을 학습하고, (3) 실제 조직이 당면한 문제 상황에 적용하여 필요한 자료를 도출한다. 아울러 (4) 체계적 분석을 위해 통계적 기법의 기본적인 절차와 방법을 학습하고 다양한 통계적 기법을 활용하고, (5) 실제 문제를 해결하기 위한 심도있고 타당한 분석과 해석을 통해 실질적 함의 와 시사점을 모색한다",
APR1012,브랜드캠페인,,전공심화,4,,광고홍보학과,"브랜드는 조직이 가진 가장 중요한 자산 중 하나이다. 강력한 브랜드는 가치 창조와 제품/서비스 차별화를 통해 소비자의 구매 의사 결정에 영향을 미친다. 따라서 효과적인 브랜드 관리는 제품과 서비스의 장기적 이윤 보장을 위해 필수적이다. 본 수업은 브랜드 자산의 기본 요소들을 커뮤니케이션 관점에서 이해하고, 전략적으로 브랜드를 개발, 관리, 및 확장할 수 있는 역량을 키우기 위해 설계되었다. 학생들은 브랜드 관련 기본 개념들을 이해하고 다양한 브랜드 커뮤니케이션 사례들을 평가해 봄으로써 변화하는 사회와 미디어 환경을 극복 및 활용하기 위한 효과적 브랜드 커뮤니케이션 전략을 기획하는 데 필요한 기초 지식을 수립하게 될 것이다. 또한 IBM(Integrated Brand Communication)의 개념과 함께 마케팅과 광고에서의 주요 브랜드 이론들을 학습한다. 그리고 실제 사회 현상, 마케팅, 광고, PR 사례에 대하여 분석함으로써 브랜드 커뮤니케이션을 정확히 이해하고자 한다. 이를 바탕으로 효과적인 브랜드 통합적마케팅커뮤니케이션(IMC) 캠페인을 기획한다.",
APR1013,매체기획,,전공핵심,3,,광고홍보학과,"광고는 다양한 매체를 이용하여 판매메시지를 전달하고 상품의 주관적 가치를 부여하는 제시 및 촉진활동이다. 오늘날은 TV, 신문, 잡지, 인터넷, 라디오 등 주요 대중매체를 비롯 DM, 옥외매체, 교통매체, 특수매체 등 다양한 매체를 폭 넓게 이용함으로써 효율적으로 목표집단에게 메시지를 전달하고 있다. 이 과목은 다양한 광고매체의 특성, 매체전략의 수립, 실행, 통제, 매체구매과정, 매체계획의 기법 및 방법, 매체효과 모델 등을 중점적으로 다룬다.",
APR1016,디지털사이니지론,,전공심화,3,,광고홍보학과,"이 교과목은 옥외광고의 개념과 종류을 알아보고 옥외광고의 전반적 환경을 진단하고자 한다. 아울러 옥외광고의 효과를 높이기 위한 방법을 모색해본다. 옥외광고관리를 위한 목표설정, 예산배정, 타켓팅, 크리에이티브전략, 매체전략, 프로모션 전략, 캠페인평가 등을 다루어본다. 최종적으로 옥외광고효과를 높일 수 있는 장소를 기반으로한 디지털 사이니지 매체를 개발하여 본다.",
APR1025,여론과트렌드,,전공핵심,2,,글로벌전략커뮤니케이션전공,이 과목은 여론의 트렌드와 과정에 관련된 이론적인 관점과 사회적인 이슈에 관한 것이다.,
APR1027,데이터애널리틱스,,전공심화,3,,신산업소프트웨어전공,"데이터 사이언스는 데이터로부터 지식과 통찰을 추출하기 위한 과정 및 체계에 관해 연구하는 다학제적 분야.
최근 들어 데이터 사이언스에 대한 학문적, m산업적 관심을 가히 폭발적이라 할 수 있는데, 이와 함께 광고홍보학 분야에서도 데이터 사이언티스트에 대한 산업적 수요도 증가.
- 데이터 사이언스 분야에서의 통계처리 능력은 광고/PR 실무자가 반드시 갖추어야 할 필수적 소양임.
- 이 과목에서는 향후 데이터 분석가의 소양을 쌓는데 필요한 기초적인 통계의 개념과 데이터 분석의 실제적 측면, 즉 통계에 대한 기본적인 이해와 컴퓨터 통계 프로그램을 이용한 자료 분석방법, 결과의 해석 등을 중점적으로 다룸.",
APR1036,디지털광고실습,,전공심화,4,,광고홍보학과,"본 강의는 급변하는 디지털 미디어 환경에서 인터랙티브 광고의 이론과 실제를 다룹니다. 전통적인 광고와 차별화되는 인터랙티브 광고의 특성을 이해하고, 소비자와의 쌍방향 커뮤니케이션을 통한 효과적인 광고 전략 수립 방안을 학습합니다.
인터랙티브 광고의 기본 개념과 발전 과정
디지털 미디어 환경과 소비자 행동의 변화
주요 인터랙티브 광고 플랫폼의 특성과 활용 방안
인터랙티브 광고 전략 수립과 크리에이티브 개발
인터랙티브 광고 캠페인 기획 및 수행",
APR1037,전략적커뮤니케이션,3,전공기초,1,2,100,,
APR1038,크리에이티브디자인,3,전공기초,1,2,100,,
APR2013,광고원론,3,전공기초,1,1,광고홍보학과,"본 강의는 광고판촉의 기초이론과 실제를 현대사회의 경제, 사회, 매스컴체제와 관련하여 알아보고자 한다. 특히 광고의 역사적 발전과정과 사회적, 경제적, 문화적 역할을 고찰하고 광고기획, 제작, 조사, 매체 등 구성개념을 강의함으로써 광고학의 기본 원리를 이해하도록 한다. 나아가 광고의 창작 및 표현과정에 대한 이론과 개념을 학습하고 실제 IC-PBL을 통해 프로젝트를 분석 및 발표함으로써, 광고 전반에 대한 이해와 실무적 역량을 증진하는 것이 본 수업의 목표이다.

** 2024년도 1학기 광고원론 수업은 IC-PBL을 병행하여 실제 광고대행사와 함께 실무에서 진행되는 광고 프로젝트를 기획함",
APR2014,홍보원론,3,전공기초,1,1,광고홍보학과,"현대 사회에서 PR의 발전은 눈부시다. 정부와 기업, 단체 할 것 없이 공중을 상대로 하는 모든 조직체는 이제 PR 없이 존재하기 힘들다. 조직체들이 다양한 공중과의 장기적인 우호 관계를 가지기 위해 노력하는 것이 PR이라고 본다면 PR은 어쩌면 인류 발달사의 중요한 부분일 것이다. 전 세계가 하나 되는 세계화, 다매체 다채널, 소셜미디어를 포함하는 뉴미디어의 폭발적인 성장 등과 같은 결정적 요인들이 PR의 폭발적인 발달의 원인이 되고 있다. 이러한 배경에서 PR에 대한 근본적인 정의를 확립하고 자신의 개념을 확립시키는 것이 무엇보다 중요하다. PR에 대한 다양한 정의와 사례를 접하는 기회를 제공하려 한다. 이를 바탕으로 다가오는 미래에 PR전문가로서 유연한 사고를 가지고 다양한 업무를 효율적으로 해결 할 수 있을 것이다. 또한 PR에 대한 흥미를 가지고 자신만의 고유 영역에 대한 개념을 정립하기를 바란다. ",
APR2015,이노베이션마케팅,,전공핵심,3,,광고홍보학과,"이 과목은 학생들이 창의적, 혁신적 사고를 통해 문제 해결능력을 키우는 것을 가장 큰 목표로 한다. 이를 위해 창의성, 혁신, 디자인 사고, bio-mimicry등 혁신적 마케팅을 위한 개념, 이론, 케이스들을 다루며 사회변화의 방향과 트렌드를 읽을 수 있는 자료를 읽고 토론하는 과정을 통해 혁신의 가능성을 실습하는 것을 목표로 한다. 매주 한 시간은 강의위주의 수업이 진행되고 매주 두 시간은 학생이 주도하는 발표와 class discussion, PBL 실습, guest lecture등으로 진행된다.",
APR2023,전략적기획론,,전공핵심,2,,광고홍보학과,"""캠페인 기획능력을 키우는 가장 좋은 방법은 무엇일까요?
제 생각은, ˂직접 캠페인을 기획해 보는 것˃입니다""
-이 강의는 25년차 현업 Campaign Director(광고기획과 제작, 매체를 총괄하는 역할)와 함께 하는
'실전에 필요한, 높은 수준의 ˂필수 기초능력 & 핵심 역량˃'증대에 초점을 맞춘 강의입니다
-먼저, '전략적 캠페인 기획'에 관한 주요한 이론과 핵심개념을 배우게 됩니다.
그리고 이해를 돕고 현업의 생생한 인사이트를 전달하기 위해 제가 진행했던, 혹은 현재 진행중인 현업의
실제 사례(어디서도 볼 수 없는^^ 실제 프로젝트의 배경, OT, 준비과정, 최종 기획서 등)를 소개해 드립니다
그리고 무엇보다 중요한 ""실제와 최대한 흡사한 ˂실습˃""을 통해 여러분의 ˂(현업에서 인정하는 수준의)
능력 향상과 역량 성장˃을 목표로 하는 강의입니다 -'캠페인 기획 실습'은 총 2회를 진행할 계획입니다
-한 회차는 제가 연을 맺고 있는, 혹은 맺은 적이 있는 여러 업종의 회사/브랜드 중 여러분이 타겟그룹이거나 여러분들이 관심있어 할 회사의 브랜드
(ex. 풀무원, 세이브더칠드런 등)를 이 수업에 초대할 계획입니다. 각 회사의 담당자들이 '브랜드/제품에 대한 고민과 과제'를 여러분에게 내 드리고,
각 팀은 각각의 브랜드와 매칭되게 됩니다. 여러분은 저에게 배운것과 여러분이 스스로 찾고 생각하고 다듬은 것들을 바탕으로
해당 브랜드를 위한 ""New 브랜드 캠페인""을 직접 설계하고 만들게 됩니다.
-한 회차는 여러분이 직접 '도와주고 싶은 혹은 꼭 해 보고 싶은 브랜드'를 직접 찾아온 후 역시 마찬가지로 해당 브랜드를 위한 ""New 브랜드 캠페인""을 직접 설계하고 만들게 됩니다.",
APR2024,크리에이티브에드버타이징카피라이팅,,전공핵심,2,,광고홍보학과,"'Creative'는 광고인으로서 꼭 필요한 자질 중 하나이다. 본 교과목은 카피라이팅에 필요한 기법 뿐만 아니라 광고인으로서 꼭 필요한 자질인 '창의성'에 대해 배우고자 한다. 인문학적 접근과 광고 캠페인 사례 분석 및 누구나 쉽게 배울 수 있는 기초적인 카피라이팅 실습을 통해 광고 크리에이티브에 대한 접근을 도우며 창의성은 무엇이며, 어떻게 키워나갈 수 있는지를 함께 연구해 보고자 한다",
APR3005,디지털뉴스라이팅,,전공핵심,2,,광고홍보학과,"본 수업은 IC_PBL로 진행됩니다. 우리는 미디어를 통해 정보를 습득하거나 서로 소통하면서 살아간다. 미디어가 없다면 우리가 살아가고 있는 문명사회는 유지될 수 없다. 미디어 학자 마샬 맥루한은 그 시대의 지배적인 미디어가 문명의 성격을 바꾼다고 하였다. 많은 미디어 중에서도 특히 뉴스가 개인 및 사회에 끼치는 영향력은 막대하다. 오늘날처럼 많은 뉴스를 이용한 적은 없었다. 스마트폰과 소셜미디어를 기반으로 디지털 미디어 환경은 우리를 뉴스의 홍수 속에 살게 만들었다. 과거처럼 아침 신문과 저녁 방송 뉴스를 기다리는 것이 아니라 언제 어디서나 디지털 미디어인 스마트폰으로 뉴스를 이용할 수 있게 되었다. 궁금한 정보와 뉴스는 어디에서나 즉시 확인할 수 있다. 뉴스를 생산하는 주체와 내용은 폭발적으로 증가하였고 그만큼 뉴스가 우리에게 끼치는 영향력은 더욱 커졌다. 하지만 뉴스는 사실만 보도하는 것이 아니다. 뉴스에는 사건이나 이슈를 바라보는 관점과 태도가 스며 있다. 디지털 뉴스라이팅을 통해 뉴스라이팅의 기본 원리를 이해하고 생산자와 수용자 입장에서 접근해보고자 한다. 또한 실제 문제 해결을 통해 자신만의 시각을 기르고 전문인으로서 자질을 함양하길 바란다.
급변하는 미디어 환경 속에서 디지털 미디어를 통해 생산되는 디지털 뉴스의 과정에 대한 이해도 향상 및 다양한 형식에 대한 이해
다양한 산업 분야별 실제 현장에서 발생하는 디지털 뉴스를 분석하고 이를 바탕으로 기본보도자료 작성, 인터뷰 등의 과정을 통해 뉴스 생산자로서 소양을 연마
현재 우리가 속해 있는 사회 내 다양한 조직이 뉴스의 생산 및 소비 과정에서 어떻게 커뮤니케이션 하는지를 이해하고 다양한 방식의 디지털 뉴스 관련 자료를 이해하고 생산",
APR3018,디지털페르소나,,전공핵심,3,,광고홍보학과,"이 과목은 정보화 시대에 걸맞는 공적 자아를 형성, 발전, 강화, 유지하는데 필요한 커뮤니케이션 능력과 관련되어 있다. 다양한 커뮤니케이션 능력에 대한 개념 이해, 자신의 현 위치에 대한 진단, 그리고 자신의 커뮤니케이션 능력 향상에 대한 구체적인 방법론을 모색하는 다각적인 접근이 포함된 과목이다.",
APR3025,사회마케팅,,전공심화,4,,글로벌전략커뮤니케이션전공,"소셜 마케팅(Social Marketing)은 다양한 분야(광고, 홍보, 공중 보건 및 건강 커뮤니케이션, 마케팅, 사회 심리학 등)의 개념과 도구를 사용하여 개인의 친사회적 및 건강 행동을 촉진하는 것을 말한다. 그것은 삶의 질을 향상시키고 긍정적인 방식으로 행동과 사회적 변화를 초래하는 전략의 적용이다. 소셜 마케팅 접근법은 커뮤니케이션 캠페인보다 행동을 더 효과적으로 바꾸는 경우가 많기 때문에 관심이 높아지고 있다.",
APR3026,헬스커뮤니케이션,,전공심화,3,,광고홍보학과,"최근 '건강(Health)'에 대한 관심이 높아지면서, ""건강한 세상을 만드는 건강한 커뮤니케이션""으로서 헬스 커뮤니케이션(Health Communication)에 대한 관심도 크게 증가하고 있다. 헬스 커뮤니케이션은 인간의 건강과 생명을 다룬다는 점에서 근본적으로 공익적 가치를 가진다. 동시에 상업적 관점에서 '건강'은 매력적인 산업분야이자 치열한 마케팅 영역이기도 하다. 수업은 다양한 영역에서 전개되고 있는 공익적, 혹은 상업적 목적의 헬스 커뮤니케이션 사례와 전략에 대해 학습하고 토론하고 실제 기획하고 실습해 보는 자리가 될 것이다. 이를 통해 건강이슈가 개인, 집단, 대중, 미디어 또는 국가 정책에 어떻게 영향을 주고 받는 지를 이해할 수 있다.",
APR3031,AD/PR과사회,,전공핵심,3,,글로벌전략커뮤니케이션전공,"이 코스는 광고와 홍보라는 설득력 있는 미디어 직업에서 사회적 책임의 역사와 의미를 탐구할 것입니다. 다루는 주제는 다음과 같습니다: 기업의 사회적 책임(CSR) 개념의 역사, 사람들의 세계관과 행동을 형성하고 영향을 미치는 광고와 홍보의 역할, 대중 매체에서의 권력, 미디어 통제와 검열에서의 광고의 역할, 전문적 설득의 윤리와 효과 정치적, 경제적 힘이 미디어 직업에 미치는 영향; 그리고 광고와 홍보에서 논란이 되는 다양한 사회적 이슈들.필요한 독서는 대중 통신, 사회학, 역사, 사회 심리학, 도덕 철학, 정치학, 인터넷 연구 등 다양한 학문적 관심사를 다룰 것입니다.",
APR3036,광고홍보캡스톤디자인1,,전공심화,3,,광고홍보학과,"2024년 1학기 광고홍보캡스톤디자인 1 수업은 한국광고총연합회에서 주최하는 전국대학생 산학연계 광고창작경연 대회인 KOSAC에 참가하여 주어진 과제에 대한 분석, 기획 및 실행 전략을 제안하게 되며 이를 통해 전략적 사고, 문제해결능력 함양 등 광고/홍보 전문가로서 갖추어야 할 필수 자질을 경험하게 된다. 또한, 이 과목에서 완성한 결과물은 학기말 교내 산학협력 경쟁 프리젠테이션에서 발표/출품된다.",
APR3039,위기와재난대응커뮤니케이션,,전공핵심,3,,광고홍보학과,"이 수업은 위기관리커뮤니케이션의 개념을 이해하고, 이해한 개념들을 바탕으로 실제적으로 위기관리커뮤니케이션 전략을 시행해보고자 한다.
이 수업은 수업 도중에는 일체의 전자기기(스마트폰, 탭, 패드, 랩탑 컴퓨터 등) 사용을 금지합니다.",
APR3040,AD&PR프로젝트,,전공핵심,3,,광고홍보학과,"이 과목의 수업목표는 광고와 홍보의 이론, 실무 및 현황 등 다양한 과제와 문제에 대하여 학생들이 토론하고 연구하여 광고홍보전공학생들이 광고와 홍보에 대한 지식을 검토하고 정리하는 데 있다.",
APR3041,디지털미디어광고제작,,전공심화,4,,글로벌전략커뮤니케이션전공,"디지털미디어 광고제작 수업은 광고 중에서도 특히 영상컨텐츠 중심으로 기획하고 직접 제작해 보는 수업이다.
갈 수록 영상물의 중요도가 높아지는 시대에 기초적 이론과 다양한 실습을 통해 디지털 시대 광고제작의 다양한 접근 방식을 경험해 본다
다변화, 다양화 되어가는 미디어 환경에 대응할 수 있는 예비 광고인의 기본기를 다져본다.",
APR3043,혁신적사고와기업가정신,,전공핵심,3,,광고홍보학과,"기업가정신을 실천한 창업사례 분석을 통해 기업가정신에 대한 정의와 가치 그리고 기업가적 역량을 배우고 이를 기반으로 아이디어발굴이라는 과정을 하나의 프로젝트로 수행토록 하여 모의 창업안 작성을 완성한다. 매주 1시간은 팀별 창업계획안 구성미팅, 교수와의 컨설팅 시간으로 활용되고 2시간은 발제와 토의 및 PBL 활동으로 구성된다.",
APR3044,심화데이터애널리틱스,,전공심화,3,,광고홍보학과,"기초적인 통계 개념을 이해하고, 실제 통계 분석을 통하여 광고/PR기획에 적용해 보고자 한다.",
APR3045,창업과비즈니스모델혁신,,전공핵심,3,,광고홍보학과,비즈니스 모델 혁신은 지속가능한 성장 및 스타트업의 성패를 가르는 가장 중요한 혁신요소중 하나이다. 이 과목에서는 비즈니스 모델의 개념 및 다양한 비즈니스 모델 사례분석을 통해 지속가능한 수익구조 기반 창업안을 완성하는 것을 목표로 한다.,
APR3046,스타트업비지니스프랙티컴,,전공심화,3,,광고홍보학과,"본 과목은 창업가로서 가져야할 마인드인 ‘기업가 정신’을 함양하여, 실제 창업과 관련된 도전을 할 수 있도록 학생의 창업역량을 강화하는 것을 목표로 한다. 학생들 스스로 창업가 정신이 무엇인지 자발적으로 습득하여, 현존하는 다양한 문제들에 대한 자신들만의 해결책을 제시하고, 실제 이러한 해결책이 창업으로 이어질 수 있도록 다양한 교육들이 제공된다.",
APR3047,스타트업비지니스프랙티컴2,,전공심화,3,,광고홍보학과,"본 과목은 창업가로서 가져야할 마인드인 ‘기업가 정신’을 함양하여, 실제 창업과 관련된 도전을 할 수 있도록 학생의 창업역량을 강화하는 것을 목표로 한다. 학생들 스스로 창업가 정신이 무엇인지 자발적으로 습득하여, 현존하는 다양한 문제들에 대한 자신들만의 해결책을 제시하고, 실제 이러한 해결책이 창업으로 이어질 수 있도록 다양한 교육들이 제공된다.
추가적으로 대학생이 참여할 수 있는 다양한 창업지원사업 및 창업 경진대회 정보 및 지원을 위한 사업계획서 작성에 대한 방법을 교육시킨다. 창업 뿐 아니라 취업을 위한 기본적인 소양을 익힐 수 있는 내용으로 구성된다.",
APR4035,데이터드리븐디지털마케팅,,전공심화,4,,광고홍보학과,"학생은 디지털 마케팅, 데이터 분석, 인사이트 발굴, 성과 최적화에 대한 이해도를 높이며, 개인의 능력과 주어진 솔루션 활용하여 문제를 해결합니다. 적극적이고 주체적인 개인활동 및 팀 커뮤니케이션이 매우 요구되는 강의입니다.",
ARD4007,동양건축사,,전공핵심,3,,건축학전공,"동아시아 국가들이 공유하고 있는 건축, 도시, 주거, 조경의 전통을 규명하고, 그것이 근대화 과정에서 어떤 역할을 했는지를 탐구하고자 한다. 그리고 지역적인 차이점이 존재한다면, 그 원인을 찾아서 규명하고자 한다. 이를 통해 본 강의는 동아시아 건축을 특징짓는 주요 원칙들을 찾아내서 현재의 디자인에 반영하고자 한다.",
ARD4056,근대건축사,,전공핵심,3,,건축학전공,"18세기 중반 이후 근대 건축의 역사와 이론을 다룬다. 근대 건축의 바탕이 된 역사, 문화 조건을 살피고, 단순히 시대순에 따라 건축물이나 사건을 나열하기보다 오늘 우리 관점에서 여전히 가치 있고 흥미로운 근대 건축의 다양한 행위자와 프로젝트를 다룬다. 근대 건축의 다양한 이론과 실천 작업을 구체적으로 이해하고, 비판적으로 질문하며, 생산적으로 재구축할 수 있는 개념 틀을 고민한다.",
ARE1002,건축제도,3,전공기초,1,1,건축학전공,본 수업은 건축 설계 과정에 있어서 기초가 되는 도면표현에 관한 전반적인 지식의 함양을 목표로 둔다. 건축제도를 위한 이론 강의와 설계 실습 및 주별 연습과제로 이루어진다.,
ARE1007,건축개론,3,전공기초,1,1,건축학전공,"건축학 개론은 2개 그룹으로 반을 나누어 중간시험을 전후로 하여 건축학, 건축공학을 각각 8주씩 강의합니다. 학생들이 건축학과 건축공학을 모두 배울 수 있도록 합니다. 
건축학은 건축의 가장 기본적인 요소인 기능, 구축, 형태, 공간, 도시에 대하여 주별로 설명하고 이를 직접 표현해 봄으로 건축에 대한 기본적인 지식을 배웁니다.  
건축공학과의 전문과목 담당교수들이 건축의 여러분야에 관한 강의와 상호 연관성을 윤강으로 학생들에게 건축에 관한 이해를 할 수 있도록 이끈다. 
",
ARE1018,건축구조재료실험,,전공핵심,1,,지속가능건축융합전공,"건축구조물을 구성하는 구조재료 및 마감재료의 물리·화학적 특성을 이론 강의와 함께 실험실습을 통하여 체험하며, 대표적인 구조재료인 콘크리트와 철근을 사용한 철근콘크리트 구조부재의 구조거동실험을 통하여 사용재료가 구조부재의 거동에 미치는 영향을 실험을 실험적으로 규명하는 과정을 실습한다. IC-PBL M 유형으로 철근콘크리트 구조물의 구조부재의 경량화를 통해 구조물의 자중을 줄이는 문제를 학생들이 팀 작업을 통해 해결하고 시작품제작과 발표를 실시한다.",
ARE1037,철근콘크리트구조설계2,,전공심화,4,,건축공학전공,"본 수업의 목표는 철근콘크리트 건축물의 상세한 설계 이론과 적용을 이해하는 것입니다. 따라서 학생들은 철근콘크리트 건축물의 내진설계를 포함한 상세한 설계과정 및 실재 사례를 이해할 수 있습니다.
강의 주제는 철근콘크리트 건축물 설계에 필요한 보, 기둥, 벽체, 슬래브, 기초, 단차, 비틀림 등의 구조적 거동 파악 등을 포함합니다. 또한 기존 철근콘크리트 건축물의 내진성능뿐만 아니라 철근콘크리트 구조시스템의 내진설계 방법도 포함됩니다.",
ARE1053,건축캡스톤디자인2(종합),,전공심화,4,,건축공학전공,건축캡스톤디자인2는 건축캡스톤디자인 1에서 수행한 과제의 발전 심화 교과목으로서 각 전공별로 주제를 정하여 실시,
ARE1055,건축표현기법1,3,전공기초,1,1,200,,200
ARE1060,건축공학기초설계,3,전공기초,1,1,건축공학전공,,
ARE1061,건축공학설계1,3,전공핵심,1,2,건축공학전공,,
ARE1063,건축학개론,3,전공핵심,1,1,건축학전공,"건축학은 개론은 건축학의 입문 수업으로써 각각의 전공과 연구분야다 다르신 교수님들이 옴니버스로 강의하시는 과목입니다. 

",200
ARE1064,건축기본설계1,3,전공핵심,1,1,건축학전공,"건축설계 1은 ‘공간, 형태, 구조의 탐색’을 주제로 하며, 건축적 사고의 기초를 형성하는 것을 목표로 한다. 학생들은 세 개의 과제를 통해 공간과 형태를 분석하고 구조적 관계를 탐구하며, 건축적 개념을 구체화한다. 또한, 모델 제작과 표현 기법을 익혀 아이디어를 효과적으로 구현하고 전달하는 능력을 기른다. 이를 통해 건축이 인간의 경험과 어떻게 연결되는지를 이해하고, 창의적이고 논리적인 공간 구성을 위한 기초를 다진다.",200
ARE1065,건축기본설계2,6,전공기초,1,2,200,,200
ARE2001,건축설계1,,전공핵심,2,,건축학전공,"건축설계1 수업에서는 주거공간 설계를 주제로 하여 프로젝트를 진행한다.
건축선례를 분석하는 것을 시작으로 주거 건축의 기본지식을 쌓는다.
- 대상지 답사 및 분석을 통해 대지의 물리적 조건과 건축의 관계를 이해한다.
- 분석적 다이어그램으로 건축 개념을 표현하는 방법을 습득한다.
- 추상적 아이디어를 공간화하며 자신이 표현하고자하는 형태와 공간이 건축요소로 표현될 수 있도록 한다.
- 다이어그램, 도면, 모형으로 만들어 건축형태와 구조를 이해할 수 있도록 한다.",
ARE2002,건축설계2,,전공핵심,2,,건축학전공,"건축설계2 수업에서는 Working Space(업무 공간) 설계를 주제로 하여 프로젝트를 진행한다.
건축선례를 분석하는 것을 시작으로 업무 공간 설계의 기본 지식을 쌓고, 건축의 수직젖 공간 구성에 대해 공부해 본다.
- 대상지 답사 및 분석을 통해 대지의 물리적 조건과 건축과의 관계를 이해한다.
- 분석적 다이어그램으로 건축 개념을 표현하는 방법을 습득한다.
- 추상적 아이디어를 공간화하며 자신이 표현하고자 하는 형태와 공간이 건축요소로 표현될 수 있도록 한다
- 다이어그램, 도면, 모형으로 만들어 건축 형태와 구조를 이해할 수 있도록 한다.",
ARE2008,건축CAD,,전공핵심,2,,건축공학전공,"건축가들은 기술을 근거로 공간의 지향점을 표현하였다. 특히나 현대에 이르러선 디지털 테크놀러지가 건축공간에 많은 영향을 미치고 있으며 이미 세계화된 건축시장을 고려할때 건축 캐드의 사용은 필수 불가결해 보인다.
본 교과목은 건축가 혹은 건축물 사용자에게 디지털 테크놀러지 발전에 따른 형태, 기능을 포함한 미학적 표현을 가능하게 하는 건축캐드 사용의 이론적 실무적 저변을 제공하고자 함에 있다.",
ARE2009,건축환경계획론,,전공핵심,2,,건축학전공,"본 교과목의 목표는 건축학 전공과정에 입문하는 학생들이 건물의 초기 설계 단계에서 쾌적한 실내환경을 창출하고 에너지 절약적인 건축을 계획하는데 필요한 기본 이론과 기술을 터득하는데 있다. 본 교과목에서 다루는 주된 내용은 건물 내·외부의 건축환경 요소인 열, 음, 빛, 공기의 물리적 거동 및 인체에 대한 영향 등에 관한 이론과 이들 건축환경요소를 건축적으로 조절하는 방법이다. 수업의 진행은 강의실에서의 이론의 이해, 과제를 통한 실습, 현장 견학 등을 통한 교수와의 질의·응답, 인터넷을 통한 정보의 수집 및 분석을 통해 이루어진다.",
ARE2020,건축공학설계,,전공기초,2,,건축공학전공,"건축설계에 관계하는 기본적인 지식을 습득한다. 주거 건물을 기본 도면에서부터 시공도면까지 이해한다.
현대건축설계에서 가장 중요한요소인 친환경건축의 개념 및 필요한요소 기술스터디 및 사례연구등을 통하여 친환경건축의 전반적 이해도를 높힘과 동시에 설계에 적용할 수 있는 능력을 키운다.
설계프로세스를 진행함으로써 현안의 문제에 대한 건축공학적 대안의 마련 및 문제 해결방안의 독창성 및 현실성을 추구하도록 한다.
과제 및 발표를 통하여 결과물 완성도 및 발표(의사전달능력)등 일련의 과정을 효과적으로 전달 /발표할 수있는 능력을 함양한다.
건축의 다양한 분야에서 쓰이는 도면을 읽고 해석하는 능력을 배양한다.",
ARE2065,건축구조의기본,,전공핵심,2,,디자인공학전공,"구조물의 설계는 매우 복합적 과제로서 구조물 및 하중과 재료의 물성에 대한 수학적 모델들을 이용한 계산이 요구되나, 본 교과목을 통해 구조물과 재료에 대한 거동이 최소한의 수학을 바탕으로 직감에 의해 이해 될 수 있다. 본 교과목은 건축분야의 입문 또는 심화된 건축구조분야의 준비과정으로 강의된다.",
ARE2071,BIM통합설계,,전공심화,3,,건축공학전공,"국문 교과목 개요 : 본 과목은 파라메트릭 모델링 이론을 바탕으로 3D 모델링 이론 및 기법을 이해하고 복잡한 기하와 공간관계를 실험하고, 구체화 하고 문서화 하며 건축 및 구조 설계를 BIM platform과 접목하여 통합하는 과정과 기술을 교육 하고자 한다.",
ARE2072,건축재료및구법,,전공핵심,2,,건축학전공,건축 재료별 시공법 학습,
ARE2073,건축표현기법2,,전공핵심,4,,건축학전공,현대건축 실무에서는 건축가의 건축표현 기법의 수준과 그 독창성이 디자인의 질을 평가하는 중요한 척도로서 여겨진다. 이 강좌는 디지털 테크놀로지를 바탕으로 한 현대의 건축표현 기법의 최근의 경향을 이해하고 건축표현기법 1에서 습득한 컴퓨터 베이스의 기본 지식과 기술을 바탕으로 학생들 자신의 고유의 표현기법을 개발할 수 있는 기회를 제공한다.,
ARE2074,디지털모델링2,,전공핵심,3,,건축학전공,디지털 모델링 1에서 이미 습득한 효율적인 3D 모델링 툴인 Rhino의 Plug-in 프로그램들을 배우는 과목이다. Grasshopper와 V-ray를 중심으로 필요에 따라 다른 프로그램들을 습득한다.,
ARE2076,디지털모델링1,3,전공기초,1,2,200,,200
ARE2079,C언어프로그래밍,,전공핵심,2,,건축공학전공,C언어는 마이크로프로세서나 하드웨어 인터페이스 제어 등의 프로그램이 가능한 어셈블리언어수준의 low level 프로그래밍이 가능하다. C언어를 다양한 실습에 의해 학습하고 하드웨어인터페이스에 응용할 수 있도록 함에 그 목적이 있다.,
ARE3003,일반구조,,전공핵심,3,,건축학전공,"일반구조는 건축물을 구성하는 다양한 재료와 부재들의 물리적, 역학적 성질을 바탕으로 건축물의 기능적, 사회적 요구에 맞추어 어떻게 하나의 건축물을 만들어 나아가는가를 공부하는 과목이다.",
ARE3004,건축시공,,전공핵심,1,,지속가능건축융합전공,"본 건축시공 교과목은 건설산업의 국제화 및 개방화에 따라 건설공사 규모가 다양화되고, 초고층화 및 고품질화됨에 따라 건축분야에서 아주 중요한 하드웨어적 기술분야 중의 하나이다. 본 과정에서는 이러한 다양한 건축물을 현장에서 시공하는데 필요한 각종 기술을 단계적으로 학습하여 습득하도록 한다. 수업방법은 우선 그림과 매체를 통하여 건축시공에 대한 기본 개념을 이해하기 쉽도록 이론적 학습을 수행할 예정이며, 공사단계별로 시청각자료(혹은 현장방문) 활용 및 실습(발표 및 토론)을 통하여 향후 현장에서의 적용 및 활용성을 높이도록 진행할 예정이다.",
ARE3005,건축재료,,전공핵심,1,,지능형로봇학과,"건물을 구성하고 있는 재료의 소재별 본질과 성능을 논하고 각각의 용도 및 각 부위의 복합적인 성능을 설명한다. 즉, 목질재료, 석재, 요업계재료, 금속재료, 고분자재료 및 그들의 복합재료 등에 대해 강도, 내화성, 내수성평가를 통한 적재적소의 재료설계법을 강술한다.",
ARE3020,환경친화건축,,전공핵심,4,,건축학전공,기후환경 변화에 대한 국가에서의 대응방안과 건축물이 환경친화적으로 계획될 수 있도록 계획방법을 학습한다.,
ARE3057,건축설계3,,전공핵심,3,,건축학전공,"1,2 학년 과정에서 습득한 설계관련 지식을 좀더 발전시키기 위해서 학기 중 2개의 프로젝트를 통하여 설계능력을 증가시키고 조직적이고 논리적인 사고력을 배양하고 미의식을 향상시킴으로써 종합적인 조형감각을 키우는데 주안점을 둔다.
또한 프로젝트의 테마로써 선정되는 건물유형에 대한 이해를 높여서 향후 실무에 접목할 수 있는 기본지식을 쌓는다.",
ARE3074,구조시스템1,,전공핵심,2,,건축학전공,본 과목은 기본적인 구조의 원리를 이해함으로써 힘의 흐름 및 구조시스템을 이해하고 건축계획 실무에 적용할 수 있는 구조적인 지식함양을 목적으로 한다.,
ARE3077,건축시공및구법,,전공핵심,3,,건축공학전공,"본 강의는 건축공사 현장에서 이루어지는 건축공사 중 골조, 외부마감, 내부마감 등으로 구분하여 각 단계에서 이루어지는 건축공사에 대하여 시공재료, 구성부재, 조립부품을 생산하고 사용하는 원리, 관습, 제한 등을 강론한다. 또한 시공재료 및 건축 폐기물의 재생 가능성과 유해성 및 규제방식을 이해하고, 시공에 필요한 물적, 인적, 기술적 자원을 지역의 특성을 고려하여 효율적으로 운용할 수 있는 시공절차 및 건설관리에 대하여 강론함으로써 건축공학 전공 학생들이 익혀야 할 건축시공 및 구법 분야를 강론한다.",
ARE3078,건축설비시스템,,전공핵심,3,,건축학전공,"건축물에서 설비시스템은 과거의 수동식 설비방식에서부터 최근에는 IOT,SMART 설비까지 건축물의 전반적인 분야에서 그 중요성이 날로 더해가고 있다.
현재의 건축물은 에너지절감과 환경친화적인 건축물의 설계에 대한 요구가 점점 다양해지고 또한 미래에는 지금 보다 더 강화될 것으로 전망된다.
따라서 건축설비시스템 학문중 냉ㆍ난방 및 공기조화 ,정보통신,전기설비,건물자동제어,위생설비,방재 설비등 각종설비분야는 인간이 살아가는데 쾌적하고 편리함 및 안전성을 추구하며 최고의 환경 조건을 조성하는데 꼭 필요한 시설이다.
또한 지구온난화와 인간들의 높은 사회적 변화에 따라 설비적으로는 에너지 절감과 환경친화적인 시스템 연구에 대한 실무와 이론적 고찰이 중요시 되고 있다.",
ARE3079,건축시공및프로젝트관리,,전공핵심,5,,건축학전공,,
ARE4010,건축설비,,전공심화,2,,건축IT융합전공,"본 과목은 공기조화냉난방시스템, 환기시스템, 신재생에너지 등을 포함하는 건축설비 시스템의 기본 구성, 작동 원리 및 디자인 방법을 다룹니다.",
ARE4032,건축과사회,,전공핵심,4,,건축학전공,"인간과 사회 활동의 컨테이너로서 역할을 다하기 위해, 건축은 사회적 행동, 가치, 관습 및 환경과의 관계에 대한 이해를 전제로 수행되어야 한다. 그를 위해 이 수업에서는 물리적 환경과 인간 행동의 관계, 심리학적, 생물학적 이론과 방법론을 논의한다. 클라이언트의 요구 사항, 디자인 의사 결정, 인간 활동 및 건축 형태와의 관계에 대한 분석이 건축 계획 및 적용에 미치는 영향 또한 중요한 수업 내용이다.",
ARE4033,건축법규와제도,,전공핵심,4,,건축학전공,"건축물의 기획업무, 기본설계(계획설계 및 중간설계) 및 실시설계의 모든 과정과
설계된 건물의 공사를 위한 구축 과정 및 건축물이 유지되고 사용되는 동안도 그 사회의 법과 제도에 따라 관리된다.
도시환경, 건축환경을 포함한 인간이 살아가는 모든 환경을 조절하는 사회적인 장치로서 법과 제도의 종류와 세부적인 법규 내용을 전반적으로 이해한다.
사회적인 이슈의 해결을 위해 행정적으로 콘트롤하는 법과 제도의 구체적인 내용은
건축과 도시 환경의 나아갈 방향에 따라 결정되고 조절된다.
건축법규와 제도는 그 세부적인 사항을 법제화하고 제도로 규정한 내용이다.
1. 건축실무에 영향을 미치는 각종 관련제법, 건축사법, 전문 용역과 관련된 규약
및 설계사무실 등 개업 등에 관한 법을 이해하며,
2. 전반적인 법률 사항과 이에 따른 건축사의 법적 책임을 습득하도록 한다.
3. 법규와 제도가 만들어지는 인문,사회적인 배경을 이해하다.
4. 공중보건과 공공의 안전 및 복지, 재산권, 건축법규, 장애자의 접근성을 고려한
건축법 및 지방자치단체의 조례와 규정 등을 해설하고 운용하는 방법을 강의한다.",
ARE4034,건물시스템,,전공핵심,4,,건축학전공,"이 수업은 학생들에게 건설 과정에 필수적으로 고려해야 하는 재료, 설비, 방재, 구조, 환경 시스템 등을 평가, 선정하여 설계에 이용할 수 있도록 하는 것이다. 구조 분야, 환경조절분야, 시공분야 등에 소속된 교과목들의 통합을 전제로 하기 때문에 기술 관련 교과과정의 최종 단계에서 제시된다.",
ARE4055,건축설계5,,전공핵심,4,,건축학전공,"3학년까지의 건축유형별 설계지식과 실습을 위주로 한 교육에서 벗어나보다 넓은 차원, 즉 도시와 지역내에서의 건축을 생각하는 설계개념에 중점을 두고 진행한다. 이는 하나의 건축물에 대한 생각의 차원을 떠나 도시의 사회, 경제, 문화 등 모든 관련 분야와 관련하여 사고하는 훈련을 쌓는다.",
ARE4078,건축실무,,전공핵심,5,,건축학전공,"다양한 조건과 문화 속에서 전개되는 건축사로서의 경쟁력과 책임감 있는 전문용역을 위해 요구되는 전문적 원칙, 프로젝트와 관련된 적절한 지식을 지니도록 한다. 전문 용역에 따른 건축사의 역할과 책임을 이해하며 프로젝트와 관련된 다양한 인간관계의 조정 및 사무실 조직, 경영방법, 재정관리 등에 관해 이해한다. 또한 프로젝트 단계별 도면과 서류의 유형을 이해한다.",
ARE4080,건축설계7,,전공핵심,5,,건축학전공,"학생들의 창의적이고 독립적인 사고를 바탕으로 스스로 설정한 주제를 심화 연구하여 설계로 발전시키는 졸업설계과정이다. 건축설계7은 주로 주제에 관한 연구와 분석을 위주로 개념 도출과 대안제시에 집중하는 전반부와 디자인의 발전단계에서 구축적 대안을 포함하는 기본설계 전체를 다루는 후반부로 구성되며, 건축설계8과 연계해 2학기 까지 연속적으로 진행된다.",
ARE4081,건축설계8,,전공핵심,5,,건축학전공,"학생들의 창의적이고 독립적인 사고를 바탕으로 스스로 설정한 주제를 심화 연구하여 설계로 발전시키는 졸업설계의 두 번째 과정이다. 건축설계7 이 주로 주제에 관한 연구와 분석을 위주로 개념 도출과 대안제시에 집중하며 기본설계의 전반을 다룬다 면, 건축설계8에서는 기본설계를 바탕으로 건축의 구체화과정에 집중하게 된다. 기본설계에서 발전시킨 개념과 형태를 유지발전 시키기 위해 기술적, 개념적인 구축의 가능성을 연구하고 다양한 전문기술 분야의 통합설계를 통해 종합프로젝트로서 갖추어야 할 설계의 전반적 과정을 두루 다루게 된다.",
ARE4102,건축전산구조해석,,전공심화,4,,건축공학전공,건축전산해석에서는 구조물의 구조설계를 위하여 사용되는 여러 가지 구조해석 방법에 대해 다룬다. 변위일치법과 처짐각법을 학습하고 컴퓨터 프로그램에서 사용되는 구조해석 방법인 매트릭스 구조해석을 소개한다.,
ARE4103,건설공정관리론,,전공심화,4,,건축공학전공,"본 교과목에서는 건설 프로젝트 관리의 핵심인 공정계획, 일정계획수립 및 이행에 초점을 두고 있다. 또한 본 교과목 주요내용으로는 공정계획 프로세스, 일정계획 수립 및 관리에 초점을 두고 있다. 또한 실제 건설프로젝트에 이론을 적용함으로써, 공정관리 실무능력 배양에 목적을 두고 있다.",
ARE5028,건축구조시스템,3,전공핵심,1,2,건축공학전공,,
ARE5036,현대건축이론,,전공핵심,5,,건축학전공,"˂현대건축이론˃은 현대 건축의 이론과 실천에서 나타나는 다양한 경향을 밝히고, 주요 건축가와 그들의 작업을 비판적으로 읽는 교과목이다.
1960년대 이후 최근까지 출현한 형식주의, 구조주의, 자기-참조와 자율성, 비판과 탈-비판, 다이어그램, 랜드스케이프, 장(field), 디지털, 객체지향존재론, 인공지능 등 현대 건축의 주요 개념과 담론을 다루고, 관련 건축 프로젝트를 분석, 독해한다.",
ARE5037,건축정보모델링1,,전공핵심,3,,건축학전공,"오늘날 건축은 계획에서부터 설계, 시공, 유지관리까지, 건축물의 생애주기(Life Cycle)동안 디지털(Digital)이라는 요소를 빼놓고 이야기 할 수 없다. 쉽게는 CAD에서부터 3dsMAX, Rhino 최근에는 BIM에 이르기까지 매우 다양한 개념의 디지털 툴들이 건축가의 상상력과 디자인을 마음껏 표현할 수 있도록 도와주고 있다. 본 교과목은 이러한 다양한 디지털 툴들을 이용하여 자신의 디자인을 최대한 효과적으로 표현하고 더 나아가 디지털 디자인이라는 새로운 개념의 디자인 방법을 습득하는데 그 목적이 있다.",
ARE5047,건축학캡스톤디자인1,,전공핵심,4,,건축학전공,하나의 주제를 설정하여 소집단이 토론 형식을 거쳐서 최종 결과물을 만들어내는 과정을 습득한다.,
ARE5048,건축학캡스톤디자인2,,전공핵심,5,,건축학전공,"실무 기업과 연계하여 졸업설계 작품 및 1-4학년에서 수행한 설계프로젝트의 실제 활용성을 검토해보는 과목이다. 세부 연구내용은 아래와 같다.
1. 사회 변화 대응을 위한 사회 인프라 혁신 프로젝트: 전통 의류 시장과 소방서 그리고 학교를 중심으로 - ㈜건축사사무소 예인그룹
2. 박물관유형분석 및 설계 - ㈜지역도시건축사사무소 리플래폼",
ARE6042,건축공학전공연구실심화실습1,,전공심화,3,,건축공학전공,건물 에너지 및 환경/설비 전공과 관련된 연구 및 프로젝트에 참여하여 실습할 수 있습니다.,
ARE6043,건축공학전공연구실심화실습2,,전공심화,3,,건축공학전공,건축공학 재료 및 시공 관련 연구주제를 정하고 실험 및 해석을 통하여 결과 보고서를 작성,
ARE6044,건축공학전공연구실심화실습3,,전공심화,4,,건축공학전공,건축문제를 해결하기 위한 건축재료 및 시공분야의 연구주제 선정 및 해결과정 모색,
ARE6045,건축공학전공연구실심화실습4,,전공심화,4,,건축공학전공,건축재료 시공 관련 졸업 논문 실험 수행,
ARE6046,건축학전공연구실심화실습1,,전공핵심,4,,건축학전공,연구실에서 프로젝트를 같이 진행해보는 수업입니다.,
ARE6048,건축학전공연구실심화실습3,,전공핵심,5,,건축학전공,연구과제 및 현상설계를 같이 해보며 연구실 체험을 하는 과목입니다.,
ARE6049,건축학전공연구실심화실습4,,전공핵심,5,,건축학전공,논문을 마무리하는 작업을 수행하며 데이터 분석 및 결론에 대해 지도한다.,
BAS2001,비즈니스애널리틱스개론,,전공핵심,2,,비즈니스애널리틱스전공,"본 강의는 비즈니스 애널리틱스의 기초에 대한 강의이며, 빅데이터 분석을 위한 개론 과목으로 다양한 통계 방법론을 학습합니다. 또한 실무적 영역 뿐 아니라, 빅데이터가 비즈니스 영역에서 어떠한 형태로 적용되고 활용될 수 있는지, 올바른 빅데이터 분석 계획 수립을 위한 과정은 어떻게 되는지 등 이론적 영역을 포함한 전반적인 빅데이터 분석 영역을 다룰 예정입니다. Python, Ucinet 등 빅데이터 분석에 유용한 툴을 기반으로 실습과 이론을 함께 진행합니다.",
BAS3001,파이낸셜애널리틱스,,전공핵심,3,,비즈니스애널리틱스전공,See the attached syllabus.,
BAS3002,마케팅엔지니어링,,전공핵심,3,,비즈니스애널리틱스전공,이 과목은 학생들에게 마케팅엔지니어링의 기초에 대해 소개한다. 주 학습 목표는 마케팅에 필요한 데이터를 분석할 수 있는 역량을 키우는 것이다.,
BAS3003,오퍼레이션스애널리틱스,,전공핵심,3,,비즈니스애널리틱스전공,"이 과목은 학생들에게 오퍼레이션스 애널리틱스의 기초에 대해 소개한다. 학습 목표는 데이터 분석을 통해 비즈니스 의사결정 문제를 효과적으로 해결하는 방법론을 소개하는 것이다. 불확실성이 존재하는 다양한 비즈니스 환경에서 데이터 애널리틱스를 통해 어떻게 수요와 공급의 불일치 문제를 해결하는지 학습한다. 이 과목을 통해 학생들은 비즈니스 문제를 정의하고, 문제해결 모델을 만들고, 데이터 분석을 통해 보다 나은 의사결정을 하는 방법을 배우게 된다. 또한, 데이터 분석 툴의 기초와 사용법도 학습한다.",
BAS3004,전략적의사결정과빅데이터,,전공핵심,3,,비즈니스애널리틱스전공,"이 과목은 기업 관리자의 관점에서 급변하는 빅데이터 세계와 관련된 다양한 전략적 관리 문제를 다룬다. 비즈니스에서 빅데이터의 분석 수요가 계속 증가함에 따라, 빅데이터 분석능력을 활용하여 보다 나은 및 지속 가능한 전략을 개발할 수 있는 방법에 대한 이해가 관리자들에게 요구된다. 이 과목에서는 빅데이터 시대에서 전략 수립 및 실행에 데이터 분석이 어떻게 적용될 수 있는지를 중점적으로 다루며, 이를 통해 학생들은 미래의 관리자 역할에서 전략적 의사 결정을 강화하기 위한 도구로서 비즈니스 분석 활용 능력과 지식을 습득하게 된다.",
BAS3005,텍스트정보분석,,전공핵심,3,,비즈니스애널리틱스전공,"본 과목은 수강생에게 텍스트 정보 분석에 대한 이론적 기반을 제공하고, 실제 데이터 분석을 통한 실습 경험을 쌓는 수업입니다. 수강생들은 텍스트 정보 분석의 기본 이론과 주요 개념을 학습하며, 실제 트윗 메시지, 뉴스 기사 등 다양한 텍스트 정보 예시를 활용하여 토픽 모델링 및 자연어 처리와 같은 분석 도구로 실습을 수행합니다. 이를 통해 학생들은 상황에 맞는 텍스트 분석 기술을 습득하며, 궁극적으로 개인의 경력 발전을 위한 텍스트 정보 분석 방법론에 대한 기반을 다지게 됩니다",
BAS3006,사회연결망분석:이론과방법,,전공핵심,3,,비즈니스애널리틱스전공,"본 강의는 최근 MIS 분야의 트렌드로 떠오른 사회 연결망 분석에 대한 강좌입니다. 사회 연결망 분석에 대한 이해를 바탕으로 기초 및 심화 분석을 실시할 예정이며, 수강생은 이론 학습 및 실습을 수행하게 됩니다. 사회 연결망 분석의 이론적 기초와 중요 개념 및 데이터 수집, 분석, 시각화 등을 학습하게 됩니다. 또한, 분석된 데이터를 기반으로 새로운 비즈니스 모델 전략 수립을 통하여 비즈니스 역량을 강화하게 될 것입니다.",
BIO1063,면역학실험,,전공핵심,3,,의약생명과학과,"급격한 사회 및 기후 환경 변화에 따른 새로운 질병들이 출현하고 있는 현실 속에서, 이러한 감염성 질병의 예측, 진단 및 치료할 수 있는 산업수요를 반영한 융복합 특성화 교육과정 개발이 필요한 실정이다. 대학생을 위한 강좌의 학습 목표는 다음과 같다.
1. 다양한 샘플에서 세균 감별법 파악
2. 감염생물학분야의 최신 연구 트랜드 및 바이오산업 분야 이해
3. 미생물학 및 면역학 실험을 통하여 다양한 샘플에서 세균 감별 실험 4. 설치류 대상 감염면역학 실험 시스템 이해",
BIO1068,생물산업실무특론,,전공심화,4,,의약생명과학과,바이오 산업에 대한 이해,
BIO2022,세포생물학,,전공핵심,2,,의약생명과학과,"세포생물학은 의약생명과학과 2학년 1학기에 개설되는 과목입니다. 본 과목을 통해서 생명의 현상을 근본적으로 이해하는 능력을 키우고 특히 인간 유전체의 구조와 기능에 대해 이해합니다. 구체적으로는 세포의 형태와 구성 및 기능, 유전체의 구조와 기능, 유전체 복제과 유지 과정에 대해 자세히 강의합니다.
세포생물학 강좌가 ‘유전체’에 촛점이 맞추어져 있는 것처럼, 의약생명과학과 2학년 2학기에 개설되는 분자세포생물학 강좌는 ‘유전자의 발현’ 과정인 유전자 전사와 유전자 번역에 촛점이 맞추어져 있습니다.
세포생물학, 분자세포생물학 모두 Molecular Biology of the Cell의 최신판 (2024 기준 7판)을 교과서로 사용하여 생명과학의 근본적인 지식을 심도있고 체계적으로 설명하고 있습니다. 이와 더불어 최근의 생명과학분야 연구 동향에 대해서도 권위있는 논문자료를 다수 사용하여 알기 쉽게 전달합니다.",
BIO2025,세포생물학실험,,전공핵심,3,,의약생명과학과,"후성유전 조절은 DNA 염기서열을 바꾸지 않으면서 DNA의 메틸화 또는 히스톤 단백질의 화학적 공유결합 변형을 통해 유전자의 발현을 조절할 수 있는 기전이다. 노화는 진행됨에 따라 많은 후성유전적 변화를 동반하게 되는데 대부분 섭취하는 식품이나 다양한 환경적인 원인에 기인하는 경우가 많다. 후성적인 변화는 DNA의 메틸화 또는 히스톤의 공유결합의 변형을 야기하는 후성유전 조절인자에 의해 유도되므로 본 실험실습에서는 이 조절인자의 제거(Direct deletion), 과발현(Overexpression) 그리고 약물(Drug Inhibitor) 처리 등의 기술을 통해 후성유전의 변화에 의해 노화가 조절되는 기전을 살펴본다.",
BIO2042,분자세포생물학,,전공핵심,2,,의약생명과학과,분자세포생물학 강좌에서는 생명현상을 세포 단위로 설명을 할 때 세포 내에서 일어나는 유전자의 발현과정에 대해 집중적으로 강의합니다. 분자생명과학과 2학년 1학기에 개설되는 세포생물학 강좌가 유전자의 구조와 기능에 촛점을 맞추어 설명한다면 분자세포생물학 강좌는 유전자에서 단백질이 만들어지는 과정과 발현이 조절되는 현상에 촛점이 맞추어져 있습니다. 이를 위해서 세계적으로 많이 읽히고 있는 Molecular Biology of the Cell을 교과서로 채택하여 체계적으로 지식를 전달하고 가장 최근의 연구동향에 대해서도 심도있고 알기 쉽게 소개합니다.,
BIO2069,생명유기화학1,,전공핵심,2,,생명나노공학과,"이 교과목은 유기화학이라는 매력적인 학문에 대해 소개한다. 기본적으로 유기화학은 탄소화합물의 화학이다. 우리는 유기화학이 다른 화학영역과 무엇이 다른지 배우게 될 것이다. 이 과정은 유기분자의 구조와 결합에 대한 개념을 소개하는 것에서 시작한다. 그리고 다양한 종류의 유기분자들의 합성과 반응에 대해서 논의할 것이고 입체화학도 이 논의에 포함된다. 이 논의는 알칸, 알켄, 알킨, 할로겐 알켄 그리고 대표적인 유기금속 화합물에 대해 이루어진다. 이런 지식을 바탕으로 생유기화학이나 화학생물학과 같은 생명과 관련된 연구분야에 대한 토의할 기회를 가질 수 있다.유기화학은 우리 일상생활에 접하는 다양한 재료들의 기본이 되면 생체내에의 다양한 생명현상의 기본이 된다. 이런 유용하면서도 기본이 되는 학문에 대한 이해와 다양한 유기분자의 명명법, 특성 그리고 반응성에 대해 배우게 된다.",
BIO2071,생명분석화학1,,전공핵심,2,,생명나노공학과,"생명분석화학은 생명나노공학의 기초가 되는 필수 과정으로, 생체물질 및 화학 물질을 정성 및 정량적으로 분석하기 위한 기본적인 이론들이 소개된다. 분석법의 원리, 방법, 특성과 오차, 그리고 반응의 화학양론적인 계산을 다루며 부피분석, 무게분석, 산-염기 반응의 기초 평형관계 등이 본 강의에서 소개된다.",
BIO2073,생명공업수학1,,전공기초,2,,생명나노공학과,"Ordinary Differential Equations will be introduced. The topic introduced will serve as basic tools for effective understanding of engineering subjects in engineering fields. Students will be able to understand the language and methods of mathematics for the description, analysis and design of engineering systems through this course.",
BIO2076,미생물의기초,,전공핵심,2,,생명나노공학과,"생명나노공학의 주된 연구 및 응용 분야에서 의료 진단 및 치료와 항생제 및 항균제 등의 생체 유용물질의 생산은 빼어 놓을 수 없다. 본 교과목에서는 감염성 질병 및 에이즈와 같은 난치성 질병을 유발시키며, 생명나노공학의 산업응용에서 중요한 역할을 하는 세균, 진균, 바이러스와 같은 미생물의 기초에 관하여 쉽고 재미있게 강의한다.",
BIO2077,생명나노공학입문,,전공핵심,2,,생명나노공학과,본 교과목은 생명나노공학에 적용되는 기본 이론과 이와 관련된 연구분야에 대해서 소개한다. 생명나노공학과 학생들은 2학년 때부터 본격적으로 전공수업을 수강하게 된다. 본 수업 통해 학생들은 생명나노공학의 활용분야에 대한 다양하고 폭넓은 내용을 배우기 때문에 생명나노공학을 전공해야 하는 이유 그리고 생명나노공학과에 개설된 교과목들이 생명나노공학관련 분야와 어떻게 연계가 되는지 어렵지 않게 이해할 수 있다. 따라서 본 교과목은 학생들에게 생명나노공학의 정체성을 확립하는데 큰 도움이 될 것이며 생명나노공학이란 무엇인가에 대한 해답을 제시해줄 것으로 기대한다.,
BIO3010,동물생리학,,전공핵심,2,,의약생명과학과,,
BIO3041,분자생물학실험,,전공핵심,2,,의약생명과학과,"분자생물학실험에서는 DNA, RNA의 추출과 분석, 단백질의 발현을 생화학 및 분자생물학적 실험과 분석 방법을 이용한다. 따라서 본 교과목 운영에서는 유전자의 구조와 특성을 이해하고 유전자의 발현 조절에 대한 기본 개념을 확실히 하고자 한다. 또한 특정 유전자의 발현과 단백질 활성을 확인하는 실험들을 직접 수행하므로 써 실험 및 분석과정 중에서 스스로 문제를 파악하고 해결할 수 있는 능력을 키워 과학적인 탐구를 진행할 수 있는 인재로 교육하도록 한다.",
BIO3084,생체모방공학,,전공심화,4,,생명나노공학과,생체모방공학적 접근방식에 관련된 이론을 배우는 과목,
BIO3104,공학생리학,,전공심화,3,,생명나노공학과,공학도로서 다양한 나노바이오 관련 학습을 위해 알아야 할 인체 생리학의 기본적인 내용을 학습한다.,
BIO3108,나노바이오소재,,전공심화,3,,생명나노공학과,"본 과목은 최근 각광을 받고 있는 바이오 및 임상에 활용될 수 있는 첨단 소재인 다양한 나노바이오소재에 대한 기초지식을 습득하여 이해를 높이고, 나노공학을 기반으로 나노바이오소재 시스템의 공학적 설계방법을 어렵지 않은 접근방식으로 배우고 최신 바이오 응용분야에 어떻게 적용할지에 대한 내용을 탐색하는 것을 목표로 함.",
BIO3109,나노공학실험,,전공핵심,3,,생명나노공학과,"The Nanoengineering experiment course is intended for the junior students in Bionano Engineering department to have hands on research experience in bionano science and engineering. The students will learn about the following topics: (1) Synthesis of Dodecyl Maltoside, (2) Biomimetic Nanoparticle Analysis, (3) Micro/Nanofabrication: BioMEMS and Lab-on-a-Chip, (4) Protein Microarray, (5) Synthesis of Gold Nanoparticles and Their Surface Plasmon Resonance, (6) Functionalization of Nanoparticles, (7) Purification of Proteins Using Polyhistidine Affinity Tags, (8) Introduction to Western blotting, (9) Polymer Synthesis and HPLC-Based Characterization, (10) Synthesis of Carbon Dots, (11) Optical Properties of Carbon Dots, (12) Development of Hydrogel Microwell Array, (13) Glucose Sensor Based on Gold Nanoparticle-Patterned Carbon Nanotube Electrode.",
BIO3110,의약생명과학과연구실심화실습1,,전공심화,3,,의약생명과학과,본 강좌를 통해 일반 실험수업에서 충분치 않았던 생명과학 분여 연구에 대한 실험 기회 를 충분히 갖고 나아가 MCB lab에서 수행하는 특정 프로젝트에도 부분적으로 참여해 봄으로써 심도있는 연구를 수 행하기 위한 전반적인 기초 능력을 배양합니다.,
BIO3111,의약생명과학과연구실심화실습2,,전공심화,3,,의약생명과학과,전공수업에서 배운 이론적 지식을 바탕으로 연구소에서의 과학자로서 수행하게 될 실험 혹은 문제의 해결을 대학원에서 운영중인 각 연구실에서의 활동에 참여하여 경험하는 과정입니다.,
BIO3113,일반데이터사이언스,,전공핵심,3,,의약생명과학과,생물학에서 생산되는 다양한 데이터를 이해하고 데이터과학을 이용한 문제해결 능력을 습득함.,
BIO3114,생명유기분광학,,전공심화,3,,생명나노공학과,"본 강의는 생명유기화학을 전공하는 학생들에게 분광학을 소개하기 위해 개설된 교과목이다. 이 강의의 목적은 이공계 전공자들이 분광법을 통해서 얻어지는 스펙트럼을 이해하고 이에 대한 기본적인 이론 및 개념을 배우게 되어 이론 뿐 아니라 실제 스펙트럼을 해석할 수 있는 능력을 함양하게 된다. 이론에서는 복잡한 수학적 분석이나 지나친 이론에 얽매이지 않고 스텍트럼 해석을 위한 각각의 분광학적 분석법의 중요한 측면들에 집중해서 소개할 것이다. 이 강의는 적외선 분광법 (IR)을 시작으로 해서 질량분석법 (MS), 그리고 핵자기 공명법 (NMR)에 대한 내용을 모두 아우르게 되고 특히 핵자기공명법의 원리와 적용에 대해 집중적으로 배우게 된다. 핵자기 공명법은 분자의 구조를 분석하는 아주 강력한 툴이다.",
BIO3118,생체재료역학,,전공심화,3,,생명나노공학과,"재료역학은 고체가 하중을 받았을 때 발생하는 거동에 대해 연구하는 학문으로, 다양한 공학 분야 전반에 걸쳐 활용되고 있습니다. 본 과목에서는 힘과 모멘트 평형이라는 정역학적 개념에서 출발하여, 응력과 변형률을 이해하고 다양한 하중 조건 하에서 물체의 응력과 변형률을 계산하는 방법을 배우게 됩니다. 본 과목을 통해 재료역학을 생명공학적 관점에서 이해하고 활용하기 위한 기초지식 및 적용 사례를 학습할 수 있어, 향후 다양한 바이오소재 및 바이오메디컬 공학 분야에 응용되는 전문지식을 습득할 수 있습니다.",
BIO4007,생물통계학,,전공심화,2,,의약생명과학과,생물학 실험에서 얻어지는 다양한 자료의 분석에 필요한 적절한 방법론을 공부하고 그 결과를 구현하고 해석하는 것을 다룬다.,
BIO4083,생명나노캡스톤디자인1,,전공핵심,3,,생명나노공학과,"생명나노캡스톤디자인 과목은 생명나노공학과 학생이 그 동안 배온 내용을 바탕으로 하나의 작품을 기획, 설계, 제작하는 전 과정을 경험할 수 있도록 하는 종합설계 과목입니다.",
BIO4084,생명나노캡스톤디자인2,,전공핵심,4,,생명나노공학과,"본 강좌는 여러 명이 조를 나누어 각 교수님의 연구실에서 주어진 시간을 활용하여 진행된다. 연구주제는 생명나노공학프로그램에서 배운 전공주제와 관련이 깊은 내용으로 한다. 지도교수와의 상의를 통해 최종목표 및 중간 수행 단계를 설정한 후 개별적 미팅방식으로 수업을 진행한다. 지도교수는 이 수업에서 이뤄어질 연구 주제선정, 진행, 문제점 파악 및 해결, 성과물의 평가등의 모든 과정을 파악, 점검하여 학생들의 창의력 및 설계능력 배양, 문제 해결능력을 향상시킨다. 또한 학생들의 보고서 작성과 결과발표 등을 지도함으로써 학생들의 발표력과 표현력을 함양토록 한다.",
BIO4085,의약생명과학캡스톤디자인1,,전공심화,3,,의약생명과학과,"분자생명과학부에서 습득한 전문지식을 바탕으로 심도 있는 과제를 단독 또는 공동으로 수행한다. 선정된 지도교수의 지도하에 연구주제 설정, 연구계획 및 수행, 그리고 연구결과의 분석 및 결론에 이르기까지 일련의 연구활동에 직접 참여하도록 하여 연구 경험을 쌓고 탐구 능력을 배양시키는 데 목적을 두고 있다",
BIO4086,의약생명과학캡스톤디자인2,,전공심화,4,,의약생명과학과,"신경과학 전반에 있어서 연구능력 습득을 목표로 하여, 신경연구분야에서 진행중인 연구의 경험을 할 수 있도록 한다.
기업연계 캡스톤디자인으로 진행
프로젝트명: 알츠하이머병 바이오마커 탐지
기업체명: (주)누리 바이오
산업체 담당자: 김태경 이사 (tkkim@nuribio.com)",
BIO4089,센서공학,,전공심화,3,,생명나노공학과,"최근 화학센서와 바이오센서는 의료진단, 환경오염, 식품 판별 등의 분야에 폭넓게 활용되고 있다. 본 과목에서는 다양한 화학/바이오 센서의 기본 원리와 설계 방법 (인식인자, 트랜스듀서 인터페이스, 검출기) 등을 소개하고 의료/환경/식품 분야에서의 다양한 활용 방법 등에 대하여 강의한다. 특히, 의료진단 분야에 상용화된 바이오센서의 종류와 원리, 앞으로의 연구 동향 및 발전 방향 등에 대하여 소개한다.",
BIO4090,나노재료,,전공심화,4,,생명나노공학과,"1. 이 수업은 생명나노공학과 학부생을 대상으로 하는 수업이며 강의식으로 진행됩니다.
2. 원자, 분자, 더 나아가 고체의 구조에 대한 이해를 바탕으로 다양한 종류의 나노재료가 가지는 특성 및 응용분야를 살펴봅니다.
3. 나노재료를 연구하는데 사용되는 몇몇 분석기기에 대한 설명도 추가될 수 있습니다.",
BIO4103,생명과학연구론,,전공심화,4,,의약생명과학과,"현대 생명과학의 눈부신 발전으로 인해, 과거에 풀지 못했던 많은 범죄사건 (cold case)을 해결하여 범인을 특정하고 사건을 해결하는 일이 가능하게 됨. 따라서, 이 과목에서는 이러한 다양한 케이스를 바탕으로, 생명과학의 이론에 근거하여, 현재에도 그 실마리를 풀지 못한 몇 가지 사건들을 되돌아보고, 실제 해결이 된 사건과 아직 사건의 실마리를 해결하지 못한 사건들을 비교하여, 학생들의 새로운 시각에서, 사건들을 해결에 보는 시간을 갖는 것을 그 목표로 함. 또한, 미국 CBS 방송사의 대표 TV series인 콜드케이스 및 CSI등을 시청각 교재로 활용하여, 특정사건에 사용된 실험방법들의 종류 및 근거를 연구하고 실제 적용가능성에 대해, 그룹간의 토의를 통해 의견을 수립함. 나아가, 현재 수행되고 있는 다양한 연구자들의 연구등과 비교를 통해 연구자로서의 장래에 대한 긍정적인 사고를 도출하고자 함.",
BIO4108,생명나노공학과연구실심화실습3,,전공심화,4,,생명나노공학과,담당 연구지도교수의 승인을 받아 바이오나노학과 대학원 연구실에서 수행하는 연구에 참여하여 관련 지식을 습득함.,
BNG3015,재료공학개론,,전공핵심,3,,생명나노공학과,"1. 이 수업은 생명나노공학과 학부생을 대상으로 하는 수업이며 강의식으로 진행됩니다.
2. 여러 공학/산업 분야에서 사용되는 다양한 종류의 재료들이 가지는 구조적, 물리적, 화학적 특성 및 그와 관련된 기본 원리 등을 다룹니다.",
BUS1005,경영통계분석1,3,전공기초,1,1,경영학부,"기본적인 통계학 이론을 학습하고, 이를 기반으로 통계적 추론(가설검정과 추정)에 대해 이해한다. 그리고 실제 자료에 대한 분석 결과(SPSS 분석 결과물)를 해석할 수 있는 능력을 키운다.",
BUS1008,경영통계분석2,,전공기초,2,,비즈니스애널리틱스전공,"경영현상을 분석하고 대안을 개발하는데 필요한 다양한 통계적 분석기법에 대해 이해하는데 강의의 목표를 두고 있다. ANOVA, Regression, Forecasting, Nonparametic, Statistic 등에 대한기법 들을 배우게 된다.",
BUS1010,회계정보의이해,3,전공기초,1,1,경영학부,"※ 수업운영에 관한 안내: 본 강좌는 수업 내의 모든 세션이 오직 영어로만 진행되는 영어전용강좌입니다.

■ 교과목개요: 회계학에 관한 학습은 일반적으로 본 과정인 '회계정보의이해'와 함께 시작됩니다. 본 강좌는 회계분야에서의 학습을 시작하고자하는 학생들을 위한 입문과정입니다. 본 강좌는 주로 재무회계 개념과 재무보고 원리에 관한 사항들에 집중합니다.",
BUS1012,중급회계2,,전공핵심,2,,보험계리학과,"본 수업에서는 중급회계 1에 이어서, 기업 재무회계의 이론적 구조를 이해하고 재무회계와 관련하여 실무해결능력을 갖출 수 있도록 한국채택국제회계기준(K-IFRS)의 내용, 이론적 배경 및 구체적 응용사례를 학습한다. 더불어 원가회계의 기본 개념을 소개하고 원가의 분류와 흐름에 대해서 학습한다. 구체적으로, 무형자산, 금융자산과 금융부채 및 충당부채와 기타부채의 회계처리에 관한 내용을 학습하며 원가의 개념과 분류, 원가의 흐름과 추정에 관한 내용을 학습한다.",
BUS2002,계량경영,,전공핵심,2,,비즈니스애널리틱스전공,"경제 및 경영이론 전개에 필요한 수학을 다루는데, 주된 내용으로는 수학의 기초 개념인 집합, 함수로부터 행렬, 미분법, 편미분법, 벡타, 선형변환을 미,적분 분야에서는 실함수의 미적분, Taylor 전개등을 그 중심내용으로 한다.",
BUS2003,마케팅관리,,전공핵심,2,,회계세무학과,오늘날 급변하는 환경속에서 기업이 추구하는 여러 목표를 달성하기 위하여 적극적이고 효율적인 전략을 수립하고 이를 추진하기 위하여 마케팅의 올바른 개념을 정립하고 그게 따른 마케팅 분석을 통한 전략을 수립하는 과정을 학습하고자 한다.,
BUS2018,기술경영,,전공핵심,4,,산업경영공학과,"공학도들이 기업의 CEO, 나아가 사회의 지도자가 되기 위해서 다양한 경영기능과 역할을 이해하고 실행할 수 있는 다기능 경영자가 되어야 한다. 이를 위해 본 강의에서는 산업구조와 기업구조, 경영조직의 구조와 설계, 경영전략의 분석과 기획, 경영프로젝트의 개발과 통제, 재무제표와 재무분석, 인적경영자산의 관리, 지적 경영자산의 관리 등을 학습한다.",
BUS2023,경영자료분석,,전공핵심,2,,경영학부,"4차산업혁명시대에 비즈니스 애널리틱스는 기업경영에 필수적인 업무가 되었다. 본 수업에서는 비즈니스 애널리틱스의 기초 지식으로 요구되는 경영자료분석 방법을 다루게 된다. 학생들은 R을 사용하여 데이터 랭글링, 데이터시각화, 데이터마이닝, 시계열분석 등 경영자료분석 기법을 배우고 실습하게 된다. 학생들은 기업이 당면할 수 있는 다양한 도전과제의 해결과정을 경험하여 비즈니스 애널리틱스 전문가로서의 기초를 다질 수 있다.",
BUS2038,글로벌비지니스커뮤니케이션,,전공심화,2,,경영학부,"본 과목은 경영자로서의 효과적인 커뮤니케이션을 위한 능력배양을 목적으로 하며, 다음의 내용을 주된 교육 내용으로 한다.
1. 커뮤니케이션의 기본지식의 이해
2. 회의진행 방법
3. 인터뷰진행방법
4. 관리자로서의 대화 방법
5. 프리젠테이션 방법
본 과목은 다음의 다양한 교육방법을 통하여 교육효과를 극대화한다.
1. 자기의 커뮤니케이션 스타일 분석
2. 회의진행, 인터뷰진행 및 프리젠테이션의 실제연습
3. 사례분석 및 토론",
BUS3002,재무관리,,전공핵심,2,,보험계리학과,기업경영자로서 필수적인 자금의 조달과 운용에 관한 합리적이고 체계적인 관리 기법을 익히는 학문으로 투자론과 기업재무론의 기초과목의 역할을 한다. 우선 화폐의 시간 가치와 위험분석을 기본적인 방법으로 각종 증권의 분석과 자본예산등에 관한 제반 이론가 실무를 연구한다. 또 자본시장의 분석과 기업경영자로서 어떻게 시장을 활용하는지 등 최근 재무관리의 동향에 대해서도 소개한다.,
BUS3014,소비자행동,,전공핵심,2,,경영학부,"유능한 마케팅 관리자가 되기 위해서는 소비자들의 구매 결정과 제품/브랜드 선택이과 상표선택이 어떻게 이루어지며, 이러한 선택이 기업 활동 및 마케팅 관련 요인들에 의해서 어떻게 영향을 받는 지에 대해 잘 이해할 필요가 있다. 이 수업에서는 소비자 행동의 이해와 분석에 활용할 수 있는 개념과 이론들을 주로 소개하여, 수강생으로 하여금 소비자의 선택을 이해하고, 시장을 이해하여, 보다 효과적인 마케팅 및 공공정책 수립의 토대를 구축할 수 있도록 하고자 한다.",
BUS3028,마케팅조사론,,전공심화,3,,경영학부,"이 과목은 기업의 마케팅관리와 전략 수립에 필요한 자료와 정보의 수집과 분석을 다룬다. 다양한 마케팅 의사결정에 도움이 되는 자료의 수집 및 생산에 관련된 정보의 유형, 조사목적 및 조사기법 간의 관계를 학습하는 과목이다,",
BUS3050,전략적인적자원관리론,,전공핵심,3,,경영학부,본 교과목은 우리 기업의 신성장동력 및 새로운 사업방식을 창출하기 위한 인적자원관리시스템에 대한 이해를 시킨다. 이를 위하여 3-4가지 형태의 사례를 제공하고 각 팀별로 경쟁적으로 이 사례를 해결하는 IC-PBL방식을 적용하고자 한다.,
BUS3080,서비스마케팅,,전공심화,4,,경영학부,서비스는 세계 경제를 지배하고 있다. 따라서 마케팅을 서비스 관점에서 이해해야 할 필요가 대두된다. 서비스 조직은 마케팅 전략에 대한 차별화된 접근이 필요하다.,
BUS3098,경영캡스톤디자인1,,전공심화,3,,경영학부,3학년 학생들이 개별 또는 그룹별로 소규모 프로젝트를 수행하는 것을 목적으로 한다.,
BUS3122,디지털비즈니스경영,,전공심화,3,,경영학부,"본 강의는 디지털 비즈니스의 개론과 트렌드를 다루는 교과목입니다. 수강생은 디지털 비즈니스의 기본적인 개념과 특징을 이해하고 다양한 트렌드를 파악하고 학습합니다. 또한 창의적 사고 함양에 도움이 되는 방법론을 학습합니다. 학습한 방법론을 활용하여 디지털 비즈니스 트렌드 분석 적용 및 연구를 진행하며, 새로운 관점의 비즈니스 전략 및 모델 수립 등의 결과물 도출을 목표로 합니다.",
BUS4005,경영정보시스템,,전공심화,3,,회계세무학과,"본 교과는 기업 경영의 핵심인 IT 및 IS의 개념을 학습하고, 이들 기술들이 어떻게 활용되고 있는지를 이해함
이를 기초로 기업의 경쟁력을 향상하기 위해서 IT 기반의 전략을 제안할 수 있는 능력을 향상하고자 함. This course provides students with a brief but in-depth look at how business firms use information technologies (IT) and information systems (IS) to achieve corporate objectives. IS are major tools for accomplishing corporate objectives such as To achieve operational excellence To develop new products and services To improve decision making To attain competitive advantage This course focus on the use of IT and IS to enhance the competitiveness of firm.",
BUS4012,기업재무론,,전공심화,3,,경영학부,"주식회사의 재무적의사결정에 대한 학문분야인 기업재무론의 내용을 다루는 심화과목으로서 재무제표 분석, 자본구조, 배당정책, 자금조달, 기업지배구조와 같은 기업재무와 관련된 제반 주제에 관한 내용을 학습하며 동시에 동 주제를 분석하는 중요한 틀거리인 대리인문제와 정보비대칭에 관한 내용을 다룬다.",
BUS4019,전략경영론,,전공심화,3,,회계세무학과,"1. 이 수업은 경영학원론, 마케팅관리, 인사관리 등 경영학 기초과목을 수강한 3~4학년 학생들을 대상으로 한다. 2. 기업의 전략을 기획하고 실행하기 위한 다양한 이론과 사례들을 배우게 된다.
3. 수업평가항목은 출석, 과제, 중간고사, 기말고사로 구성된다.",
BUS4026,국제경영전략,,전공심화,3,,경영학부,"본 과목은 다양한 국가에서 현지 자회사를 운영하는 다국적기업의 효과적인 전략수립과 실행에 관한 제반 사항 등을 학습할 목적으로 개설되었다. 구체적으로, 해외시장 진출동기, 해외시장 진입유형의 선택, 자국기반 역량의 해외시장으로의 이전 및 현지시장에서의 지식습득, 해외 인수합병과 전략적 제휴, 현지 자회사에 대한 본사의 조정 및 통제 메커니즘 등에 관한 사항을, 관련문헌 및 경영사례를 중심으로 학습한다.",
BUS4061,로지스틱스관리,,전공심화,4,,경영학부,"오늘날 글로벌 시장 환경에서의 치열한 경쟁, 짧아진 제품 수명주기, 그리고 고객의 기대 수준 향상 등으로 기업들의 공급사슬에 대한 투자와 관심이 집중되고 있다. 본 강좌에서는 공급사슬에 대해 알아보고 공급사슬을 효과적으로 관리하는 기법에 대해 알아보도록 한다.",
BUS4069,고용관계론,,전공심화,4,,경영학부,"이 강의는 자본주의체제의 보편적인, 그리고 우리나라에서 고유하게 발전해온 고용관계의 형식과 내용을 이해하는데 필요한 핵심 주제들을 다룬다. 이를 위해 고용관계에 중요한 영향을 미치는 행위자들, 즉 개별 노동자와 집합적으로 노동자들을 대표하는 노동조합, 경영자, 그리고 정책을 통해 개입을 하는 국가의 행위 논리들을 살펴본다. 이들의 행위 논리를 이해하기 위하여 사람의 기본적인 속성을 연구하는 심리학을 비롯하여, 조직으로서의 노동조합과 인적자원관리와 작업조직 등을 포함하는 경영자의 전략적 선택, 이 두 당사자들간의 노사관계와 단체협상 과정과 결과 (예, 단체협상과 기법, 조정과 중재, 파업과 노사분규, 단체협약의 관리), 국가의 고용관련 정책과 법규, 그리고 거시경제환경의 변화 등 경영학, 경제학, 노동법의 영역을 포괄한다. 이 수업은 고용관계론의 핵심 주제들에 대한 강의를 중심으로 수업 내 토론과 다양한 사례분석, 그리고 팀 과제 등으로 구성된다.",
BUS4073,기업가치평가론,,전공심화,3,,경영학부,"본 수업은 자산의 가치평가체계의 기초지식과 가치평가모형의 소개, 그리고 실제 자산가치평가 적용시 투입변수의 추정 등에 대한 학습을 목표로 함. 또한 팀과제를 통해 관심 있는 산업에 속한 관심 기업(주식)을 선택하고, 그 산업 및 기업(주식)에 대한 최근 애널리스트보고서 요약(목표주가, 목표시점, 보고서체계, 목표주가 산정을 위한 평가모형, 투입변수 추정, 비교대상 기업선정 등) 및 보고서의 적정성에 대한 평가를 도출하고자 함.",
BUS4088,기업윤리와사회적책임,,전공핵심,2,,경영학부,"The course will be conducted in English.
The course examines various ethical issues that arise in a business environment.(Ethical issues include the rights and duties between a company and its employees, suppliers, customers and shareholders.)
This course also covers CSR issues. In this course, we will take a strategic approach on CSR.
Similar concepts such as CSV and Social Enterprise will be discussed as well. Several company cases will be used to get practical knowledge.
Multiple-choice questions + short-answer essay style questions for both mid-term and final exam.",
BUS4103,전략경영특강,,전공심화,4,,경영학부,"매주 특정 산업별 자료를 토대로 다섯가지 경쟁요인 분석, SWOT 분석 등을 실시하여 해당 산업의 특성 및 전망을 살펴봄.
산업별 주요 경쟁업체의 매출규모, 영업이익, 시장점유율 등을 이용하여 주요업체 현황 및 특성을 분석하여 봄. 해당 산업에서 한 개 기업을 선정하여 현재 추진 중인 전략을 알아보고, 경쟁력 강화를 위하여 향후 필요한 전략을 제시하여 봄",
BUS4104,금융기관과금융시장,,전공심화,4,,경영학부,"이 과목은 금융시장과 금융기관에 대한 주제들을 다루는 과목으로서, 금융기관과 금융기관 경영, 금융시장과 금융상품, 금융위기, 그리고 금융시장의 경제학적 분석 등의 주제들을 다루게 된다.",
BUS4108,경영문제해결실습,,전공심화,4,,경영학부,본 교과목은 경영 활동을 하는 과정에서 발생할 수 있는 다양한 문제들을 실제 기업으로부터 제공 받아 경상대학생들이 실무자의 위치에서 동료 학생들과 조 별 활동을 통해 해결해나가며 그 결과물로 의미 있는 해결책을 제시하는 것을 목표로 하고 있다. 이 수업은 기존 수강 강좌를 통해 경영학 제 분야의 다양한 이론을 학습한 학생들로 하여금 실제 기업 환경에서 활용할 수 있는 기회를 제공한다.,
BUS5008,경영캡스톤디자인2,,전공심화,3,,경영학부,강의계획서 참고바랍니다.,
BUS5022,사회적기업경영론,,전공심화,4,,경영학부,"1. 이 수업은 경영학원론, 마케팅관리 등 경영학 기초과목을 수강한 3~4학년 학생들을 대상으로 한다. 2. 사회적기업경영론은 사회적기업을 성공적으로 경영하기 위해 필요한 기본 지식과 이론들을 배우게 된다. 3. 실제 사회적기업의 사례를 분석하고 토론한다. 4. 국내외 대표적인 사회적기업들을 영상을 통해 만나본다.",
BUS5027,AI기반고객경험디자인,,전공심화,3,,비즈니스애널리틱스전공,"모든 산업분야에서 불확실성과 혼란으로 인해 변화가 가속화 되는 유동적인 환경에서 기존의 접근 방식이 더 이상 유효하지 않다. 따라서 이러한 외부 변동성에 대응할 수 있는 새로운 접근방식이 필요하다. 첫째, 최종 문제 해결은 작은 세부과제들의 답을 찾아가면서 전략적 통찰력을 얻을 수 있다. 둘째, 여러 렌즈를 통해서 문제를 바라볼 수 있다. 학생 혹은 최종 고객 관점을 넘어서 공급업체, 현재의 경쟁자, 잠재적 외부 진입자 등 다양한 이해관계자의 눈으로 문제를 바라보면 일상적인 관행을 넘어서 위협과 기회에 대해서 더 많은 관점을 얻을 수 있다. 셋째, 고객 데이터에서 발생되는 신호를 감지하고 AI와 협력하여 보다 나은 의사결정을 내릴 수 있다. 마지막으로 팀원들과 '함께 생각'하고 상호작용하여 최종 솔루션에 도달할 수 있다.
이러한 새로운 접근방식을 학습하기 위해서 본 수업은 PBL(Problem-Based Learning) 방식으로 진행된다.
교강사가 사전에 기업과의 협의를 통해서 현장에서 혹은 현장의 요구에서 발생한 문제를 준비한다. 본 수업에서 기업이 제시한 문제를 디자인 챌린지(Design Challenge: DC)라고 한다. 수강생들은 1학기 동안 팀을 구성하여 DC를 해결하는 과정을 개인-팀 PBL 활동을 병행하면서 진행합니다. 수강생들이 DC를 해결하는 절차에는 IDEO의 디자인 프로세스를 기반으로 개발된 감성적 경험 디자인(Emotional Experience Design: EXD) 방법론을 학습하고 사용합니다. 특히 1단계-발견에서는 고객과의 공감활동에 AI기술을 활용하는 방법을 습득할 수 있습니다.
본 수업을 통해 학생들은 사용자의 감성적 경험을 공감하고 새로운 제품·서비스의 연결을 실험하며 새로운 가치를 창조할 수 있는 디자인 역량을 배양하게 될 것이다.",
BUS5029,비즈니스분석프로그래밍,,전공핵심,2,,비즈니스애널리틱스전공,"4차산업혁명시대에 들어 많은 영역의 산업군이 데이터를 생성하고 활용하고 있다. 특히 비즈니스(business)영역은 과거와 비교하기 어려울 정도로 새로운 유형의 데이터가 등장했으며 그 활용에 따른 기업의 생존 역시 중요한 이슈로 대두되고 있다. 이에 본 교과목은 비즈니스 분야에서 데이터를 수집/분석/해석하기 위해 필요한 프로그래밍 기술을 소개하며, 궁극적으로 데이터 기반의 의사결정을 지원하는 역량을 강화하는 것을 주 목적으로 한다. 수강생들은 본 교과목을 통해 비즈니스에 활용되는 데이터를 이해하고 분석하며, 관련 기법을 적용해 기업 의사결정 전반에 대한 과정을 경험하게 될 것으로 기대한다.",
BUS5030,창업과비즈니스컨설팅,,전공심화,4,,경영학부,"본 과목은 창업과 비즈니스 컨설팅에 필요한 기본적인 경영학 지식과 실무 역량을 습득하도록 하는데 목표가 있습니다.
수업 형태는 강의 및 토론, 팀 프로젝트 등을 병행 할 것입니다.
창업 모듈은 사업 아이디어를 구체화하고 실행 가능한 비즈니스 모델로 발전시키는 방법을 다루고, 창업에 필요한 사업수행계획서를 작성하는 방법을 이론적으로 학습한다. 다음으로 교강사가 사전에 기업과 협의를 통해서 준비한 현장의 요구에서 발생한 문제를 해결하는 과정에 학습한 내용을 활용함으로써 학습성과를 확인할 수 있다.
현장의 문제를 해결하기 위해서는 첫째, 문제를 이해하고 정의하는 과정에 많은 시간을 할애해야 하고, 둘째, 문제해결에 필요한 다양한 도구에 대한 경험이 필요하다. 즉, 기업의 경영 문제해결을 위해 기업에 적합한 컨설팅 역량을 갖춘 컨설턴트가 필요한 상황이다. 이러한 역량을 개발하기 위해서 본 수업은 PBL(Problem-Based Learning) 방식으로 진행된다.
우선 비즈니스 컨설팅 영역의 각 모듈은 2가지 형태를 통해서 이론적 지식을 학습한다. 첫째, 수강생은 수업전 배포되는 학습자료를 기반으로한 수업참여와 개인 PBL활동을 수행한다. 둘째, 비즈니스 인테그레이션 컨설팅 모델을 기반으로 한 국내외 컨설팅기관의 컨설팅 방법론들을 학습한다. 이렇게 학습한 이론적 지식을 활용하여 실제 기업의 비즈니스 컨설팅을 수행하고 결과보고서를 작성하는 팀PBL활동을 진행한다. 비즈니스 컨설팅 영역에서 사용될 문제는 IC-PBL의 A유형을 기본으로 한다.
본 수업을 통해 학생들은 기업에게 실질적인 가치를 제공하는 현장맞춤형 컨설팅 역량을 배양하게 될 것이다.",
BUS5033,운영시스템시뮬레이션,,전공심화,3,,경영학부,"이 과목은 학생들에게 시뮬레이션의 기초에 대해 소개한다. 학습 목표는 불확실성이 있는 다양한 비즈니스 환경에서 시뮬레이션을 이용해 효과적인 의사결정을 하는데 필요한 기반을 제공하는 것이다. 이 과목을 통해 학생들은 입력 분포의 선택, 모델 개발, 시뮬레이션 실험의 디자인과 분석 등의 토픽을 학습한다. 또한, 컴퓨터 시뮬레이션 툴의 기초와 사용법도 학습한다. 생산, 서비스 등 응용분야의 실제 문제를 시뮬레이션을 통해 해결해 본다.",
CAR0001,어드벤쳐디자인1,3,전공기초,1,1,로봇공학과,"● 4차 산업혁명에 대응하여 1, 2학년 교육과정 이수 중 배운 기술지식을 활용하여 창의적 문제 해결 프로젝트를 발굴
하여 팀별로 수행하는 정규 교과목임.
- 자기주도형 프로젝트를 문제 해결 학습도구 기반으로 학생의 창의 융합 문제 해결 능력, 협업능력, 실무 수행능력을
종합적으로 키워나갈 수 있는 학습 과정임.
- 사회 문제(비대면, 기후변화, 1인 가구 등)와 시대 키워드(로봇, 4차 산업혁명, IoT, AI) 등 실생활과 밀접한 분야의
문제를 정의하고, 해결을 위해 창의, 융합 기반 작품을 설계 제작함으로 실무 능력을 향상하고 팀워크를 통해 리더십,
공감, 소통에 기반하여 관계 향상을 유도함.
- 오픈소스, 개방형 임베디드 시스템, 다양한 제품 개발과정을 실습하며, 실생활의 다양한 문제를 해결하는 방법을 습
득함. 특히, 문제 상황 시나리오를 바탕으로 학습 및 실습을 수행함으로써, 과업에 대한 동기부여 및 향후 4차 산업혁
명에 적합한 현장실무능력을 제고함.",
CAR0004,지능형로봇크래쉬랩,,전공심화,3,,로봇공학과,"로봇은 4차산업혁명시대의 주요 테마 중 하나로서 실질적인 교육이 요구되고 있다. 이에 본 교과목에서는 수강생들 스스로 로봇 개발을 처음부터 끝까지 실제로 수행함으로써 로봇 개발의 실질적인 경험을 쌓도록 한다.
또한 로봇 개발은 기계, 전자, 제어, IT 기술 등이 집약된 대표적인 융합산업으로서 각기 다른 분야와 협업 능력이 로봇 개발의 성패를 좌우한다.
따라서 본 교과목에서는 로봇공학과와 소프트웨어학과의 협업을 통해서 각각 HW 와 SW 의 개발을 맡아 협업 능력을 키우도록 한다.",
CAR0005,인공지능로봇의이해,2,전공기초,1,1,로봇공학과,,
CAR0006,어드벤쳐디자인2,,전공핵심,2,,로봇공학과,"4차 산업혁명에 대응하여 1, 2학년 교육과정 이수 중 배운 기술지식을 활용하여 창의적 문제 해결 프로젝트를 발굴하여 팀별로 수행하는 정규 교과목임.
- 자기주도형 프로젝트를 문제 해결 학습도구 기반으로 학생의 창의 융합 문제 해결 능력, 협업능력, 실무 수행능력을 종합적으로 키워나갈 수 있는 학습 과정임.
- 사회 문제(비대면, 기후변화, 1인 가구 등)와 시대 키워드(로봇, 4차 산업혁명, IoT, AI) 등 실생활과 밀접한 분야의 문제를 정의하고, 해결을 위해 창의, 융합 기반 작품을 설계 제작함으로 실무 능력을 향상하고 팀워크를 통해 리더십, 공감, 소통에 기반하여 관계 향상을 유도함.
- 오픈소스, 개방형 임베디드 시스템, 다양한 제품 개발과정을 실습하며, 실생활의 다양한 문제를 해결하는 방법을 습득함. 특히, 문제 상황 시나리오를 바탕으로 학습 및 실습을 수행함으로써, 과업에 대한 동기부여 및 향후 4차 산업혁명에 적합한 현장실무능력을 제고함
- 영상처리에 대한 기본개념을 배움으로써 이미지센서 사용 역량 배양",
CCD0003,파이썬을활용한데이터분석실무,,교양선택,4,,ERICA 대학,"본 교과목에서는 빅데이터를 기반으로 데이터를 전처리하는 방법, 가공하는 방법, 분석하는 방법 그리고 데이터를 시각화하는 방법을 학습한다. 파이썬을 활용한 다양한 웹 데이터를 활용해서 데이터 분석하는 방법, 공공 데이터를 활용해서 데이터 분석하는 방법 등 데이터 분석 실무를 체득한다.",
CCD0004,엑셀을활용한데이터분석실무,,교양선택,,,ERICA 대학,"본 교과목에서는 엑셀의 기본 기능 외에 고급 함수와 고급필터 매크로, 데이터 정규화, 파워 쿼리, 파워 피벗, 차트 등의 기능을 이용하여 키워드 분류 자동화와 유사일치 키워드 분석과 같은 실무에서 사용되는 문서를 자동화하고 자동화된 데이터를 분석을 진행한다. 예제를 통해 프로젝트를 경험하며 프로젝트를 통해 문서 작성 도구로만 이용했던 엑셀을 데이터를 효율적으로 수집, 정제하여 분석하는 도구로 사용하는 방법을 체득한다.",
CCD0008,취업역량과취업실전,,교양선택,4,,ERICA 대학,"취업은 절대 혼자 준비할 수 없습니다! 가속되는 경기불황의 영향으로 더 어려워진 취업시장에서 명확하게 취업방향을 정하는 것은 중요합니다. 본 과목은 취업 준비에 최적화된 강의 입니다. 취업에 대한 의지가 있는 학생이 수강한다면 큰 도움이 될 것입니다. - 매 주 고정적으로 진행되는 교과목 강의의 강점을 최대한 살려, 취업 전문가인 김치성 교수님과 함께 여러분들의 취업 경쟁력을 높일 수 있는 기회를 잡기 바랍니다.
취업은 교양이 아닙니다. 취업에 대한 의지와 목표의식이 뚜렷한 학생들이 본 수업을 수강한다면 많은 도움을 받을 것입니다. 특히, 이 강의는 졸업을 앞둔 4학년과 막학기 학생들이 취업을 준비하는데 최적화된 강의 입니다.
본 과목을 통해 세 가지는 확실하게 얻어갈 수 있습니다. 기업에 지원 가능한 수준의 실질적인 입사지원서(자기소개서)의 작성과 시나리오를 기반으로 한 면접준비 노하우입니다. 그리고, 수업을 통해 직접적으로 기업을 선정해 지원할 수 있습니다. 이를 통해 취업의 확률은 물론 자신의 취업 경쟁력을 향상할 수 있습니다.",
CHE1008,열및물질전달,,전공핵심,3,,재료화학공학과,"CHE 108 열 및 물질전달
열전달의 대표적 현상인 전도, 대류, 복사에 대한 기본개념과 열전달 현상을 수학적으로 분석 묘사하는 이론 및 고체내의 열전도, 관내 유체흐름을 통한 대류전열, 열전달 공정계산,, 단열, 수증기 응축 등에 대한 기초 계산법 등을 다루며 응용분야로 증발이론, 증발공정설계, 열교환기 설계 등 설계이론에 대해 다룬다. 또한 물질전달 현상에 대한 기본개념과 이론, 분자확산 및 대류확산, 정상상태 물질전달, 다차원 물질전달, 농도 경계층이론 해석, 운동량 열 및 물질의 동시 전달현상 등에 대하여 공부한다.",
CHE1015,기능성고분자,,전공심화,4,,재료화학공학과,"범용고분자 소재, 엔지니어링 플라스틱, 엘라스토머, 전도성고분자, 자극응답성 고분자 소재등 다양한 고분자재료의 제조 방법과 구조-물성 및 응용에 관하여 강의한다.",
CHE1018,기초생물학,,전공심화,2,,재료화학공학과,"본 강좌는 생물학 비전공 학생들에게 생물학의 핵심 개념을 소개하는 데 있습니다. 본 강좌에서는 인간을 포함하는 지구상 생명체들이 어떤 원리를 기반으로 생명활동을 영위하는 지를 DNA과 같은 작은 분자 단위까지 설명하고자 합니다. 또한, 공학기술 속에 숨어 있는 생물학적 원리를 설명하고 이를 다시 공학적 기술에 응용할 수 있는 소양을 함양하고자 합니다.",
CHE2001,공업물리화학1,,전공기초,2,,재료화학공학과,"물리화학 현상을 지배하는 이론을 이해하는 것은 매우 어려운 분야 중 하나로, 물리화학 시스템을 이해하려면, chemical thermodynamics, statistical mechanics, chemical kinetics, quantum chemistry 등에 대한 기초적인 지식이 필요하다. 이로부터 기체와 액체 상태로 존재하는 물질에 대한 상태함수 관계, 분자운동 모델, 상평형, 화학 반응 및 화학평형 등과 관련된 자연 법칙의 발전 과정을 이해하고, 이로부터 물리 및 화학의 전반적인 분야에도 응용할 수 있도록 한다.",
CHE2003,화공양론,,전공핵심,2,,재료화학공학과,"공학계산의기초가 되는 단위, 온도 및 압력의 개념을 확실히 하고 공장의 제조 공정에서 물질 수지식을 세우는 방법과 기체, 액체 및 고체의 특성을 다룬다. 아직도 통용되는 미국공학 단위계와 SI단위계와의 능숙한 교환과 강력한 계산능력을 배양하여 차후의 과목수강과 현장 적응 능력을 갖추도록 한다.",
CHE3009,반응공학,,전공핵심,3,,재료화학공학과,"반응장치 설계와 화학반응론은 모든 화학공업의 생산의 중심으로, 다른 엔지니어와 화공엔지니어를 구분해주는 중요한 과목이다. 안전하고 효율적인 반응공정장치의 선택은 화공 플랜트의 성공 여부를 결정한다. 이런 화학반응공학은 석유화학과 에너지, 생활용품 상업은 물론, 생체시스템, 폐기물, 대기와 수질의 환경처리, 반도체, 항공기 소재 생산공정의 기본이다. 물질의 수지식으로 시작하여 반응속도론과 반응기의 크기 결정 등을 등온 및 비등온 반응기의 설계를 강의한다. 특히 수식을 세우고 전산모델을 이용하여 반응기 거동을 조사해보도록 함으로써 반응기 설계의 방법을 이해하도록 한다. 아울러 기본 설계법의 산업용 반응기에의 적용시 나타나는 문제와 해결 방법을 예시하도록 한다.",
CHI1011,중국학개론,,전공기초,1,,중국학과,"중국의 사회, 기술, 경제, 생태, 정치 등에 대해 학습하고, 현대 중국과 세계의 관계 및 상호작용에 대해 학습한다",
CHI1012,고급중국어독해,,전공심화,4,,중국학과,중국의 급속한 부상으로 중국과 중국어에 대한 중요성이 나날이 강조되고 있다. 본 강좌는 이미 중국어의 기초를 다진 학생들에게 보다 강화된 내용을 훈련시킴으로서 중급수준의 독해력을 익히는 데 그 목표가 있다.,
CHI1019,HSK실습,,전공심화,3,,중국학과,"중국어의 능력을 평가하고 검증하는 것이 사회적으로 필요하며, 중국어를 경쟁능력으로 삼고자 하는 학생들에게 hsk 고급 성적은 반드시 요구되며, 高得點을 취득해야 하는 것이 당연시되는 것이 현실이다. 따라서 중국어 능력 평가시험의 영역을 주요골격으로 하여 학습자들의 중국어 실력을 향상시킬수 있도록 설계되었다.",
CHI1023,고급중국어청취,,전공핵심,3,,중국학과,"중, 고급 한어 단어 숙지
중, 고급 한어 표현 익히기
실전 문제 해결 능력 양성",
CHI1027,중국정치와외교,,전공핵심,2,,중국학과,"중국의 현재와 미래에 대한 이해없이 급변하는 21세기 글로벌 정치경제질서를 전망하는 것은 불가능하다. 본 교과목은 먼저, 사회주의 '당-국가(party-state)'인 중국의 정치와 외교 분야에 대한 기초적인 이해를 통해 소위 '중국의 부상'이 가능했던 이유를 파악하고자 한다. 또한 21세기 국제정치경제실서의 핵심 행위자(actors) 중 하나로 부상한 중국이 향후 어떤 방향으로 발전할 것인지, 그리고 그것이 한국의 미래에는 어떤 영향을 미칠 것인지 등을 탐구한다.",
CHI1030,중국투자환경과시장,,전공핵심,4,,중국학과,"본 과목은 중국의 투자환경과 시장 구조를 종합적으로 이해하고, 한국의 대중국 투자에 대해 알아본다.",
CHI1048,중국인의삶과생각,,전공기초,1,,중국학과,"본 과목은 중국인의 삶과 생활 속에 투영된 중국인의 생각을 도출하는데 일차적인 목표를 둔다. 나아가 중국의 자연, 사회, 인문적 환경에서 생성된 특유의 민족성과 그 생성과 변화를 분석하고 이를 실제 대중국교류의 각 방면에 활용하는데 궁극적인 목적이 있다.",
CHI1050,초급중국어회화1,,전공기초,1,,중국학과,"이 강좌는 중국어를 전공으로 하는 학생들을 대상으로 정확한 발음을 기초로 회화능력을 함양하도록 지도하는 강좌이다.
중국어 학습의 시작은 발음으로부터 시작되며, 중국어 발음을 제대로 학습하는 것은 중국어 학습에 있어 절반의 성과를 거두었다고 할 수 있을 만큼 향후 중국어 학습의 중요한 학습기반이 된다. 때문에 정확한 발음을 기초로 한 유창한 말하기는 매우 중요하며, 이것은 교사의 적극적인 지도를 필요로 한다.",
CHI1051,초급중국어회화2,,전공기초,1,,중국학과,"초급수준의 중국어 학습자들이 말하기 실력을 향상시키고자 개설된 과목이다.
말하기에 있어 기본 적인 요소라 할 수 있는 발음과
문장을 만들기 위한 기본 구조의 학습에 초점을 맞춘다.",
CHI2008,중국어문법,,전공핵심,2,,중국학과,"본 강좌는 중국어의 문장구조를 체계적으로 분석하고 각 문장성분의 특징과 구조를 파악함으로써 정확한 문장표현이 가능하도록 학습하기 위해 개설된 강좌이다. 여타 외국어에서도 그러하듯 문법이라는 것이 이론적으로 이해한 것 같아도 학습자들은 다양한 이유로 틀린 문장을 만들어낸다. 이는 문법 규칙에 대해 이론적으로 학습했을 뿐 완전히 자기 것으로 만들지 못한 점이 가장 큰 요인이며, 규칙이 적용되지 않는 예외적인 상황을 충분히 이해하지 못하기 때문이기도 하다. 또한 중국어의 경우라면, 활용하는 단어의 요인으로 비문이 되기도 한다. 이에 본 교과는 중국어 문법을 이론적으로 익히고 확실하게 자신의 것으로 만들기 위해서 나만의 문법 정리서를 만드는 과업을 수행하려고 하며 이 과정을 통해서 배운 내용을 제대로 이해하고 활용할 수 있는 능력을 키우고자 한다.",
CHI2029,한중문화비교론,,전공심화,4,,중국학과,"이 강좌는 중국학을 전공하는 4학년 학생들을 대상으로 한국과 중국의 문화에 대해 비교의 관점에서 양국 문화의 공통점과 차이점에 대해 탐구하고, 깊이있게 이해하는 것을 목표로 하는 강좌이다.",
CHI2036,중국통사,,전공핵심,2,,중국학과,"고대에서 현대에 이르는 중국 역사의 흐름과 주요 사건 및 인물들을 중심으로 중국의 역사적 발전 과정
을 이해하고, 그간에 생성된 중국 문화 및 중국인의 의식구조를 분석한다.
이를 바탕으로 중국 역사에 끼친 영향과 현대적 의의를 고찰하고, 현재 중국의 변화와 발전 상을 분석하
여 개인적 성장과 사회적 발전에 중요한 기초를 다진다.
상기한 각종 상황을 활용하여 한/중 관계에 대한 문제 의식의 배양과 주동적인 위기 해결 방안 등을 시도
하고 분석 인지함으로써 창의적으로 관계 개선 및 협력 방안을
모색해 볼 수 있을 것으로 기대된다.",
CHI2062,중국어실습,,전공핵심,2,,중국학과,"본 교과는 중국학과 2학년 2학기에 개설된 교과이다. 중국학과의 핵심적인 어학 학습이 1, 2학년에 집중되며, 고학년에는 기타 중국학 학습이 배정되어 어학은 스스로 학습해야 하는 점을 고려할 때, 이시기에는 중국어에 있어 자기주도 학습이 완벽하게 가능한 수준에 이르러야 한다. 따라서 중국어의 정확한 발음을 익히고 유창한 읽기가 가능한 학습 훈련이 필요하다.
또한 중국어 문장을 만들기 위한 어법 지식이 필요하고 이를 바탕으로 중국인과 필요한 소통을 할 수 있어야 한다. 따라서 정확하고 유창한 발음과 문법에 부합되는 문장으로 원어민과 원활한 소통이 가능하도록 학습하는 것이 본 교과의 목적이다.",
CHI2068,중급중국어회화1,,전공핵심,2,,중국학과,"초급과정을 거친 학습자를 대상으로 다양한 상황에 적절하게 대처할 수 있는 회화능력의 배양을 목표로 한다. 일상생활에서 사용하는 다양한 어휘 및 표현의 말하기 연습은 물론이며, 갖가지 상황에서 사용되는 여러 가지 표현을 정확한 발음으로 말하고 들을 수 있도록 훈련한다. 또한 중급 중국어 학습과 동시에 중국 문화를 배우면서 중국에 대해 이해의 폭을 넓혀 보다 흥미로운 학습을 할 수 있도록 한다.",
CHI2069,중국지역연구1,,전공핵심,2,,중국학과,"중국은 규모가 크고 인구가 많으며 다양한 민족으로 구성되어 있다. 따라서 중국을 하나의 전체(whole)로 파악하는 것도 중요하지만, 각 지역(地域)별/성(省)별로 구분하여 접근하는 것도 중요하다. 본 교과목은 중국의 다양한 지역에 대한 기본적인 현황(자연지리, 인문지리, 경제지리 등)을 파악함으로써 향후 중국의 지역별 특성을 비교분석하기 위한 기초적인 정보와 지식을 제공한다.",
CHI3027,고급중국어회화,,전공핵심,3,,중국학과,"본 과목은 고급 단계의 중국어 학습자에게 적용됩니다. 이들은 일상생활 의사소통로 사용되는 문장과 문법을 모두 익히고, 이미 습득한 지식을 능동적으로 업데이트할 수 있다. 이 수업을 통해 학습자는 일상적으로 원활한 의사소통을 할 수 있을 뿐만 아니라 복잡한 언어를 논리적으로 조직하여 관점과 현상에 대한 명확한 견해를 말할 수 있다. 본 과목은 PBL 수업 방식을 적용하여 학생들이 배운 지식과 말하기 실천력의 관계를 효과적으로 균형있게 할 수 있습니다.",
CHI3044,중급중국어청취,,전공핵심,2,,중국학과,"중급 한어 단어 숙지
중급 한어 표현 익히기
실전 문제 해결 능력 양성",
CHI3073,중국학과캡스톤디자인1,,전공심화,3,,중국학과,"본 교과목은 4~5명 내외의 학생이 하나의 팀을 이루어 '탐구 주제'를 정하고, 담당교수의 지도와 상호토론을 통해 이를 해결하는 학생중심형 교과목이다. 각 팀은 경제사회적 현안이나 전공과 관련된 문제 등 다양한 분야에서 나타나고 있는 각종 현안 중에서 탐구주제를 발굴하고, 다양한 방법을 활용하여 문제를 해결하는 능력을 함양한다.",
CHI3074,중국학과캡스톤디자인2,,전공심화,3,,중국학과,이 과목은 4-5명의 학생이 팀을 이루어 팀별로 연구 과제를 정하여 문제를 인식하고 자율적으로 해결하는 학생 중심형 교과목이다.,
CHI3076,중국문화창의탐구와개발,,전공심화,3,,중국학과,"중국의 유구한 역사와 다양한 문화적 요소는 역대로 다양한 장르를 재탄생하게 하였다. 현대에 들어서 동아시아뿐 아니라 서구에도 영향을 끼쳤다. ˂뮬란˃, ˂쿵푸팬더˃ 등 애니메이션뿐 아니라 ˂삼국지˃ 같은 게임 등도 등장했다. 우선 중국의 문화유산에 대한 이해와 분석을 진행하고 이들이 어떻게 가공되고 현대적인 방식으로 재해석되었는지를 살펴본다.",
CHI3077,중국비즈니스의이해,,전공핵심,3,,중국학과,"본 과목은 중국 비즈니스의 현황에 대해 파악하고 이해하는 데 목적을 둔다. 디지털 경제가 주도하는 기술 변화와 산업 업그레이드는 중국 국내 소비에서 새로운 기회를 가져올 것이며 새로운 글로벌 기술 혁명의 심층 발전은 사람들의 생활 변화를 가속화할 것입니다. 디지털화·개성화에 현대 물류 시스템의 완비를 더해, 중국 비즈니스의 변혁을 가속화한다. 현재 중국에서는 10명 중 8명 이상이 짧은 동영상 콘텐츠를 생산하거나 소비하고 있으며, 인터넷을 사용하는 사람들은 평균 3분의 1을 抖音, 快手, 视频号 등의 플랫폼에서 소비하고 있다. 이 같은 영향력은 콘텐츠를 생산하고 소비하는 방식을 뒤집고 비즈니스에서도 인프라와 같은 존재가 되고 있고 비즈니스 세계를 재구성하고 있습니다. 본 과목은 현재 중국의 비즈니스 환경과 변화를 효과적으로 파악하기 위하여 중국 근 10년 동안 새로 나타난 브랜드의 비즈니스 모델과 새로운 마케팅 방식에 대한 학습을 통해 중국 비즈니스의 이해에 접근하려고 한다.",
CHI3078,중국대중문화와문화산업,,전공심화,3,,중국학과,"중국은 자국의 역사와 문화에 대해 자부심이 강한 나라이다. 다양한 스토리텔링이 가능한 역사 문화적 콘텐츠를 보유하고 있어 향후 발전 가능성이 크다. 또한 문화 소비시장으로서의 잠재적 가치도 급성장하고 있다. 게다가 경제력을 바탕으로 소프트파워 측면에서 적극적으로 투자와 인수 합병을 통해 자국의 문화적 영향력을 국제사회에 투자하고 시장을 개척하고 있다. 이에 본 과목은 중국의 대중문화와 문화산업의 발전상을 분석하여, 중국 내부의 변화기제와 함께 국제사회에서 문화적 영향력을 어떻게 전파하는지 학습해 보고자 한다. 더 나아가 한류의 소비지역으로서의 가치와 경쟁상대로서의 위치를 파악하여 우리에게 주는 함의는 무엇인지 고찰할 것이다.",
CHI4019,실용중국어,3,교양선택,1,1,ERICA 대학,"갈수록 세계화 되어가는 국제사회에서 외국어 구사능력은 선택이 아닌 필수 조건이 되었다. 국제무대에서 중국이 차지하고 있는 위상과 역량을 고려할 때, 우리의 생존을 확보하고 활로를 개척하기 위해서는 다양한 분야에서 중국과 교류할 수 있도록 우리의 전문지식을 넓힐 필요가 있다. 본 강좌는 앞으로 우리의 무대가 될 중국에서 국제무역 방면에서 의사소통을 할 수 있는데 실질적인 도움이 되는 내용으로 강좌를 진행할 것이다.",
CHI4067,AI국제학,,전공심화,2,,중국학과,"새롭게 떠오르고 있는 핵심 기술인 인공지능과 국제사회 국제 관계와의 상호 작용을 살펴보고, 토론하며 기술과 국제 사회의 조화로운 발전 방안을 탐구한다",
CHM1006,응용물리화학,,전공핵심,3,,화학분자공학과,물리화학(열역학) 및 양자화학의 후속 물리화학 핵심교과목으로써 화학적인 변화에 대한 기본 이론을 배움. 이는 앞으로 배울 유기/무기 화학 반응들을 이해하는데 있어서 기본적인 개념과 이론적인 지식을 제공함.,
CHM2004,유기화학2,,전공핵심,1,,소재·부품융합전공,"유기화학은 천연에서 생성되거나 합성된 탄소화합물의 화학이다. 따라서 생체내의 거의 모든 반응들이 유기화합물과 관련이 있다. 유기화학은 유기화학 1,2의 과정을 통해서 유기화학물의 성질, 반응, 합성을 다루는 기초과목으로서 학생들은 화학결합의 기초, 유기화합물의 입체화학, 유기반응 메커니즘, 구조결정을 위한 분광학 및 스펙트라의 해석을 배우게 된다. 또 작용기의 명명법, 성질, 반응과 작고 비교적 간단한 분자의 합성도 이 과목에서 다룬다.
또한 이러한 교육과정을 통해 학습한 기초이론과 IC-PBL을 기반으로 한 팀프로젝트를 융합한다. 이를 통해 유기물의 합성 및 분석과 관련된 현장 문제들을 제시하고, 분반별로 팀을 구성하여 해결하도록하며, 문제 해결과정에서 이론의 깊은 이해와 해석에 관련된 연구보고서, 제안서, 영상물 등을 제출하여 멘토들과 함께 평가한다. 이를 통하여 향후 소재부품전공 분야의 산업현장에서 당면할 수 있는 유기물의 합성 또는 분석과 연관되는 문제 인식 능력을 향상시키고, 이를 이론을 기반으로하여 해결책에 접근하는 연습을 통해, 학생 주도적인 교육을 유도하며, 학생들의 창의적인 사고를 기반으로 하여 문제를 해결하도록 한다. 이를 통해 예측지 못한 상황에 대한 자신감 있는 태도를 함양할 수 있도록 쌍방향적인 교육을 하는데 있다.",
CHM2021,물리화학실험,,전공핵심,2,,화학분자공학과,화학을 전공하는 학생들을 위한 물질의 물리적성질과 거동을 측정하는 전공기초실험으로서 물질의 합성 및 특성을 등을 분석하는 실험을 함으로써 기본적인 측정기술을 습득하게 하고 측정된 자료를 정리하여 이론적으로 배운 내용을 확인하고 개념을 구체화 시킨다. 특히 현재 화학분야의 최신 연구동향을 반영하여 미세유체를 이용한 실험 뿐 아니라 이론화학과 관련된 프로그램 사용에 관한 내용도 첨가되었다.,
CHM2023,분석화학실험,,전공핵심,2,,화학분자공학과,"정량분석화학에서 배운 내용을 직접 실험을 통해 실습한다. 산-염기 적정, 비타민 C 정량, EDTA 정량 등 다양한 실험을 진행한다.",
CHM2024,물리화학,,전공핵심,2,,화학분자공학과,"물리화학의 현상을 거시적 차원에서 다루는데 필요한 열역학의 기본개념을 이해하도록 한다. 열역학의 법칙, 상태함수, 상태방정식, 화학평형, 기체분자 운동론, 용액 및 액체론, 상변화 등을 강의한다.화학현상을 거시적으로 이해하기 위하여 열역학의 기본개념을 확립하고, 이를 이용하여 화학평형을 이해하고자 한다.
이번 물리화학 강의는 스마트 플립러닝 강의로 진행됩니다.",
CHM2036,응용유기화학1,,전공핵심,2,,화학분자공학과,"유기화학의 가장 기본적인 개념을 이해하기 위하여 유기 화합물의 결합 (chemical bonding)과 구조, Alkanes와 cycloalkanes, 입체화학, 유기반응의 전반적인 조사, Alkenes와 그에 대한 반응, Alkynes, Organo Halides의 반응, 즉 SN2, SN1반응, E2, E1 & E1cB 등 다양한 기초 유기반응을 소개하고, 반응 메카니즘을 공부공부함으로써 유기화학의 지식을 습득해 간다.",
CHM2037,무기화학입문,,전공핵심,2,,화학분자공학과,분자대칭 및 군론에 대해서 강의한다.,
CHM2046,정량분석화학1,,전공핵심,2,,화학분자공학과,"The basic principles of qualitative and quantitative analysis are treated. Methods and principles of analysis and experimental errors, and calculations of stoichiometry or various chemical reaction are discussed. Volumetric, gravimetric, acid-base analysis and chemical equilibrium and numerical methods using computer are treated.",
CHM3002,무기화학2,,전공핵심,3,,화학분자공학과,"화학의 여러 분야들과 구별되는 무기화학 연구의 특징을 이해한다.
무기화합물을 특징짓는 대표적 결정구조와 다양한 무기 소재의 구조 및 성질을 이해한다.
물질을 분자 수준에서 다루는 화학의 분야 중 무기화학은 주기율표의 원소 대부분을 연구 대상으로 삼기 때문에 그 범위가 매우 포괄적이고 다양하다.
무기화학2에서는 무기화학1에서 강의한 원자구조 및 결합이론에 대한 이해를 바탕으로 결정구조 및 고체화합물, 주족화합물, 특성 규명 방법 등에 대해 강의하고, 기능성 소재 관련 최근 연구동향을 소개한다.",
CHM3007,고분자화학,,전공심화,4,,화학분자공학과,"우리 생활에 밀접하게 관련된 고분자에 대한 전반적인 이해를 목표로 천연 및 합성 고분자의 종류와 구조, 중합방법, 물성에 대해 학습하고 각 고분자의 바이오 분야에서 다양한 활용성에 대해 알아본다.",
CHM3033,무기화학실험1,,전공핵심,2,,화학분자공학과,"대표적인 원소와 전이금속에 있어서 중요한 무기 화합물의 합성과 반응, 분석방법에 관하여 다룬다.",
CHM3034,무기화학실험2,,전공핵심,3,,화학분자공학과,무기화학 실험 1에 이어서 여러 가지 고체 화합물의 합성 및 그 성질 분석에 관하여 다룬다.,
CHM3041,분자분광학,,전공심화,3,,재료화학공학과,"유기/무기 물질의 조성과 구조에 관한 정성적/정량적 정보의 중요성은 과학기술의 발달과 산업의 고도화와 더불어 더욱 커지고 있다. 본 강좌에서는 유기 및 무기 물질들의 구조와 성분 분석에 많이 사용되는 분광분석법을 중심으로 현대 분광기들의 작동원리를 이해하기 위한 물리화학적 분광기초지식 및 자료 해석 능력을 배양하기 위한 유기화학/물리화학 기반의 기초원리를 소개한다. 본 강좌에서는 EA, 적외선 분광분석법, 자외선 및 가시광선 분광분석법, 핵자기공명분석법 (1H, 13C NMR) 및 질량분석법을 다룬다.",
CHM3043,응용유기화학실험,,전공핵심,3,,화학분자공학과,"이론으로 배우는 응용유기화학을 이해하기 위하여 유기화학실험을 통하여 유기화학의 기본 반응메카니즘을 이해하고, 실험기구의 설치법, 사용법 및 합성법 등을 익힌다.",
CHM3079,화학분자공학캡스톤디자인1,,전공심화,3,,화학분자공학과,"관련 연구주제를 스스로 익히고 기획하는 능력을 배양하고, 제안된 과제 검증을 위한 기본적인 실습을 수행하고, 이를 통하여 팀워크, 리더십을 수양하는 교과목이다.",
CHM3085,제약공업화학,,전공심화,4,,화학분자공학과,"본 과목은 기초적인 의약화학에 관심이 있는 고학년 학생을 대상으로 약물의 타겟, 약물과 타겟의 상호 작용, 약물 설계 및 합성, 신약 개발 과정 등을 학습한다. 성공적인 신약 개발에 대한 case study 를 통하여 drug discovery에 이러한 의약 화학적 지식이 어떻게 응용되는지 살펴보도록 한다.",
CHM3087,계산재료과학,,전공심화,4,,화학분자공학과,"This course provides an in-depth exploration of computational methods used to model, understand, and predict material properties. With a focus on practical applications in advanced materials and nanotechnology, the curriculum is designed to offer a robust foundation in both theoretical concepts and practical skills in computational techniques. Additionally, the course includes case studies and applications, showcasing real-world examples of how computational materials science is applied in developing electrocatalysts and battery materials.",
CHM3090,바이오기기공학,,전공핵심,3,,화학분자공학과,"본 수업은 화학분자공학과 학생 전용수업입니다
바이오기기공학 강좌는 바이오물질 분석에 활용되는 다양한 바이오 기기들의 이론적 원리, 활용분야, 감도, 정확도, 및 제한사항에 대한 전반적인 내용들을 다루게 된다. 본 과목을 수강하는 학생들은 바이오물질 측정의 기본 원리, 다양한 원자분광학, 및 분자분광학에 대한 지식을 습득할 수 있을 것이다. 또한 분광기의 구조 및 성분, 아날로그 및 디지털 신호, 분광기로부터 얻은 분석 데이터 처리 등 에 대한 내용도 다루게 될 것이다.",
CHM4051,기기분석실험,,전공핵심,3,,화학분자공학과,"분석화학, 기기분석이론 등 전공교과목에서 배운 분석기기 8종 (UV, IR, NMR, HPLC, GC, DLS Fluorescence, TOC, 등)의 이론과 측정원리 및 스펙트럼의 해석법에 대해 학습하고, 주어진 미지 시료의 분석 및 정성, 정량분석 등 제시된 문제에 대한 해결 시나리오를 계획하여, 시료의 분리와 정제 등 전처리 방법과 실제 분석 장비를 활용하여 전공 관련 실무 문제 해결능력을 키우고자 한다. 강의 초기, 조별 사전 세미나를 통해 실험에 대한 이해도를 높인 후 실험실습에 임하게 되며, 수업의 평가는 세미나 발표(20), 실험 노트 작성(30), 기말고사(30), 학습참여도(태도) (10), 출석(10)과 같이 이루어진다. 세미나 발표시간과 각 실험실습 간PBL문제를 제공하여 그에 대한 해결능력과, 실험에 대한 이해도를 기준으로 채점후 가산점을 부여하고자 한다.
실험실습 전 조별 세미나 발표와 과제물(실험레포트) 작성을 통하여 해당 과목의 이론적인 부분에 대한 학습과 실험과정으로부터 파악되는 문제에 대한 해결방안을 모색, 최종적으로 실습을 통해 계획과 실제 해결방법의 차이를 토론하여 비교함으로써 개별적 / 팀별 문제 해결력을 키우고자 한다.",
CHM4055,유체역학론,,전공핵심,3,,재료화학공학과,"유체의 성질, 유체의 정력학, 유동의 개념과 기초유동의 방정식으로 베루누이식, 마찰손실, 차원해석, 점성유체의 관내흐름, 드래그력, 압축성유체 그리고 이상유동현상의 기초를 배운다.
화학공정에 관련된 유량측정, 터빈역학기계, 배관설계 등의 응용분야를 다룬다.유체의 성질, 유체의 정력학, 유동의 개념과 기초유동의 방정식으로 베루누이식, 마찰손실, 차원해석, 점성유체의 관내흐름, 드래그력, 압축성유체 그리고 이상유동현상의 기초를 배운다.",
CHM4106,에너지재료공학,,전공심화,4,,화학분자공학과,"Energy Materials Engineering (CHM4106) is a course on the descriptive chemistry of inorganic solid compounds, ranging from fundamental understanding of solid materials to their applications in energy related fields.",
CHM4109,생체대사공학,,전공심화,4,,화학분자공학과,"본 교과목은 생화학 및 분자 생물학 연구에서 일반적으로 활용되는 물리-분석 방법들의 원리를 이해하는데 있다. 이러한 다양한 분석방법들을 이용해 생물학적 거대 분자들의 검출, 질병진단의 이해, 그리고 생체분자들의 구조 및 기능적 특징들을 이해하는데 중점을 둔다. 그리고 신약 개발 및 질병 진단에 활용되고 있는 다양한 기능성 물질들의 (마이크로캡슐, 마이셀, 리포좀, 고분자 나노입자) 특성, 합성, 및 응용연구에 대한 구체적인 사례들을 살펴본다. 또한 16주의 수업 중 4주의 수업은 생체대사공학 관련 연구의 다양한 경험을 가지고 있는 티칭 펠로우의 특별강의로 진행될 예정이다. 본 교과목을 수강하기 위해서는 다음의 선수강과목을 수강하여야함. (정량분석화학1,2, 정량분석실험, 바이오기기공학, 및 기기분석실험)",
CHM4111,화학분자공학연구실심화실습4,,전공심화,4,,화학분자공학과,"응용화학 분야에서 습득한 전문지식을 바탕으로 연구실에서 수행하는 연구 주제에 대한 실험 실습을 수행한다. 연구주제를 스스로 익히고 기획하는 능력을 배양하고, 제안된 과제 검증을 위한 기본적인 실습을 수행하고, 이를 통하여 팀웍, 리더십을 수양한다.",
CHM4112,재료화학개론,,전공심화,4,,화학분자공학과,"나노구조체 및 나노재료의 합성 및 구조 특성화에 관심이 있는 학부생을 위한 학제 ​​간 내용을 포함하고 있는 과목입니다. 재료화학의 습식기반 화학 합성 기술과 나노구조체 형성을 위한 리소그래피 기술을 포함됩니다. 또한, 진공기술에 관한 기본적 이론과 응용에 관한 설명을 포함하고 있으며, 분광학 관련 최신 기기 분석 기술에 대한 이해와 응용에 관한 정보를 제공하고자 합니다.",
CHM5008,화학분자공학캡스톤디자인2,,전공심화,4,,화학분자공학과,"캡스톤디자인1의 연속과정으로 응용화학 분야에서 습득한 전문지식을 바탕으로 학생들이 팀을 구성하여 사회에서 요구하는 창의적인 연구 과제를 수행하는 것을 목표로 한다. 관련 연구주제를 스스로 익히고 기획하는 능력을 배양하고, 제안된 과제 검증을 위한 기본적인 실습을 수행하고, 이를 통하여 팀웍, 리더십을 수양하는 교과목이다.",
CIE1004,건설프로그래밍,,전공핵심,3,,건설환경공학과,"프로그래밍은 빅데이터, 기계학습 등 4차 산업이 도래한 현대 사회의 공학도에게 요구되는 필수 능력이다. 이번 수업에서는 프로그래밍의 기초와 활용에 대해 학습하고 건설환경공학인으로 프로그래밍을 활용하는 방법에 대해 학습한다.",
CIE2064,건설환경캡스톤디자인1,,전공심화,3,,건설환경공학과,건설환경캡스톤디자인은 (주)이노베이트어스와 연계하여 그동안 학부에서 배운 전공 지식과 기타 지식을 통합하여 사회기반시설 유지관리에 대한 창의적인 솔루션을 제공하는 것을 목표로 한다.,
CIE2066,프리스트레스트콘크리트구조설계,,전공심화,4,,건설환경공학과,"최근 건설 구조물이 장대화 됨에 따라 점차 사용이 증가하고 있는 프리스트레스트 콘크리트 구조물의 해석, 설계 방법 및 시공법을 공부하는 과목으로서 철근 콘크리트 공학을 기초로 하여 프리스트레스의 기본 개념과 원리, 시공방법, 손실 원인들을 알아보고, 휨 부재의 하중 단계에 대한 구조적 거동과 해석 방법, 그리고 실제 구조물에 대한 설계 실습 등을 강의한다.",
CIE2069,건설환경캡스톤디자인2(종합),,전공심화,4,,건설환경공학과,"건설환경캡스톤디자인은 분야별 담당교수의 지도아래 팀별로 창의적인 졸업작품의 기획, 설계, 제작, 시험평가를 수행한다. 또한 분야별 외부전문가 초빙강연을 병행한다.",
CIE3012,구조역학,,전공핵심,3,,건설환경공학과,본 수업은 구조역학에 대한 기본적인 이론과 다양한 예제를 학습하여 구조역학의 기초를 완성하는 것을 목표로 한다.,
CIE3013,토질역학,,전공핵심,2,,건설환경공학과,"흙과 관련된 구조물 설계시 반드시 필요한 흙의 역학적 성질과 거동에 관련된 기본적인 개념을 강의한다. 구조물의 기초가 되는 지반의 형성과정과 함수비, 간극비, 비중 등의 기본적 성질을 다룬 후 흙의 물리적 성질에 관련된 입도분포, Atterberg한계 등을 기초로 흙의 공학적 분류법을 습득케 한다. 흙속에서 물의 흐름과 관련하여 흙의 투수성과 침투문제를 다루며 흙과 물의 상호작용중 가장 중요한 유효응력의 개념에 대하여 강의한다. 또한 지반 개량방법 중 가장 일반적인 다짐의 원리와 특성에 대하여 다룸으로써 건설재료와 기초지반으로써 흙이 갖추어야할 공학적 성질에 대하여 이해를 증진시키고자 한다.",
CIE3022,철근콘크리트구조설계,,전공심화,3,,건설환경공학과,"건설 및 토목분야에서 가장 일반적으로 사용되는 철근콘크리트 구조물의 설계기법을 습득하기 위해 구조재료로의 철근 콘크리트의 개념 및 기초 물성에 대해 이해하고, 현재 국내 범용되고 있는 설계개념을 근거로 휨 부재, 전단부재 및 압축부재의 설계이론을 습득하여 실무활용능력을 향상하고자 함.",
CIE3026,수처리공정원리,,전공핵심,3,,건설환경공학과,"In this course, basic chemical and biological principles for understanding the water and wastewater treatment processes will be studied. Also, the latest issues with endocrine disrupting chemicals, microplastics, and perfluorocompounds in the field of water environment will be introduced.",
CIE3028,도로설계,,전공핵심,3,,교통·물류공학과,"본 수업에서는 도로건설을 위한 조사와 계획, 평면선형과 종단선형의 기하구조설계, 평면 및 입체교차, 도로안전시설, 도로부속시설에 관한 이론을 습득하게 된다.
또한, 도로사업의 예비타당성조사, 타당성조사, 기본설계, 실시설계의 단계를 이해한다.",
CIE3077,도로공학개론,,전공심화,3,,건설환경공학과,"도로를 건설하기전 설계로 도로의 개요(예비타당성 조사, 타당성조사, 기본 및 실시설계단계 등), 계획 및 교통, 평면선형과 종단선형, 기하구조, 입체교차 및 평면교차, 안전시설 및 부속시설에 관한 이론을 습득하게 된다.",
CIE4011,수리학및실험,,전공심화,3,,건설환경공학과,수리학의 이해 및 적용,
CIE4047,수공구조물설계,,전공심화,4,,건설환경공학과,"이 교과목은 지속가능한 유역관리를 위한 수문학적 빈도해석, 강우-유출관계의 해석, 유역의 유출 및 수리 특성 분석,
도시화가 홍수에 미치는 영향 등을 분석하고, 홍수피해저감을 위한 구조물적 및 비구조물적 홍수대책을 다룬다.",
CIE4048,터널공학,,전공심화,4,,건설환경공학과,"최근 지상에서의 활용공간이 포화상태에 이름에 따라 지하공간 활용의 필요성이 날로 증대되고 있으며, 이로 인해 지하공동굴착 및 터널굴착 등에 대한 제반 기술이 요구되고 있다. 따라서 본 강좌에서는 굴착대상 지반인 암석과 암반의 공학적 특성 및 평가, 암반분류법 등의 기본사항을 다룬다. 또한 이와같은 암석 및 암반역학 이론을 토대로 NATM과 TBM 터널 등의 설계 및 시공, 안정성해석 및 평가방법 등에 대하여 강의함으로써 터널과 지하공간 설계의 실무능력을 배양시키고자 한다.",
CIE4082,건설환경공학과연구실심화실습1,,전공심화,3,,건설환경공학과,"대학원 연구실에서 이루어지고 있는 실제 연구활동에 참여함으로써 연구주제에 대해 심도 깊은 이해를 도우며, 연구역량을 높여 진로 설정에 도움을 준다.",
CIE4084,건설환경공학과연구실심화실습3,,전공심화,4,,건설환경공학과,"대학원 연구실에서 이루어지고 있는 실제 연구활동에 참여함으로써 연구주제에 대해 심도 깊은 이해를 도우며, 연구역량을 높여 진로 설정에 도움을 준다.",
CIE4088,측량학및건설캐드,,전공심화,4,,건설환경공학과,"토목공학은 매우 넓은 지역에서 이루어지는 건설 과정임. 따라서 정확한 위치에 정확하게 시공하는 것이 중요한.
우리가 살고 있는 타원 형태의 혹성에서 지구에서 정확한 위치를 측정하는 것은 매우 중요함.
땅과 바다 나아가 우주까지도 정확안 위치를 알지 못하면 인간은 그 어떤 행위도 정확하게 할 수 없는 것임.
따라서 현대에는 측량이라는 말보다 곤간정보학이라는 말을 쓰고 있음. 인터넷 지도 등도 모두 공간정보학을 기반으 로 만들어진 것임.
측량의 결과를 2차원 또는 3차원 디지털 데이터로 만드는 작업이 CAD임. CAD는 2D 및 3D공간 데이터를 다루는 기 본 개념을 익힐 수 있는 도구임.
또한 계획, 설계, 시공, 유지관리 단계에서 도면을 통해 소통하기 때문에 어느 직군이든 기본적은 CAD 조작법을 꼭 익 혀야함.",
CLU1030,디자인과혁신(클러스터),3,교양선택,1,1,ERICA 대학,"˂수업 개요˃
디지털 시대의 기술혁신은 빠르게 변화하며 인간 존재의 방식과 삶의 방식에도 큰 변화를 가져오고 있다. 이러한 시대에 인간은 기술과 협업하는 방향으로 나아가야 할 것이며, 인간의 역할은 기술이 독립적으로 수행하기 어려운 창의적 영역으로 새로운 시장을 만들어내야 할 것이다. 기술에 의해 대체되기 어렵고 기술이 독립적으로 수행하기 어려운 인간의 창의적 영역은 개인의 정체성과 공동체의 공존, 협력을 통한 집단 창의성이 강화될 때 가능한 것이다. 기술과 인간이 협업하는 미래사회를 준비하기 위해 근본적으로 갖추어야 할 능력은 협력과 공존의 기술을 터득하는 것이다. 본 교과목은 이러한 미래사회의 인재가 갖추어야 할 역량으로서 소통과 공감, 협업하는 인간의 근본적인 태도를 배우고, 아울러 디자인 씽킹을 통해 창의적인 아이디어 도출과 사회적 문제를 해결하기 위한 사고의 틀을 깨고 다양한 방법론을 실습함으로 문제해결 능력을 키우는 것을 목표로 한다. 또 한 협업을 통해 보다 나은 답을 찾는 과정을 경험하여 통합의 미래, 협력하여 함께 성장하고 보다 나은 삶을 위한 본질적 태도를 배우는 데 목적을 둔다.",
CLU1039,품질인증및시험·평가기술의이해(클러스터),3,교양선택,1,1,ERICA 대학,"1. 기업현장에서 요구하는 다양한 직무소양이 있으나 기술개발과 품질향상에 절대적인 요소인 시험, 평가기술을 이해하고 현장 적응력을 높이고자 본 과목을 개설함.
2. 강의 내용으로는 국가에서 운영하는 재료시험, 환경시험, 에너지효율 시험 및 전자파 시험에 대한 기술 및 절차들을 소개한다
3.  본 교과 수강 대상은 이공계학부 3, 4학년을 위주로 진행한다.",
CLU1041,글로벌리더트레이닝2(클러스터),3,교양선택,1,1,ERICA 대학,"글로벌리더트레이닝2는 학생들이 만나게 될 국제적 경쟁 및 영어 구사의 어려움 등을 극복할 수 있게 하는 훈련 및 교육을 실시하여 글로벌리더로 양성하는 데 그 목적이 있다.

 보다 자율적인 그룹 토론을 통해 보다 더 심화된 훈련과 교육이 실시될 것이다.
",
CLU1054,디자인싱킹(클러스터),3,교양선택,1,1,ERICA 대학,"디자인 씽킹은 사람들의 요구, 기술의 가능성, 비즈니스 성공을 위한 요구 사항 등을 통합하는 혁신에 대한 인간 중심의 접근 방식으로 진화적이고 다차원적 문제해결 중심 방법론이다. 4차 산업혁명시대의 인재상과 창의성 교육의 필연성을 공유하며  문제해결력을 중심으로 하는 디자인씽킹 개념 탐색하도록 한다. 
창의적 문제해결을 위한 디자인사고의 논리 학습으로 디자인씽킹 기법 적용한 다양한 문제해결의 경험을 갖도록 한다.",
CLU1063,누구나할수있는스마트폰앱만들기(클러스터),3,교양선택,1,1,ERICA 대학,"이 수업은 개발 기술을 가르치는 수업이 아닙니다. Technique보다 훨씬 더 중요한 최신트랜드의 다양한 분야 (디지털 광고, 결제기술, 빅데이터, 클라우드, 블록체인, AI 등)에 대한 사업적, 기술적 이해를 폭넓게 할 수 있도록 하여 취업에 도움을 주는 수업입니다. JAVA 프로그래밍의 기초적인 개념과 생성형 AI 활용 방법에 대해서는 개략적인 실습을 통해 진행될 것입니다. IT분야의 산업체 전문가가 겸임교원 및 특강으로 참여합니다.",
CLU1066,특허와협상1(클러스터),3,교양선택,1,1,ERICA 대학,"
본 수업은 경험하지 않은 새로운 아이디어를 도출하는 방법을 배운다
 ",
CLU1073,IT경영및사업화(클러스터),3,교양선택,1,1,ERICA 대학,"○ 산업시장에서의 경영과 전략을 이해하고, 
○ 경영전략의 결정요소, 전략결정기법, 전략대안 수립 방법에 대한 지식을 습득하며
    실제 경영전략의 실행 프로세스를 익힘으로써 현장에서 경영을 실행하는 방법을 배움
○ 이러한 IT경영전략의 기본 개념과 방법을 기반으로 실제 사업화를 위한 기술/아이디어에
    대한 사업화 개요, 사업화 추진방안, 창업 컨설팅 개요에 대해 숙지함으로써, 
○ 실제 사업화 프로세스 전반(Ideation, Business Model, Commercialization Strategy,
    Implementation)에 대한 실제적 실행 감각을 익히도록 함
○ 사업화 아이템 발굴 및 구체화, 사업계획서 작성등의 경험을 통해 ‘취업을 위한 자기소개서
    스토리’ 제공",
CLU1077,창의구현3D모델링기초실습(클러스터),3,교양선택,1,1,ERICA 대학,"본 실습교과는 아이디어 구상을 돕고 설계 개념을 시각화하여 입체감을 가진 사물을 컴퓨터 화면상에서 손쉽게 구현해 볼 수 있는 3D CAD 소프트웨어의 기본 개념과 사용법을 지도한다. 자신이 구상한 작품의 아이디어를 구체화하기 위해, 2차원 평면에서 도형과 요소를 그리고, 그려진 도형 및 각종 요소를 활용하여 3차원 입체부품을 제작한다. 또한 제작된 부품의 조합을 통해 전체 모델을 구성해 보고 부품간의 간섭 검사 및 동작 검토를 통해 최적화된 입체 모델을 확인 후, 3D 프린터를 활용하여 제작하는 실습을 단계별로 진행한다.",
CLU1078,비주얼스토리텔링(클러스터),3,교양선택,1,1,ERICA 대학,"시각 미디어 기술이 발달하고 이미지가 만연한 사회에서는 다양한 커뮤니케이션 방법이 등장하고 있다. 그러나 시각적 소통과 비언어적 표현의 가치가 강화되면서 이미지를 이해하는 관점과 태도는 기술의 발달과 나란히 가지 못하고 있다는 문제를 안고 있다. 미래 사회에서 요구하는 기술과 지식을 다루는 역량은 기술의 발전과 인간적 감성의 균형을 이루는 것이다. 

사회 기호학 맥락에서 보는 ‘비주얼 스토리텔링’이란 이미지와 시각성을 기반으로 한 스토리텔링으로 다양한 시각적 요소를 통해 사회적으로 구성된 의미를 재현하는 모든 형태의 전달 양식을 말한다. 이에 우리는 ‘수많은 시각적 요소를 어떤 시각으로 바라보고 어떤 관점에서 이해하고 있는가?’의 질문을 던지게 되고, 이는 ‘무엇을 볼 수 있는가?’라는 더욱 구체적인 질문으로 논의될 수 있다. 우리는 사물과 현상의 본질을 볼 수 있는 태도와 능력이 무엇보다 중요한 시대에 살고 있기 때문이다. 

하나의 이미지를 보면서 ‘무엇을 보는가?’는 개인마다 다양하게 나타나는데, 그 이유는 개인적 경험으로 인해 이미지와 관련된 대상과 관계 맺고 있는 방식이 사람마다 다르기 때문이다. 이러한 개인의 고유성은 이미지를 통해 서사를 창조함으로써 가치가 있으며 창의력, 소통 능력, 공감 능력, 성찰 능력, 통찰력 등 미래 사회가 요구하는 다양한 능력을 향상하게 함을 기대할 수 있다. 

본 수업은 OECD가 미래 사회에 대비해 다가올 2030년대 핵심 역량으로 새로운 가치 창조, 갈등 해소와 통합 등을 제시한 바에 기반하여 ‘비주얼 스토리텔링의 비전’에 대한 믿음에서 출발한다. 비주얼 스토리텔링의 능력을 갖추기 위한 본질의 탐구로써, ‘무엇을 볼 수 있는 사람인가?’의 질문에 답하기 위해 개인의 서사를 창조해 가는 과정이 중심이 된다.

수업의 구조는 크게 4단계로 구성되며, 창작 활동은 대부분 개인 활동으로 진행하고 2~3회 정도의 팀 활동을 진행한다. 이는 학생들 개인이 학습자 행동 주체자로서 책임감을 갖고 참여하고 서로 소통하며 협업하는 능동적인 태도를 가지도록 도울 수 있다. 

 1) 교수자 강의 
 2) 직관화(낙서와 같은 편안하고 자유로운 그림 표현) 
 3) 개념화(글쓰기를 통해 의미를 부여하는 과정) 
 4) 익명의 공유 및 소통(온라인 플랫폼에서 수강생들의 그림과 글을 실시간 공유하여 편안하고      진실한 소통과 공감의 의미 있는 경험) 

본 수업은 다양한 수업 주제를 통해 내면의 자기를 만나고, 존중하고 존중받는 경험은 자기만의 서사를 창조하고 내적 능력 발전을 도모한다. 학생들 개인이 학습자 행동 주체자로서 책임감을 갖고 참여하고 서로 소통하며 협업하는 능동적 태도를 가지도록 도울 수 있다. 

이러한 과정에서 수업의 주제에 신속하게 접근하고 정확히 이해할 수 있도록 돕기 위해 다양한 예술작품과 이미지를 공유하고 ‘무엇을 보는가?’와 ‘무엇을 볼 수 있는가?’의 차이에 대한 탐색에서 시작한다. 본 수업을 통해 세상 속 수많은 시각적 요소를 새롭게 이해하는 태도를 배우고, 인간과 삶의 핵심인 자기(self)를 다시 이해하는 질적인 변화를 통해 자기 정체성을 명확히 다질 수 있다. 학생들 개인이 학습자 행동 주체자로서 책임감을 갖고 참여하고, 서로 소통하며 협업하는 능동적인 태도를 가지도록 도울 수 있다. ",
CLU1085,그림으로배우는컴퓨터구조기초(클러스터),3,교양선택,1,1,ERICA 대학,"컴퓨터 언어와 소프트웨어 도구를 최적으로 사용하기 위해서는 컴퓨터 구조에 대한 이해가 필요하다. 
컴퓨터 구조란 명령어 세트, 레지스터와 기능 블록으로 구성된 내부 구조, 메모리와 버스로 구성된 시스템 구조를 포괄적으로 포함한다.
본 과목을 통하여 컴퓨터를 구성하는 CPU, 메모리, 입 출력 장치, 제어 부 등에 대하여 상세히 학습할 수 있다. ",
CLU1088,데이터베이스기초(클러스터),3,교양선택,1,1,ERICA 대학,"많은 양의 데이터들을 효율적으로 저장, 검색, 변경, 유지하기 위한 시스템을 데이터베이스 시스테이라고 하며, 본 과목에서는 이에 대한 기본 개념, 설계기법, 구현방법 등에 관한 기초적인 개념과 이론을 공부한다. 모델링 방법으로 Entity-Relationship Model을 학습하며, 관계형 데이터베이스 기초 이론으로서 관계 대수, 데이터베이스 질의어로서 SQL, 그리고 데이터베이스 기반의 최신 정보시스템 구축에 관한 이론을 습득한다. 최종적으로, 이론을 통하여 학습한 내용을 실습한다.",
CLU1090,전산통계학기초(클러스터),3,교양선택,1,1,ERICA 대학,"다양한 산업 및 직무에서 활용되고 있는 대부분의 데이터 분석은 통계학의 이론을 기초로 하고 있다.
본 강의는 교양 수업으로서 다양한 전공의 수강 학생들이 경영 관리 데이터, 수요 예측, 품질 관리 데이터, R&D 연구 등 다양한 직무에서 기본적인 데이터 분석 업무에 맞게  데이터를 다룰 수 있는 기초 능력을 배양  하기 위한 목적이 있다,
수업의 구성은 통계학의 기초 개념과 통계 프로그램인 R언어, 데이터 전처리 후 데이터 분석으로 구성된다.. 
",
CLU1093,리빙랩과디자인싱킹(클러스터),3,교양선택,1,1,ERICA 대학,"
 국문 교과목 개요 : (상세하게 기술)
①사용자 참여형 리빙랩에 대한 개념과 유형을 소개하고, 리빙랩의 국내외 활용 사례, 특히 대학 캠퍼스를 중심으로 활용된 사례를 통해 리빙랩에 대한 이해도를 높힌다. 
②리빙랩을 기획하고 운영하는데에 필요한 사용자 경험 평가, 서비스 디자인, 디자인 씽킹 등의 방법론에 대한 이론 습득을 통해 리빙랩 전문가로서의 역량을 배양한다.
③기업에서 활발하게 활용되고 있는 제품·서비스 혁신을 위한 산업혁신 리빙랩 실습을 통해 사업화를 추진할 수 있는 비즈니스 모델 설계와 시장출시에 필요한 제반사항을 익힘으로써 리빙랩 실무역량을 키운다. 
④한국생산기술연구원에서 동탄에 설치하여 운영 중인 스마트안전리빙랩을 실습에 활용하여 리빙랩 인프라에 대한 이해도를 높이고, 디자인 씽킹 등의 리빙랩 방법론은 현장에서 활동하고 있는 기업 전문가의 강의와 지도가 이루어진다.
 영문 교과목 개요 : (상세하게 기술)",
CLU1094,프로젝트관리입문(CPMS)(클러스터),3,교양선택,1,1,ERICA 대학,"1. 프로젝트 관리 방법론 CPMS(Certified Project Management Specialist)의 기본 프로세스를 이해하고, 적용 가능한 실무 사례(실무경험 시나리오 기반)를 접목한다. 또한 CPMS자격취득을 통한 경쟁력을 제고한다.
2. 실제 기업환경의 프로젝트 관리 사례를 학습하여 실무환경을 효과적으로 이해하고 적용되도록 한다.
3. 과학기술정보통신부를 비롯한 정부기관에서 PM을 법제화하고 있는 상황에서 본 과목의 이수로 수강자들의 취업기회를 제고한다.",
CLU1096,그로스해킹을적용한디지털마케팅(클러스터),3,교양선택,1,1,ERICA 대학," 스타트업 생태계에서 ‘그로스 해킹’이라는 단어가 유행하고 있다. 전통적인 마케팅이 브랜드 가치와 같은 무형 자산을 만드는 데 우선 순위를 두었다면, 그로스 해킹은 사용자의 행동 패턴을 데이터로 추출하고 수집된 데이터를 분석한 후 회사가 고객에게 주려고 하는 가장 중요하고 근본적인 가치를 찾아내 수치화하고 그것을 상승시키는 데 초점을 두는 것이다. 데이터를 기반으로 비용 효율적인 의사결정을 내리고 위험요소를 최소화해 성장을 이루는 것을 목표로 한다는 점에서 많은 스타트업이 시도하고 있는 마케팅 기법이기도 하다. 
 그로스 해킹의 역사가 길지 않기에 구체적인 정의가 확립된 것은 아니지만, 일반적으로 ‘성장을 위한 데이터 기반 문제해결 방법론’, ‘전체 개발 과정에 걸쳐 마케팅 아이디어를 제품에 녹여내는 최적화 전략’, ‘정량적 데이터와 정성적 데이터를 기반으로 고객의 반응을 확인하고 제품 및 서비스를 수정해 제품과 시장의 궁합(Product-Market Fit)을 높이는 것’ 등으로 정의할 수 있다. 이러한 데이터 기반의 기법은 경영학의 대가 피터 드러커가 한 말로 알려진 ‘측정할 수 없으면 관리할 수 없고, 관리할 수 없으면 개선할 수 없다(If you can’t measure it, you can’t manage it)‘ 와 일맥상통한다고 할 수 있다. 
 이러한 배경에서 그로스 해킹에 대한 근본적인 이해를 확립하고 참여 기업의 실제 데이터를 기반으로 소비자를 이해하는 기회를 제공하려 한다. 실제 사례 경험을 통해 혁신적 마케팅을 위한 개념, 이론, 케이스들을 학습하며, 실제 기업 혹은 정부 기관과 협업을 통해 현장 데이터를 활용하고 결과물을 제시하는데 목표를 둔다. ",
CLU1097,GPT로만든미래이야기,3,교양선택,1,1,ERICA 대학,"""GPT로 만든 미래 이야기""는 GPT 인공 지능 언어 모델의 창의적인 활용을 통해 2050년의 미래를 탐색하는 독특한 수업이다. 본 수업은 학생들이 GPT를 통해 10년 후 미래의 이야기를 창작하며 미래의 희망과 비전을 다지기 위한 수업이다. 수업은 2인 1팀으로 창작활동이 진행되며, IC-PBL을 통해 학생들이 창작한 이야기를 출판하는 경험도 포함된다.

""GPT로 만든 미래 이야기""는 학생들이 미래 세계를 생생하게 상상하고, 그 상상력을 통해 자신들의 잠재력과 창의성을 최대한 발휘하는 여정이다. 본 수업을 통해 학생들은 미래에 대한 통찰력을 개발하고, 기술의 발전이 사회와 인간의 삶에 미치는 영향에 대해 깊이 이해할 수 있다.",
CLU1100,IT프로젝트관리및기획실무(클러스터),3,교양선택,1,1,ERICA 대학,"- 개발자 직군이 아니더라도 PM, 기술영업, S/W 품질관리, S/W 기획자, S/W 설계자, 기술문서 작성 등의 직군으로 비 개발 분야 포지션에 대한 설명과 실무기반 교육",
CLU7124,AI리터러시,2,교양필수,1,1,기계공학과,,
COD2001,커뮤니케이션디자인방법론,,전공핵심,2,,커뮤니케이션디자인학과,"커뮤니케이션 디자인은 인쇄, 프로덕션, 디지털 미디어, 프레젠테이션과 같은 미디어 터치포인트로서 사람들과 소통하는 방식과 관련된 디자인과 정보 개발의 혼합 분야이다. 그러므로 본 커뮤니케이션디자인방법론 수업에서는 미디어의 미학 외에도 타깃과 커뮤니케이션할 수 있는 적합한 메시지를 개발하는 방법을 학습한다. 본 수업에서 학생들은 커뮤니케이션디자인의 문제해결 방법과 디자인 이론을 다양한 디자인 학습과제를 통해 학습하여 디자이너의 감각적인 능력과 객관적인 능력을 발전시킨다. 본 수업은 디자이너로 성숙하는 데 유용한 커뮤니케이션 디자인 콘텐츠 (터치포인트 디자인)을 체계적으로 다루고 있으며, 학생들은 수업시간 중에 다양한 디자인 학습과제와 디자인 프로젝트를 통해 그 내용을 학습한다. 수업 진행 계획은 다음과 같이 3단계로 나누어 진행한다. 첫 번째 학습 단계인 '디자인 스타일 에셋 연구'에서는 디자인 스타일 개발에 대한 강의 내용을 총 7개의 개별 학습과제를 통해 학습한다. 두 번째 학습 단계인 터치포인트 디자인 연구'에서는 학습과제 1개와 기본 시각 언어 요소, 터치포인트 디자인, 브랜드 디자인 수명 주기를 학습하여 주어진 디자인 시나리오를 해결한다. 세 번째 학습 단계인 '디자인 연구 결과'에서는 디자인 프로젝트를 완료하여 팀 별로 디자인 결과를 제시하고 학습 효율성을 평가한다.",
COD2002,커뮤니케이션디자인스튜디오,,전공핵심,2,,커뮤니케이션디자인학과,"디자인은 비언어적 커뮤니케이션 수단으로 전달하고자 하는 목적과 메시지를 다양한 형태로 표현한다. 산업 환경의 변화에 따라 디자인의 영역이 점차 확장되면서 디자이너에게 보다 복합적인 역량이 요구된다. 본 교과목은 디자인의 기초 원리 이해를 바탕으로 다양한 디지털 신기술(생성형 AI)을 디자인 도구로 활용하는 접근 방식을 통해 새로운 시각물 제작 기법을 습득하고, 이를 프로젝트에 적용하여 실제 디자인 프로세스를 경험하는 것을 목표로 한다. 단순한 기술 습득을 넘어 대상을 관찰하고 맥락을 이해하는 과정을 통해 학생들은 디자이너로서 주체적인 관점을 확립하고 통합적 사고와 커뮤니케이션 역량을 기를 수 있다.",
COD2003,패키지디자인메이킹,,전공핵심,2,,커뮤니케이션디자인학과,"패키지디자인메이킹 과목은 IC-PBL의 수업으로 패키지디자인의 Process에 대한 정확한 이해 및 프로젝트 방향과 Concept을 정확히 이해하고 설정, 수행함으로서 보다 실질적이고 실무교육에 가까운 포장디자인을 통해 문제해결능력을 키워나가는데 첫째로 목표를 갖고 있다.
또한 이러한 과정은 ""IC-PBL의 근본적인 학습목적""으로 실질적인 프로젝트 수업을 통해 B.I(Brand Identity)에서의 첫째인 네이밍 개발 및 기획, 마케팅, 스케치, 컴작업의 최종 결과물까지 보다 객관적으로 현장 실무자의 참석을 통한 품평회나 결과물들을 공신력 있는 공모전을 이용, 개개인의 잠재력과 능력을 스스로 평가해 보고 자신감을 갖는데 있어서 두 번째 목표를 갖는다.",
COD2004,시각전달디자인,,전공기초,2,,커뮤니케이션디자인학과,"현대사회의 수많은 정보에 대한 전달을 시각적으로 책임져야하는 디자이너들에게 다양한 정보를 다루는 과정과 구체적인 경험은 무엇보다 중요하다. 현장에서 최적의 커뮤니케이션 도구로 제시되어야 하는 시각전달은 정보가 생성되기 이전부터 모든 맥락을 이해하고 체계적으로 구성되고 조직화 되어야하므로 이를 위한 훈련이 반드시 필요하다. 본 교과는 2021년부터 화두가 된 메타버스환경을 이해하고 IC-PBL교과목으로 현장과 함께 협업으로 하는 시각전달디자인교과로 구성된다. 학생 스스로 문제를 파악하고 그 문제의 해답을 해결해가는 과정으로부터 시작하게 된다. 수업은 16주 동안 전공분야 역량을 활용하여 실무 현장에서 필요한 디자이너의 역할과 기업 문화를 이해하고, 디자이너 간 협업, 타 분야 전문가와의 의사소통 및 결정과정을 경험하는 것을 계획한다.
IC-PBL의 특성상 기업 간 문제해결과정에서 발현되는 디자인 프로세스는 학습자의 창의적인 수행과정과 실무에서 유사한 문제 상황에 대해 책임 있는 태도를 경험하며 또한 여러 구성원들과의 사회적 상호교류는 서로의 잠재적 창의성을 자극하고 발현시켜 창의적인 문제해결의 능력과 협업 능력을 갖춘 인재 양성의 기회를 얻을 수 있다.",
COD3001,브랜드디자인과로컬브랜드,,전공핵심,3,,커뮤니케이션디자인학과,"로컬브랜드의 의미를 파악하고 소상공인 소규모 브랜드, 지역사회 개발 프로젝트, 특정 산업에 필요한 브랜드 요소를 이해하는데 목적이 있다. 이론 수업에서 ‘로컬 브랜드 디자인 개발 프로세스'를 학습하고 그 이론을 바탕으로 특정 브랜드를 선정하고 8주간 프로젝트 기획, 리서치, 자료분석 과정을 진행, 나머지 8주간 실제 활용 가능한 디자인 최종 결과물까지 완료하는 프로젝트",
COD3005,UX·UI디자인1,,전공심화,3,,커뮤니케이션디자인학과,"1. UX/UI 디자인 프로세스를 수행해보며 사용자 경험 디자인에 대한 이해를 다지며, 다양한 디바이스를 대상으로 한 app및 서비스를 만들어 개선점을 바탕으로 새로운 경험을 설계 해 볼 수 있도록 한다.
2. 실무와 근접한 수준의 프로젝트를 개별 또는 팀으로 수행함으로써 학생들이 직접 실무에서 경험할 수 있는 프로세스를 간접경험 할 수 있다.",
COD4010,디자인혁신1,,전공심화,4,,커뮤니케이션디자인학과,"오늘날 기업들은 혁신에 끊임없이 갈증을 느끼고 있으며, 강력한 브랜드를 구축하기 위해 노력하고 있다. 그렇다면 혁신이 의미하는 바가 무엇일까?
본 수업에서는 브랜드, 혁신, 디자인에 대한 포괄적인 개요를 바탕으로 브랜드 매니지먼트로 성장하기 위한 디자인 경영 지식을 학습한다. 나아가 실무에서 조직과 소비자 모두에게 가치와 의미를 창출하는 브랜드 혁신과 디자인의 통합을 실질적으로 구현해본다. 더불어 디자이너로서 지속적인 혁신과 미래 가치를 위해 디자인 역할을 예측하고 새로운 관점을 제안해본다.",
COD4012,디자인워크샵1,,전공심화,4,,커뮤니케이션디자인학과,"시각적 커뮤니케이션을 디자인하는데 있어 필요한 기반 지식과 기술을 연구한다. 지식기반 정보와 과학적 데이터의 체계적인 시각화 작업에서 디자인의 중요성을 인식하고, 새로운 표현 가능성을 연구하고 실습한다.",
COD4014,패키지디자인스타트업1,,전공심화,4,,커뮤니케이션디자인학과,"디자이너는 수많은 동일 제품속에서 사람들에게 사랑받는 브랜드를 창조해야 한다. 패키지디자인스타트업 수업을 통해 사랑받는 브랜드로 자리잡기 위한 과정을 명확한 프로세스로 정립하고 단계적으로 수행함으로써 사랑받는 브랜드를 창출하는 통찰과 기술을 겸비한다. 전통적인 패키지디자인의 개념은 여러 외부 환경으로부터 내용물을 보호하고 소비자들의 상품 구매 의사 결정에 큰 영향을 주는 것에 집중 하였으나 점차 기술이 발달하고 소비자 요구도 다양해짐에 따라 기본적 기능에서 확대된 환경의 여러 변화 들과 융합된 패키지디자인의 역할이 더욱 중시되고 있다.
DX 디지털 트랜스포메이션(Digital Transformation) 즉. 4차 산업 환경에 놓인 제품 생산 업체는 인공지능 등을 비롯하여 빠르게 변화하는 디지털 기술을 활용하여 회사의 경쟁력을 강화하고 새로운 비즈니스 기회를 창출하기 위해 스마트 패지지디자인 메이킹에 전력하고 있다. 이에 대학 패키지디자인스타트업 교육 내용은 소비자의 스마트폰 활용과 물류환경의 변화에 맞추어 스토리가 있는 브랜드를 기획하고 유통 마케팅에 걸맞는 패키지디자인 제작생산에 대한 교육이 필수적이다. 브랜드스토리로 고객과 공감하는 스마트한 패키지디자인 연구 과정을 통해 고객과 상호작용하며 사랑받는 브랜드로 인식시킬수 있는 패키지디자인 과정을 수행하고자 한다.",
COD4016,디자인싱킹&메이킹,,전공심화,4,,커뮤니케이션디자인학과,"본 강의는 디자인 싱킹의 기본 원리를 깊이 있게 이해시키고, 인공지능 도구의 도입이 디자인 접근 방식에 어떤 혁신적 변화를 가져오는지 탐색하는 것 을 목표로 한다. 이론 학습과 실제 프로젝트를 통해, 인공지능이 디자인 프로세스를 어떻게 변화시키고 있는지, 그리고 디자인 싱킹 접근 방식이 이러 한 도구들과 어떻게 효과적으로 결합될 수 있는지 창의적인 결과를 도출할 수 있는지 탐색한다.",
COE2003,정역학,3,전공기초,1,1,건축공학전공,"모든 공학도들이 필요로 하는 역학의 기본개념을 벡터대수학의 개념을 통해 확립하고, 평면 및 공간상의 질점 및 강체에 대한 힘의 평형조건 그리고 이를 이용한 간단한 구조해석기법 등을 강의한다.",
COE2018,건설재료실험,,전공핵심,2,,건설환경공학과,"이 강좌는 건설 재료의 시멘트, 골재, 철근, 섬유 강화 폴리머, 포졸라닉 재료 및 경화 와 경화 전 콘크리트의 평가에 관한 것을 알아본다. 기초적인 지식을 확립하기 위하여, 건설재료의 사용 및 실행 가능성을 공부함으로써 이러한 건설 재료가 건설 분야에 어떻게 적용되는지에 대해서 알아본다.",
COE2022,공학입문설계,3,전공심화,1,1,건축공학전공,"문제를 발견해 명확히 정의하고 수집한 정보와 자료를 바탕으로 아이디어를 생산, 구체적인 실행과 피드백에 이르는 일련의 문제해결 과정을 창의적으로 수행할 수 있도록 교육하고, 임의의 프로젝트를 수행한다.",
COE2023,건설환경공학입문설계,3,전공기초,1,1,건설환경공학과,"공학 및 건설환경공학이 무엇인지 이해하고 공학설계의 방법에 대해 학습한다. 
소집단을 구성하여 설계프로젝트를 진행하며, 프로젝트 진행을 통해 공학설계능력, 팀워크능력, 발표능력을 향상한다.",
COE2052,고체역학,,전공심화,2,,소재·부품융합전공,"기계공학 전공과목이수를 위한 필수 핵심과목이며, 기계구조물을 해석하고 설계할 수 있는 기계공학적 지식과 합리적인 공학적 사고능력을 갖추기 위한 수업임. 기계시스템의 부재에 생기는 응력 및 변형률을 정의하고 축방향하중, 비틀림 모멘트, 굽힘 모멘트, 전단력 등에 의한 부재내의 응력계산 방법과 변형률계산 방법을 다룬다.",
COE3001,공업수학,,전공핵심,2,,해양융합공학과,"본 강의에서는 해양융합공학과 학생들에게 요구되는 공업수학적 지식과 문제 해결능력을 교육한다. 특히, 공학적 현상과 수학적 모델을 분석하고 이해하기 위한 수학적 접근방법에 대한 지식을 제공한다. 강의 내용은 상미분 방정식, 선형 미분 방정식, 라플라스 변환 및 편미분방정식 일부를 포함한다.",
COE3002,수치계산,,전공심화,2,,재료화학공학과,"이 강의는 수치해석의 기초 개념과 방법론을 소개하는 것을 목표로 함. 파이썬 프로그래밍을 활용하여 다양한 수치적 문제를 해결하는 능력을 배양하게 되며, 주요 학습 목표는 다음과 같음.
파이썬 기초: 수치해석 문제를 해결하기 위한 파이썬 프로그래밍의 기초인 변수, 제어문, 함수, 라이브러리 사용법 등을 학습함.
선형/비선형 방정식 해구하기: 수치적 기법을 사용하여 선형 및 비선형 방정식의 해를 구하는 방법을 배우고 이를 통해 다양한 공학적 및 과학적 문제를 해결하는 능력을 배양함.
최적화 및 선형계획법 기초: 최적화 문제와 선형계획법의 기본 개념을 이해하고, 이를 수치적으로 해결하는 방법을 학습함. 실제 문제에 적용하여 최적의 해를 찾는 방법을 학습함.
미분방정식 및 편미분방정식 풀기: 상미분방정식(ODE)과 편미분방정식(PDE)을 수치적으로 푸는 방법을 학습하며, 이를 통해 복잡한 동적 시스템을 모델링하고 분석하는 능력을 배양함.",
COE3051,공업수학1,3,전공기초,1,2,기계공학과,"1.공학대학의 기초과목인 미적분학을 기초로하여 상미분방정식, 선형미분방정식, 미분방정식의 급수 및 급수해, Laplace Transformation을 체계적으로 지도하여, 기초개념, 원리 및 법칙 등의 이해와 응용능력을 배양하고 전공과목 이수에 기초가 되게 하며 합리적이고 과학적인 사고로써 사물을 처리하는 수학적 소양을 키우는데 있다.
2.강의는 병행수업으로 진행할 예정입니다. 중간시험과 기말시험은 대면수업으로 시행할 예정입니다.
  (강의 및 시험 방식은 방역상항에 따라 변경될 수 있습니다)",207
COE3052,공업수학2,,전공기초,2,,전자공학부,"복소수에 대한 개념, 복소 함수 및 그의 응용을 배우고 Cauchy-Riemann 방정식과 Laplace 방정식의 원리 및 개념을 이해하도록 강의한다.",
COM1003,프로그래밍2,,전공핵심,3,,신산업소프트웨어전공,"가장 널리 사용되는 프로그래밍 언어의 하나인 파이썬의 효율적인 프로그래밍을 위한 필수적인 개념을 소개하고, 이를 바탕으로 실무적인 문제해결 프로그래밍을 위한 데이터의 처리, 분석, 시각화 등의 소프트웨어 개발 방법에 대해서 학습한다. 또한 여러 가지 창의적인 소프트웨어 문제를 제기하고 해결하기 위한 파이썬 프로그래밍 실습과제를 코딩함으로써 프로그램 개발 능력을 배양한다.",
COM2005,운영체제론,,전공핵심,3,,컴퓨터학부,"컴퓨터 운영체제의 기본 원리와 개념을 이해하기 위한 교과목이다.
This course is designed to understand the fundamental principles and concepts of computer operating systems.",
COM2018,객체지향프로그래밍,3,전공핵심,1,2,300,,
COM3012,컴퓨터공학연구실심화실습1,,전공심화,3,,컴퓨터학부,"교수와 사전 면담 후 선발된 학생들을 대상으로 운영. 필요에 따라 연구, 프로젝트 참여 등 다양한 방법으로 운영됨.",
COM4013,컴퓨터공학연구실심화실습3,,전공심화,4,,컴퓨터학부,"본 교과목은 학부생들이 소프트웨어공학 연구실에서 진행되는 연구를 미리 체험하게 함으로써 전공 관련 고급 지식을 습득하고 연구역량을 높이며 진로 설정에 도움을 주기 위함이다. 현재 소프트웨어공학 연구실에서는 소프트웨어를 개발, 분석, 평가, 유지보수에 관련된 다양한 최신 기술은 물론 기 개발한 소프트웨어의 품질을 관리하고 보장하는 다양한 기법애 대한 연구를 진행하고 있다. 본 교과목은 실제 소프트웨어공학 연구실 인턴 및 예비 인턴만을 대상으로 한다. 본 교과목 수강 신청 이전 담당 교강사와 사전 면담은 필수이다.",
CPE1001,해부학,,전공기초,1,,스포츠과학부,"인체 해부학의 기초인 인체의 구성요소와 근골격계 구조물들의 위치, 기능 등 신체의 기능해부학적 구조를 전반적으로 이해하고 학습한다.",
CPE1002,생리학,,전공기초,1,,스포츠과학부,"생리학에서는 인체를 구성하는 세포와 기관들의 개별적인 기능 이해를 바탕으로, 어떤 기전을 통해 인체가 정상적인 기능을 나타내고 유지하는지에 대해 학습한다. 정상적인 인체가 어떻게 생명유지 활동을 하는지 이해하고 외부 환경에 대한 항상성을유지하는지 학습함으로서, 대상자의 정상상태와 질병상태를 구분하고 관련 생리학 지식을 체계적으로 이해할 수 있는 기초지식을 습득한다. 또한 연계되는 운동생리학의 기초 과목으로서 개념을 숙지하도록 하는 것에 그 목적이 있다.",
CS31017,프로그래밍기초,3,전공기초,1,2,산업경영공학과,,
CS31020,창의융합설계,2,전공핵심,1,2,ICT융합학부,,
CSE1007,논리학(컴퓨터전공),3,전공기초,1,1,ICT융합학부,"본 교과목은 ICT융합학부 1학년 수강생을 위한 기호 논리학 과목이다. 본 교과목은 기호 논리학의 기본이 되는 핵심 문장(atomic sentence), 조건 문장(conditional sentence), 정량화된 문장(quantified sentence) 등 논리적인 문장에 대한 개념을 제시하고, 주어진 문장의 타당성에 대해서 정형적으로 검증하는 증명방법을 소개한다.",304
CSE1008,컴퓨터캡스톤디자인1,,전공심화,3,,컴퓨터학부,두학기에 걸처서 그룹프로젝트를 진행하며 완성함.,
CSE1017,프로그래밍기초,3,전공기초,1,1,ICT융합학부,"This class studies the concepts of variables, input-output and function abstraction, and learns control structures of programs, including conditionals, loops and recursions using Python. The class then understands the concepts of objects and the Python library, and exercises simple GUI programming. ",304
CSE1018,컴퓨터캡스톤디자인2(종합),,전공심화,4,,컴퓨터학부,"본 과목의 목적은 팀 단위 소프트웨어 개발 프로젝트를 직접 수행해 봄으로써, 신뢰성 있는 소프트웨어를 효율적으로 개발하기 위한 다양한 기법들을 배우는 것이다. 효율적인 소프트웨어 개발을 위한 소프트웨어 요구 사항 분석 기법, 체계적인 소프트웨어 분석 및 설계 기법, 구현, 문서화 및 테스트 기법 등과 같은 다양한 기법들을 배우고, 또한 팀 기반 소프트웨어 개발 프로젝트에서 필요한 발표력과 팀웍 등과 같은 의사 소통 능력을 습득하여 소프트웨어 개발에 필요한 실무적인 기술들을 배운다.
참여기업: 주식회사 파이언넷, 연계내용: AI기반의 실시간 상품 추천 시스템 구축",
CSE1019,오픈소스SW기초,3,전공핵심,1,1,컴퓨터학부,"최근 오픈소스 기반의 콘텐츠 개발 및 프로그래밍은 전세계적으로 화두가 되고 있는 이슈 중 하나이다. 특히 다양한 오픈소스 소프트웨어를 기반으로 IT 전공자 외에 비전공자들도 쉽게 시스템에 적용할 수 있다. 본 교과에서는 오픈소스 소프트웨어 대한 이해와 함께, 소프트웨어 산업에 대한 이해, 비지니스 모델의 변화, 오픈소스 소프트웨어의 가치, 철학에 대해 알아본다. 또한 오픈소스 소프트웨어 프로젝트와 커뮤니티에 대한 이해도를 높이고자 한다.  ",
CSE1020,창의융합설계,3,전공핵심,1,1,ICT융합학부,"다음 세대를 위한 기술과 미래 직업의 새로운 경향에 대해 이해하고 미래를 준비하기 위해 다양한 연구 실적과 현장 경험을 지닌 전공 교수님들이 ICT융합학부를 구성하는 각 전공 분야와 개설 교과목에 대해  강의합니다. 
AI, IoT, 3D 프린팅, 빅 데이터, 자율주행차, 로봇, VR, 바이오헬스케어, 블록체인 등 산업의 급격한 변화에 대해 설명하며, 4차 산업혁명 시대를 대표하는 다양한 핵심기술에 대해 소개합니다. 
학생들이 미래 사회에 대한 요구를 이해할 수 있도록 사회 환경에 대해서도 논의합니다.",304
CSE1021,소프트웨어엔지니어링커뮤니케이션,2,전공기초,1,2,300,,
CSE2010,자료구조론,3,전공핵심,1,2,300,,304
CSE2011,마이크로프로세서,,전공심화,3,,로봇융합전공,"컴퓨터는 최초의 컴퓨터라 불리는 애니악으로부터 지금의 컴퓨터까지 발전되어 왔다. 본 교과목에서는 컴퓨터의 역사를 먼저 다루고 컴퓨터의 메모리 계층 구조, 입출력 시스템 구조, 프로세서 및 제어 장치의 설계기법에 대하여 배우고, 파이프라인 컴퓨터, 어레이 컴퓨터, 다중프로세서 컴퓨터와 같은 병렬처리 시스템의 구조 및 시스템에서 구현 및 작동에 관련된 문제점과 이의 해결 기법을 배운다.",
CSE2016,프로그램설계방법론,3,전공핵심,1,1,컴퓨터학부,"효율적으로 소프트웨어를 개발하기 위한 필수적인 개념을 소개하고 이를 바탕으로 대규모 소프트웨어 및 복잡한 소프트웨어 개발 방법에 필요한 이론을 설명한다. 
컴퓨터 프로그래밍에 필수적인 자료구조, 알고리즘, 운영체제 등을 실용적인 위주로 학습한다. 
그리고 배운 내용들을 숙제 및 프로젝트를 통하여 연습하여 프로그램 개발 능력을 배양한다. 
사용 언어 : Java",
CSE2018,시스템프로그래밍기초,3,전공핵심,1,1,컴퓨터학부,"1. 컴퓨터 시스템의 구성 및 프로그램의 동작 원리를 이해 
2. 컴퓨터공학에서 기본적이며 중요한 C언어의 개발환경과 문법을 이해
3. C언어로 프로그램을 개발하는 능력 배양",
CSE2021,오픈소스SW,,전공핵심,2,,미디어테크놀로지전공,본 과목은 ICT융합학부 수강생을 대상으로 소프트웨어 개발의 큰 흐름으로 대두되고 있는 오픈소스SW 및 그 근간을 이루는 유닉스/리눅스와 인터넷 그리고 개발방법에 대해 소개하기 위한 SMART-F 교과목이다.,
CSE2022,피지컬컴퓨팅,,전공심화,3,,컬처테크놀로지전공,"본 수업은 피지컬 컴퓨팅을 황용하여 물리적 미디어를 구현할 수 있는 기초적인 전기/전자 지식을 학습합니다.
동시에 물리적 미디어를 활용하여 창의적인 컨텐츠를 기획하고 제작하는 경험을 다루는 수업 입니다.
또한 수업을 통해 배운 아두이노 및 센서 활용 기술을 기반으로 개인 프로젝트를 진행합니다.
수업에서는 아두이노 플렛폼을 통해 코딩과 회로를 다루며, 교재는 아두이노의 공식 레퍼런스 및
수업계획서에 기술된 주교재를 기반으로 강의가 진행됩니다.
부정행위. 수업시간 1/3 이상 결석. 또는 특별한 사유없이 중간 또는 기말발표에 참여하지 않은 경우 성적 취소 또는
낮은 평가가 부여될 수 있습니다.",
CSE2023,SW창업캡스톤디자인,,전공핵심,2,,컴퓨터학부,"본 과목에서는 SW공학도를 위한 기업가정신과 창업을 다룬다. SW기반 비즈니스의 이해와 더불어 창업에서 필요한 경영적 지식을 함양한다. 창업에 필요한 기본적인 개념을 숙지하고, 아이디어의 개발에서부터 사업계획서 작성까지의 과정을 이해한다. 세부적인 내용으로는 창업프로세스 이해, 창업팀 구성, 아이디어 개발, 시장조사와 선행기술조사, 비즈니스 모델 설계, 사업계획서 작성 등이다.",
CSE2024,소프트웨어개발실무,,전공핵심,2,,컴퓨터학부,"본 교과목은 소프트웨어학부 2학년 전공핵심 교과목이며 SMART-F, IC-PBL, 영어전용 교과목이다. (SMART-F 교과목 : 동영상 강의)
본 교과목은 소프트웨어 개발 현업에서 필수적으로 보유해야하는 현실적 실무와 관련 개발, 관리, 배포, 운영 도구 활용 능력을 배양하는데 목적을 둔다. 따라서 본 교과목에서는 현업의 환경과 최신 트렌드를 적극 반영하여 실질적으로 간단한 소프트웨어 프로토타입 개발을 실질적 프로젝트로 진행하며 이때 프로젝트 관리, 형상관리, 프로토타이핑, 품질 관리, 지속적 통합 및 배포 관리를 도구를 활용한다.",
CSE3003,디지탈논리설계,,전공핵심,2,,컴퓨터학부,"이 과목에서는 디지털 논리회로의 설계와 해석에 필요한 기본 이론을 배운다. 주요 교과 내용은 부울대수, 논리함수의 표현과 간략화 기법, 상용 논리소자(인코더/디코더, 멀티플렉서, PLD 등), 그리고 플립플롭의 종류 및 동작특성 등이다.",
CSE3010,데이터베이스,,전공핵심,2,,비즈니스애널리틱스전공,"본 교과목에서는 많은 양의 데이터를 효율적으로 저장하고 검색, 변경, 유지하기 위한 데이타베이스의 기본개념과 설계 기법, 구현 방법 등을 소개한다.
대표적인 데이타베이스 모델링 기법으로써 E-R 모델과 의미 객체 모델을 다루고 Normalization을 거쳐 관계형 데이타베이스로 변환하는 메커니즘을 다룬다.
SQL과 같은 데이터 조작언어와 그러한 표준화된 데이터베이스 조작언어의 이론적 기반을 제공하는 관계형 연산에 대한 수학적 고찰을 한다.",
CSE3026,웹애플리케이션개발,,전공심화,3,,컬처테크놀로지전공,"본 수업은 웹 어플리케이션을 제작하는데 필요한 기초지식을 배우고, 이를 활용하여 간단한 웹 어플리케이션을 제작 합니다.
기획, 설계, 디자인, 프로그래밍을 순차적으로 다룹니다. 이를 통해 전반적인 서비스 개발이 어떻게 이루어 지는지 배웁니다.
HTML과 CSS를 통한 퍼블리싱을 배우고, Javascript 라이브러리인 p5.js를 통해 동적으로 동작하게 하는 법을 배웁니다.
프로젝트는 두 가지 프로젝트를 중간 / 기말에 나눠서 진행하게 됩니다. 중간 프로젝트는 HTML/CSS를 이용한 인터랙티브 웹 페이지를 만드는 프로젝트를 진행합니다.
기말 프로젝트는 P5.js 라이브러리를 이용한 동적 웹 어플리케이션을 만드는 프로젝트를 진행합니다.
교재는 따로 구입할 필요는 없으며, 수업 자료를 수업 전에 나눠드립니다.
과제는 개별 진행을 원칙으로 하나, 인원이 많을 경우 팀플을 하게 될 수도 있습니다.",
CSE3027,컴퓨터네트워크,,전공핵심,3,,컴퓨터학부,"현대 사회에서 인터넷 연결은 필수 불가결하다. 본 수업은 인터넷, 컴퓨터 네트워크의 구성, 작동원리, 다양한 애플리케이션 등에 관해 학습한다.",
CSE3035,컴퓨터공학연구실심화실습2,,전공심화,3,,컴퓨터학부,"연구 활동에 참여하여 높은 수준의 학문을 탐색하고 이해하며, 또한 연구 프로젝트에의 실질적인 기여를 추구한다.
(수강신청 전 유용재 교수와 면담 필수. 면담 미수행자 및 거절 인원은 자동 F)",
CSE3038,SW창업캡스톤디자인2,,전공핵심,3,,컴퓨터학부,"본 과목에서는 SW기반의 창업과 기업가정신을 다룬다. 창업에 필요한 기본적인 개념을 숙지하고, 아이디어의 수집에서 비즈니스모델링 및 예상 구현모델까지의 과정을 이해한다. 또한, 제품 및 서비스의 구현을 통해 실제 창업에 이르는 경험을 체득하도록 한다. 세부적인 내용으로는 창업프로세스, 창업팀 구성, 아이디어 개발, 시장 및 기술조사, 비즈니스 모델 설계, 사업계획서 작성, 제품/서비스 개발 등이다.",
CSE4006,소프트웨어공학,,전공심화,4,,컴퓨터학부,"본 교과목은 컴퓨터학부의 전공심화과목이고 SMART-F 및 IC-PBL 교과목입니다. 이 교과목에서는 산업현장의 개발 프로젝트를 주제로 지정하여 소프트웨어 개발 프로세스 단계별로 문제를 도출, 파악, 조사, 분석, 해결의 절차를 거치게 되며 이를 통하여 소프트웨어 공학의 이론적 지식습득은 물론이고 팀별 토론 및 발표를 진행함으로써 여러 학생들이 습득한 다양한 지식들을 공유 및 검토하게 된다. 또한, 본 교과목은 수업 시 토론 및 강의를 통하여 습둑한 지식을 실질적으로 적용할 수 있는 실습을 포함하고 있다. 추가적으로 소프트웨어 개발 프로젝트를 팀 단위로 진행함으로써 각 개발 단계에서 요구하는 요구사항명세서, 설계 문서, 테스트 디자인 등의 산출물 역시 개발하게 되고 마지막에는 프로젝트 총괄 발표를 진행하게 된다.",
CSE4007,인공지능,,전공심화,3,,로봇융합전공,"강의웹사이트: https://sites.google.com/hanyang.ac.kr/rob4015
로봇공학과를 위한 인공지능 개론으로 세부분야인 머신러닝, 딥러닝, 강화학습의 이론과 실습을 배운다.
Pacman 게임을 플레이하는 Reinforcement Learning Agent를 학습한다. F1/10를 자율주행하는 Agent를 학습한다.",
CSE4009,시스템프로그래밍,,전공심화,3,,융합공학과,"임베디드/컴퓨터 시스템의 구조와 기능을 학습하고, 시스템의 기능을 프로그래밍으로 수정, 제작 할 수 있는 다양한 방법을 익힌다.",
CSE4012,컴퓨터지원설계,,전공심화,3,,융합공학과,"컴퓨터의 지원을 받아 반도체 설계에 필요한 하드웨어 설계 언어(Verilog)를 학습한다. 언어의 문법적인 구성과 디지털 하드웨어와의 연관 관계, 테스트 방법, 시뮬레이션 Tool의 사용법에 대해 살펴본다.",
CSE4018,인간과컴퓨터상호작용,3,전공핵심,1,2,국방지능정보융합공학부,,
CSE4020,컴퓨터그래픽스,,전공핵심,2,,융합공학과,컴퓨터 그래픽 시스템의 근간을 이루는 그래픽 처리에 대한 이론과 실제 활용 방법에 대해 학습한다.,
CSE4021,로봇공학,,전공심화,4,,전자공학부,"본 교과목은 로봇에 대한 이론 교육은 전자공학부 이병주 교수가 담당하고 있으며 이론과 실습으로 구성된다.
이론은 로봇공학의 기초를 다루며 실습은 CANON KOREA의 현장에서의 로봇 적용 문제를 다룬다.",
CSE4044,시스템보안,,전공심화,4,,컴퓨터학부,"The course covers various security vulnerabilities of computer systems. The students study the details of various attack techniques and learn how to defend against them. Topics include Set-UID Programs, Environment Variables and Attacks, Shellshock Attack, Buffer Overflow Attack, Return-to-libc Attack and ROP, Format String Vulnerability, Race Condition Vulnerability, Dirty COW, Reverse Shell, Meltdown Attack, Spectre Attack. For each attack, the students not on learn how they work but also try the attack themselves through labs in a virtual machine environment. The attack topics are subject to change
Depending on the students' performance, we will have in total 8-10 labs
The lecture is in English and the labs are in Korean (the slides are in English)",
CSE4045,모바일컴퓨팅,,전공심화,3,,컴퓨터학부,모바일 기기의 빠른 보급과 함께 모바일 컴퓨팅은 다양한 IT애플리케이션의 필수요소로 자리잡고 있다. 따라서 모바일 플랫폼과 시스템 개발에 필요한 다양한 기술들에 대한 지식과 깊이 있는 이해가 반드시 필요하다.,
CSE4047,네트워크시큐리티,,전공심화,4,,지능형로봇학과,"본 과목에서는 네트워크 시큐리티와 관련된 내용을 학습합니다. Information confidentiality, integrity, availability를 목표로 하는 공격과 방어 방법들을 배우고 네트워크 시큐리티의 기초에 해당하는 cryptographic, primitives/protocols, authentication, authorization 그리고 access control 방법을 학습합니다. 또한 실습과 프로그래밍 과제를 통하여 배운 내용을 구현합니다. 취업과 관련 문의사항(e.g., 출석, 공결, 대체과제)이 있으신 분은 메일로 연락바랍니다.
This course is an extensive survey of network security. The course materials cover threats to information confidentiality, integrity, and availability in different internet layers, and defense mechanisms that control these threats. The course also provides a necessary foundation on network security, such as cryptographic, primitives/protocols, authentication, authorization and access control technologies; and hands-on experiences through programming assignments and course projects.",
CSE4048,딥러닝,,전공심화,3,,컴퓨터학부,"이 강의는 딥러닝의 기본 구성 요소와 원리부터 최신 동향까지 포괄적으로 다룹니다. 강의 전반부에서는 딥러닝의 기본 원리와 기본 구성 요소에 중점을 둡니다. 다루는 주제로는 경사 하강법, 정규화 기법, 그리고 표준 딥러닝 모델들이 포함됩니다. 강의 후반부에서는 학생들이 최신 고급 딥러닝 모델과 이러한 모델을 실제 시나리오, 특히 텍스트 도메인에 적용할 수 있도록 훈련하고 활용하는 기술을 배우게 됩니다.",
CSE4050,컴퓨터공학연구실심화실습4,,전공심화,4,,컴퓨터학부,본 강의는 학부생들에게 대학원에서의 연구 주제 및 활동을 미리 체험하게 함으로써 연구 역량을 높이고 진로 설정에 도움을 주기 위한 교과목이다.,
CSE4053,컴파일러,,전공심화,4,,신산업소프트웨어전공,"본 과목에서는 컴파일러의 구조와 설계, 모델링하는 방법에 대해 공부한다. 이를 위하여 어휘구조 분석과 스캐닝, 구문구조 분석과 파싱, 의미구조 분석 등에 대해 학습한다. 또한 실제 컴파일러를 구현하여 이론적으로 습득한 지식을 직접 활용 해본다.
This course will discuss the major ideas used today in the implementation of programming language compilers, including lexical analysis, parsing, syntax-directed translation, abstract syntax trees, types and type checking, intermediate languages, dataflow analysis, program optimization, code generation, and runtime systems. As a result, you will learn how a program written in a high-level language designed for humans is systematically translated into a program written in low-level assembly more suited to machines.",
CUL0027,영어의이해,,전공핵심,2,,영미언어·문화학과,"Through an integrated approach, this course provides the students with the basics of English grammar and critical thinking skills, as well as reading and writing skills. By utilizing diverse internet resources and weekly assignments, this course strongly emphasizes skill development for mainstreaming the students into the college curriculum as English majors. Students often work with a group or in pairs in class to improve their comprehension and speaking/writing skills in English.",
CUL0068,미국문화의이해,,전공기초,1,,영미언어·문화학과,"본 강좌는 1학년 영어 전공자들에게 미국 문화의 전반적인 면을 살펴 봄으로써 미국에 대한 이해를 돕고, 더 나아가 문화를 이해함으로써 언어 학습에도 도움이 되도록 하는 데 그 목적이 있다. 본 강좌에서는 미국의 정치, 경제, 역사, 지리, 생활 방식 등에 대한 주제들을 강의 및 토론을 통하여 접근하며, 인터텟을 통한 영어 자료 찾기 및 읽기, 자신의 의견을 쓰고 발표하기 등을 통하여 학생들의 영어 능력 향상을 도모한다",
CUL0106,소프트웨어의이해,,교양필수,1,,ICT융합학부,"본 교과목에서는 소프트웨어 기술의 기본적인 개념들을 배우고, 간단한 프로그램 제작기법을 연습한다. 또한 4차산업혁명 관련 인공지능, IoT, 로봇공학, 제조혁신 관련 기술 혁신 사례들에 대하여 학습한다. - 소프트웨어 기술의 중요성과 필요성
- 동작원리 및 활용분야
- 소프트웨어 제작기술
- 소프트웨어 설계기술
- 간단한 프로그램 제작",
CUL0128,4차산업혁명의이해,,전공핵심,1,,로봇융합전공,4차 산업혁명은 요즘 주변에서 가장 많이 들을 수 있는 단어로 현재 이 시기를 정의하는 가장 중요한 키워드다. 하지만 이 말이 어떤 의미를 담고 있으며 4차 산업혁명이 우리를 어떻게 바꿔가고 있는지는 잘 알지 못하고 있다. 따라서 본 수업에서는 4차 산업혁명의 의미와 기반 기술 그리고 변화와 방향에 대해 알아보도록 한다.,
CUL1013,공학경제,,전공핵심,2,,산업경영공학과,"시스템, 제품 및 서비스의 가치를 이들의 원가와 관련해서, 평가하는데 필요한 개념과 기법을 제시해 준다. 이 강좌의 목적은 학생들에게 공업기술의 경제적 측면의 중요성을 인식케 하고 공업적 제안 (Engineering Proposals)의 경제성을 평가하는데 숙달되게 하는 것이다. 이에 관한 강좌의 내용은 경제성 공학의 기초개념, 화폐의 시간적 가치계산, 대체안의 경제성 분석, 화폐감가상각, 의사결정을 위한 비용추정 등이 있다.",
CUL1015,공학영어,3,전공기초,1,1,컴퓨터학부,"소프트웨어를 공부하는 학생에게 영어로 읽고 듣고 말하고 쓰는 능력은 매우 중요하다. 현재 소프트웨어 분야는 매우
빠른 속도로 발전하고 있고, 해당 분야의 최신 자료와 깊이가 있는 대부분 영어로 공유되고 있다. 물론 한국어로된 자
료도 있지만 대체적으로 기초적인 수준의 정보나 옛날 기술과 관련된 정보로 그 정보량이 영어에 비교하면 상당히 빈
약하다. 본 수업에서 학생들은 먼저 영어로된 자료를 습득하는 방법을 배울 것이다. 이후 읽기와 듣기를 통해 영어로
된 자료를 학습하고 학습한 내용을 보고서로 정리하고 발표한다.",
CUL1032,현대음악의이해,3,교양선택,1,1,ERICA 대학,"이 수업은 20세기부터 21세기 초반의 현대음악을 아우르는 수업으로, 음악의 다양한 어법과 양식의 특성, 그것이 탄생하게 된 역사, 문화, 미학적 맥락을 함께 이해한다. 중간고사 이전에는 20세기 초반의 유럽, 미국의 모더니즘 음악을 전반적으로 살펴볼 것이며, 중간고사 이후에는 2차 세계대전 이후 테크놀로지 시대의 다양한 음악적 시도들, 포스트모던 양상 등을 대표적인 작곡가의 작품을 통해 감상하고 이해한다.",
CUL1209,기술전략과R&D기획,,교양선택,4,,ERICA 대학,"이 과목은 기술 기반 기업(대기업, 중소기업, 스타트업 등) 또는 각종 연구개발 관련기관(출연연, 대학, 연구개발 전문 서비스 기업)에서 기술전략을 도출하고 연구개발 계획을 수립하는 전반적인 과정을 개괄적으로 소개한다. 기술전략은 기업(또는 기타 연구개발기관)의 지속적인 경쟁우위 유지를 위해 필요한 기술을 식별하고 획득/개발하는 상위수준의 의사결정이다. 본 과목에서는 기술전략의 필요성과 프로세스를 소개한 후 기술전략 수립을 위해 필요한 미래기술예측, 외부환경분석, 산업과 시장분석, 기업역량 분석, 전략도출 방법론 등을 소개한다. R&D 기획은 기술전략을 구체적으로 뒷받침하는 실행계획에 해당한다. 수강생은 R&D과제의 전반적인 구성과 기획방법을 실무적 사례를 중심으로 학
습한다. 이 과목은 기업 또는 기관에서 기술전략과 R&D 기획의 초급실무자가 필요로 하는 역량개발에 중점을 두었다. 따라서, 이 과목에서는 현장에서 많이 쓰이는 방법/도구를 중심으로 내용을 선별하였고, 현장모사형 실습과 프로젝트를 수강생들이 직접 수행함으로써 경험기반의 학습이 이루어지도록 하였다.",
CUL2015,교양타악실기,3,교양선택,1,1,ERICA 대학,"1.한국 전통 음악에 활용되는 다양한 장단의 패턴을 파악하고 특징을 이해하며 장단을 익힌다.
2.호흡을 동반한 신체 움직임으로 전통 악기인 장구 장단을 연주하는 바른 자세를 터득하며 우리 전통 장단에 담긴 흥과 멋을 음미할 수 있는 시간을 갖는다.",
CUL2042,법의이해,3,교양선택,1,1,ERICA 대학,본 강좌는 일상생활과 관련된 최소한의 법률지식을 비법대생이 이해하기 쉽게 전달하는 것을 목적으로 한다.그리고 손쉽게 권리보호를 받을 수 있는 각종의 방법을 소개해줌으로써 법률문제를 적극적으로 해결할 수 있도록 하고자 한다.,
CUL2063,생활속의물리학,3,교양선택,1,1,ERICA 대학,"우리 주변에서 일어나는 여러 현상들을 물리적인 개념을 통해 이해한다. 그 예로는 자연 현상에서 발견하는 물리적인 원리, 가정에서 쓰고 있는 각종 장치들의 물리적인 원리, 스포츠에 나타나는 물리적인 현상, 생물들이 이용하고 있는 물리적인 원리, 첨단군사기술에 이용되고 있는 물리, 통신 및 기타 첨단기술에 응용되고 있는 물리 등이 포함된다. ",
CUL2076,지구의역사,3,교양선택,1,1,ERICA 대학,"지구는 태양계 행성의 하나로 암권, 수권, 기권 및 생물권으로 구성되며 이들 상호간에 밀접한 연관 관계를 가지고 지구의 생성 이래 계속 자연적으로 변화되어왔다. 지구의 생성 과정, 지구 내부의 구조 및 구성 물질, 광물과 암석의 생성 과정 및 분류, 판구조론을 통한 지각의 형성 및 변형, 지표의 변화 과정, 지질시대 구분 등이 개괄적으로 포함된다. 상기한 지구의 구성 요소 내용을 숙지하고, 상호간의 작용을 총괄적으로 이해함을 목표로 한다. ",
CUL2100,아카데믹글쓰기,2,교양필수,1,2,300,,304
CUL2101,인공지능과미래사회,,교양필수,1,,화학분자공학과,"파이썬 언어는 IT 실무 현장에서 가장 많이 사용 되는 언어 중의 하나 이며 인공지능 알고리즘을 개발하기에 적합한 언어이다.
본 과목에서는 이러한 파이썬 언어의 기본적인 문법과 여러가지 기능들을 배우며 다양한 학습을 통해서 실제 문제를 해결하는 방법을 익히게 될 것이다
코딩하는 과정을 통하여 문제를 해결하기 위한 논리적 사고방법과 창의력을 사고력을 증진 시킨다. 마지막으로 다양한 실습 예제 들을 통하여 인공지능의 기본적인 개념과 원리를 이해한다.",
CUL2102,4차산업혁명과데이터사이언스,,교양필수,1,,정보사회미디어학과,"본 교과목에서는 현실에 존재하는 방대한 양의 데이터에서 우리에게 필요한 데이터만 효율적으로 수집하고 가공, 분석 및 시각화하는 능력을 키우는 것을 목표로 한다. 이를 위하여 파이썬 프로그래밍 언어를 이용하여 인터넷으로부터 데이터를 크롤링하는 방법, 이를 이용하여 필요한 데이터를 찾는 방법, 그리고 적절한 그래프로 표현하는 방법을 학습한다.",
CUL3001,수화실기,3,교양선택,1,1,ERICA 대학,"
대한민국 공용어인 한국수화(수어)를 이론과 실습을 통해 배우며, 농인의 생활과 문화를 이해하고 농인을 만났을 때
수어로 대화할 수 있는 기반을 다진다.",
CUL3016,교양댄스스포츠,3,교양선택,1,1,ERICA 대학,"댄스스포츠는 본래 민속무용, 궁중무용, 올드 타임 댄스, 볼룸 댄스라는 단어가 변화되어 사용된 것이고, 중세의 사교를 목적으로 한 댄스가 성행하게 되면서부터 그 실체와 내용이 현재와 같은 형태로 규정된 예술체계를 말합니다.  댄스스포츠 수업을 통해 예의와 질서로 이루어진 도덕적 가치를 배울 수 있으며, 새로운 파트너와 함께 호흡해야하기 때문에 대인관계능력 또한 기를 수 있습니다. 댄스스포츠를 통해 활발한 신체활동과 미적표현의 감각을 체험하며 이로 인해 신체적, 정신적인 건강과 함께 풍부한 예술성을 습득하고 특히, 음악에 맞춰 댄스스포츠를 수행함으로써, 자신의 감정을 신체로 표현하는 방법을 배울 수 있습니다. ",
CUL3019,교양골프,3,교양선택,1,1,ERICA 대학,"생활속의 스포츠로 자리매김하고 있는 골프는 누구나 즐길 수 있으며, 과학적이고 체계적으로 골프 전반에 대한 기초 이론 및 실습을 익히고 생활스포츠로 즐길 수 있는 제반기술을 함양하는데 교육목표를 두고 있다.",
CUL3041,회계정보의활용,3,교양선택,1,1,ERICA 대학,"￭ 과제는 정해진 기한에 제출시 점수에 반영합니다. (정해진 기한에 제출하지 않을 경우 감점이 아닌 '0'점으로 평가됩니다.)
￭ 총점 35점 미만인 경우 'F'학점으로 평가 됩니다. 
￭ 중간고사 혹은 기말고사 미응시시 'F'학점으로 평가됩니다.
￭ 1주 1차시 수업 즉 OT수업도 출석에 반영 되며, 한 학기 강의 진행과 관련된 중요한 내용들이 공지됩니다. 관련 내용은 해당일에만 공지되며 추후 개별적으로 공지하지 않습니다. 
￭ 공결신청서는 결석 이후 1주일 이내에 수업계획서(강의계획서)에 제시된 이메일로 제출해야 공결에 반영됩니다. 만일, 다른 이메일로 제출하거나 1주일이 경과하여 제출한 경우는 공결처리가 되지 않습니다. 
￭ 교재에 관한 설명은 1주차 수업 시간에 명확한 설명이 이루어질 예정입니다. 교재는 그 이후에 구입하세요. 
￭ 수업 시간 중 노트북 사용은 키보드 소음으로 인해 사용이 불가합니다. 태블릿의 경우 펜을 사용하는 경우에는 사용 가능합니다. 다만, 태블릿도 키보드 사용은 불가합니다. 


￭ 강의방법 
- PPT, 보조자료 등을 활용한 강의 진행합니다.
- 교재에 기초하여 개념설명 및 대표적 예제풀이 진행합니다. 
- 수업 중 질의응답을 통한 의사소통합니다. 
- 신문 및 인터넷을 활용한 회계관련 시사점을 토론합니다.",
CUL4081,교양구급법,3,교양선택,1,1,ERICA 대학,"응급처치의 목적 및 필요성, 응급상황시 행동요령, 심폐소생술, 자동심장충격기, 이물질에 의한 기도폐쇄, 상처, 드레싱과 붕대, 중독, 고온과 저온에 의한 신체손상 등 일상생활에서 발생 할 수 있는 응급상황에 대해 대처 할 수 있는 방법에 대해 알아본다.",
CUL5031,교양축구,3,교양선택,1,1,ERICA 대학,"본 교과목은 매주 필드에서 직접 축구를 배우며 신체적 능력과 축구 기술에 대한 이해도를 높이고, 축구에 대한 이론과 실기를 명확하게 이해하여 전문 지도자로서의 요건을 함양하는데 있다.",
CUL5034,교양테니스,3,교양선택,1,1,ERICA 대학, 본 강의는 생활체육으로써 널리 자리 잡고 있는 테니스에 대해 더 정확한 자세와 경기 방법 그리고 예절과 실전에 필요한 전술 등을 교수하여 바람직한 여가선용의 활용과 건강한 삶의 밑거름이 되고자 하는데 그 의의가 있다. 또한 실기수업 위주로 레벨테스트를 통한 수준별 수업으로 그룹별 목표를 정한 뒤 꾸준한 레슨과 연습으로 테니스의 기초실력 배양을 기대할 수 있다. ,
CUL5036,교양배드민턴,3,교양선택,1,1,ERICA 대학,"
 배드민턴은 네트를 가운데 두고 신체적 접촉 없이 행하는 스포츠 종목으로서 신사적인 인간성 함양과 언제 어디서나 누구나 즐길수 있는 스포츠다.																				
",
CUL5064,디자인과생활,3,교양선택,1,1,ERICA 대학,"디자인의 중요성이 부각되고 있는 사회 환경 속에서 다양한 디자인의 사례를 연구하고 생활 속 디자인의 중요성을 이해하며, 현대의 디자인에 대한 비판과 통찰력을 길러 미래 디자인의 전망에 대해 재조명 할 수 있는 능력을 배양한다.
",
CUL5066,고전음악의이해,3,교양선택,1,1,ERICA 대학,"교양, 인문학적 맥락에서 클래식 음악의 다양한 관심사를 여덟 가지 주제(자연, 종교, 사랑, 사회, 죽음, 철학, 민족, 지성)와 연계하여 살펴보는 수업으로 인간 삶의 경험과 사고가 음악에 창의적으로 표현되는 방식을 이해한다. 매주 수업은 고전 음악을 주제별로 접근하면서 동시에 역사와 사회, 문화, 예술적 관점으로 검토하여 음악을 폭넓게 탐구하고 분석, 해석하는 방식으로 진행한다. ",
CUL7049,기업가정신과리더십,3,교양선택,1,1,ERICA 대학, 본 과목은 미래리더로서 갖추어야 할 기업가 정신과 조직리더로서 성장하기 위해 필요한 리더십 역량을 이해하고 리더십 스킬을 개발하기 위한 수업입니다.,
CUL7053,창업과지적재산권,3,교양선택,1,1,ERICA 대학,"-창업 전후 과정에서는 많은 지적재산권 분쟁이 발생하고 있으며, 창업자는 자신이 창출한 지척재산에 대해 지적재산권을 획득하고 침해시 구제받기 위해서 필수적인 지적재산법률을 학습하고, 민상법상의 계약과 회사에 대해 학습한다.
-본 강좌에서는 창업 과정에서 발생하는 여러 법률 문제를 지적재산권과 계약을 중심으로 다양한 사례를 통해 학습한다.
",
CUL7055,창업아이디어개발,3,교양선택,1,1,ERICA 대학," 이 교과목은 창업을 꿈꾸는 학생이나 일반학생이 실제 생활에서 직면하는 다양한 문제로 부터  창업 아이디어를 개발할 수 있는 역량을 함양하는데 목적이 있다. 이를 위해 고객의 관점에서 문제를 정의하고 문제해결책을 고안해 내는 과정에 필요한 기업과 시장의 변화요인 및 고객의 트랜드를 이해하여 보다 구체적이고 실현가능한 창업 아이디어를 창출하는 창의적 사고역량을 훈련한다,  고객 문제해결 관점을 중심으로 다양한 아이디어 창출 방법을 학습하고, 이를 적용하는 실습을 통해 자신의 구체적이고 실현가능한 창업 아이디어를 개발하고자 한다. ",
CUL7069,기계비평,3,교양선택,1,1,ERICA 대학,"우리는 기계를 사용하는 것이 아니라 기계 속에 살고 있다. 기계는 단순도구가 아니라 인간의 신체에 육박하는 인공보철물로서 작동하며, 인간의 의식과 인성을 근본적인 차원에서부터 바꾸고 있다. 여기서 내가 태어나기 전부터 기계는 있었다는 이른바 기계의 선험성이 성립한다. 이런 의미에서 기계들을 고찰하고 비판하는 작업은 시?공간을 성찰하는 작업과 다른 것이 아니다. 그동안 기계를 오로지 그 즉각적인 사용가치를 검토하는 방향(오류와 효용성 점검)으로만 비판했다면 이 강의에서는 기계를 사용하면서 변경된 우리의 실제 삶과 의식을 성찰하는 훈련을 꾀한다. 이 강좌에서는 각기 버스, 기차, 유조선, 사진기, 라디오, 복사기, 인터넷, CCTV, 항공모함, 미사일 등의 기계들을 치밀하게 분석해 본다. 이를 위해 이들 기계에 대한 전문적인 비평을 쓰거나 혹은 강의경험이 있는 특별강사들의 강의를 듣는다. 또한 ‘기계비평’이란 개념을 이해하고 훈련하기 위한 예비코스로서 미디어이론(기술공학)과 디자인론(디자인), 현상학개론(철학)을 책임강사로부터 배운다. ",
CUL7071,글로벌마케팅조사와창업기회,3,교양선택,1,1,ERICA 대학,"글로벌 커머스 창업에 대한 이해와 국내 및 글로벌 마케팅 실전 경험을 통해 자체 개발 아이템 또는 소싱 아이템을 활용한 실전 창업 경험으로 기업가정신 함양 및 성공 창업가로 성장 할 수 있는 기반 마련
   ① 글로벌 창업교육 : 글로벌 마켓의 이해, 상품소싱, 개발 및 시장분석 기법
   ② 글로벌 및 국내 마켓 상품등록 및 온라인 마케팅 : 아마존, 이베이, 쇼피, 스마트스토어, 구매대행
   ③ 상품판매(매출발생) 및 데이터분석 진행
   ④ 정부지원사업을 통한 창업 도전 노하우",
CUL7072,10만원창업프로젝트,3,교양선택,1,1,ERICA 대학,"창업가는 창업 활동의 주체로서 준비부터 창업까지 전 과정에서 주도적인 역할을 하게 됩니다. 시장 정보와 산업 현장경험이 부족한 대학생 등 젊은 창업 지망자들에게는 자신 주변에서 경험하는 아이디어를 중심으로 비즈니스 모델을
찾고 철저한 사업계획을 통해 창업을 준비하는 것이 바람직한 방법 중 하나입니다. 10만원창업프로젝트는 창업에 관심을 갖고 있는 일반 학생들이 자신의 경험과 지식을 바탕으로 자기 주변에서 아이디어를 발굴하고, 아이디어를 창업
아이템으로 발전시키고 사업화하는 과정을 프로젝트 실행을 통해 학습하는 교과목입니다.
주변 사람들의 문제나 불편함을 해결하는 솔루션에 대한 아이디어를 고안하고 아이디어를 바탕으로 솔루션을 실현함으로써 수익을 창출하는 프로젝트를 진행합니다. 학습 목표에 적합하도록 식음료 및 기성품 등을 판매하는 프로젝트
아이템은 제외합니다. 프로젝트는 자신과 팀 구성원의 능력으로 한학기 동안 만들어 낼 수 있는 수준과 범위에 적절한 아이템을 선정하고 제한된 예산과 기간에 진행할 수 있어야 합니다. 팀 구성 인원은 5명이하로 구성할 수 있어 혼자서
진행하는 것도 가능합니다. 제한된 조건에서 아이디어를 통해 수익을 실현하는 프로젝트를 실행함으로써 빠르게 변화 하는 고객과 시장을 이해하고 시장에 적합한 솔루션을 찾아 낼 수 있는 창업 학습 능력 함양이 수업의 목표입니다.
평가는 아이디어에 연관된 문제의 정의, 솔루션 실현, 고객을 발굴하고 사업 실행 계획 수립, 실행 및 보완 단계별 과정을 통해 진행됩니다. 수강 학생의 효과적인 학습을 위하여 프로젝트 과정에 소요되는 비용은 4명팀 기준으로 10만
원 범위에서 실비로 지원되고 수업 평가 방식은 절대평가입니다.",
CUL7078,기업분석과취창업전략,3,교양선택,1,1,ERICA 대학,"[고학년 중심 맞춤형 취업실전연습 및 준비]

사회진출을 앞둔 학생들의 진출업종과 지원기업 선택, 입사지원에 이르는 취업준비 全 과정에서 산업계와 기업현장에 대한 이해와 분석능력은 그 중요성과 비중이 날로 커지고 있습니다. 

본 교과목은 산업동향과 기업분석을 기반으로 고학년 학생들의 취업경쟁력 향상을 지원하는 수업입니다. 

",
CUL7080,스타트업초청강연,3,교양선택,1,1,ERICA 대학,"본 교과목은 창업마인드 함양을 위해 창업사례와 창업에 대한 필요지식 및 기초 정보를 전달함과 아울러 현장 중심의 실전적 정보교육을 수행하여 미래 예비 CEO로서 갖추어야 할 기본 소양 등을 학습토록 한다. 특히, 비즈니스를 시작하기 위한 마음가짐, 인간관계 구축, 사업기회발견과 사업모델링, 사업타당성 분석과 사업계획 시뮬레이션 등의 사항을  학습함으로써, 성공적 기업의 벤치마킹 요소들을 습득하도록 한다.",
CUL7082,창업경영시뮬레이션,3,교양선택,1,1,ERICA 대학,"학습자들이 팀을 이루어 기업 현실과 유사한 상황에서 가상 기업을 경영하는 경영자의 역할을 수행하면서 자연스럽게 경영의 큰 흐름을 이해하고, 경영관리 및 성과창출, 경영 의사결정 능력을 향상하는 체험 기반의 문제해결형 경영 시뮬레이션 교육""																				
Business simulation is an team-based learning course where participants learn corporate management by running a virtual business in an realistic environment. Business simulations game help practice and improve business skills, such as business operations, market analysis, performance delivery, decision making, problem solving, teamwork, communication and leadership. 
",
CUL7083,4차산업혁명과고전읽기,3,교양선택,1,1,ERICA 대학,"본 강좌는 고전 읽기, 자기계발을 융합하여 수강생들의 사회생활에 실체적인 도움을 주는 것을 목표로 한다. 

이 목표에 따라 강좌의 전반부에서는 고전독서를 활용한 스토리텔링, 스토리텔링 홍보, 고전을 통한 자기계발에 중점을 두고, 후반부에서는 고전독서를 통한 자기브랜드화, 지식편집력, 효과적인 커뮤니케이션의 방법론 등을 수업한다.  

본 강좌를 수강하는 학생들은 다양한 분야에서의 고전을 스스로 찾고, 스토리텔링을 통한 효과적인 자기브랜드화를 통해 향후 사회적 성취에 대한 자신감을 가지게 될 것이다. 

본 수업을 통해 수강생들은 단순히 고전을 읽고 해석하는 것에 그치는 않고, 현대인의 상상력에 부합하는 해설과정을 경험하게 되며, 이러한 과정에서 다양한 전공의 학생들과 문화를 상호 교류할 수 있는 소통역량, 내용분석역량, 미래를 주도적으로 기획할 수 있는 역량을 키울 수 있을 것이다. 

본 수업에서 진행될 고전독서 활용법을 통해 가장 강력하고도 효과적인 퍼스널 브랜딩의 방법론을 배우게 될 것이다. ",
CUL7093,보이스앙상블,3,교양선택,1,1,ERICA 대학,"스마트시대를 살고있는 온라인위주의 소통형식에서 벗어나 직접 모여서 연습하고
실험하는 오프라인 형식에 목소리, 음색을 구성하는 일련의 성부의 집합을 나타내는
보이스[voice]를 결합하여 본 강좌를 통해 전공자와 비전공자가 함께 쉽고 재미있게
보컬의 기본적 기술을 훈련하여 가요, 가곡, 뮤지컬곡 등 다양한 장르의 음악을 익혀
공연발표로 실연 평가한다.",
CUL7095,스무살의행복한나의인생디자인,3,교양선택,1,1,ERICA 대학,"이 과정을 통해 학생들은 성공적인 대학생활 위한 명확한 인생의 비전을 정립하고, 그 비전을 이루기 위한 구체적인 청사진을 그려 볼 수 있다.
또한, 자신의 가치를 기반으로 명확한 진로의 이해와 사회진출의 올바른 방향성을 가지며 성공보다 성장을 위한 대학생활에 필요한 필수역량을 기를 수 있도록 한다.
본 과정은 4차 산업혁명에서의 지식사회와 산업현장에서 요구되는 필수역량에 대한 학습을 습득하여 실제 생활에 효과적으로 적용할 수 있도록 돕는다.",
CUL7097,동양의눈으로본문명교류사,3,교양선택,1,1,ERICA 대학,"인류는 고대부터 지금에 이르기 까지 다양한 문화와 문명을 형성해 왔다. 이들 문화・문명은 각 지역의 특성을 반영하며 독자적으로 발전하면서 한편으로는 끊임없이 다른 문화・문명과 영향을 주고받으며 발전해 왔다. 이에 본 강좌에서는 동양과 서양의 문화・문명은 어떻게 만나, 어떤 영향을 미쳤는지 각 지역의 문화・문명의 관계와 교류 양상을 역사적으로 살펴보고, 이를 통해 21세기 인류가 나아가야 할 문화・문명의 방향을 생각해 보는 기회를 갖고자 한다.",
CUL7099,사랑의역사:사랑에관한철학적성찰,3,교양선택,1,1,ERICA 대학,"본 교과목은 사랑을 개인적 영역이 아니라, 사회 구조의 산물로 보는 관점에 서 있다. 사랑을 각 사회의 일상과 정치, 문화를 드러내는 핵심 키워드로 보고, 그리스에서 현대까지의 ‘사랑’의 역사를 탐구하고자 한다. 시대마다 변화되어 온 사랑의 형식과 의미를 이해하며, 사회 속의 ‘나’를 성찰하는 것을 목적으로 한다. 강의는 이론과 토론으로 진행된다. 이론에서는 그리스, 중세, 근세, 현대에 나타나는 ‘사랑’의 모습을 살펴보고 시대마다 변화되어 온 사랑의 형식과 의미를 이해한다. 토론에서는 강의에서 배운 내용을 바탕으로 우리 세대 사랑의 쟁점에 대해 생각을 나누면서 대학생으로서 가져야 할 삶의 태도와 사랑관을 정립한다.

1. 이 수업은 [이론+실습 ]수업으로 1강-9강까지 실시간 화상 강의로 진행하고, 10강 -13강까지의 토론 수업은  대면수업 (코로나 상황 정부 방침에 따라 유동적입니다. 가령, 코로나 1,2 단계시 대면수업/3단계시 화상 토론) 으로 진행됩니다. 14강-15강은 이론강의입니다. 

2. 코로나 정부 방침에 따라 수업 방식이 달라질 수 있습니다. 기존의 방침에 따르면, 코로나 1-2단계일 경우에는 이론은 실시간 화상 강의로, 토론과 중간 시험은 대면으로 진행합니다. 
3. 코로나 정부 방침에 따라 수업 방식이 달라질 수 있습니다. 기존 방침에 따르면 , 코로나 2.5단계일 경우 이론과 토론 모두 실시간 화상 강의로 진행합니다. 중간과 기말은 대면 평가 대신 report 제출로 합니다.
4. 역량기반 교양 선택 교과목입니다. 이를 반영한 강의계획서는 파일로 첨부합니다. 첨부 파일을 꼭 확인 바랍니다.",
CUL7124,Ai리터러시,2,교양필수,1,1,300,,304
CUL7125,Esg와Sdgs이해,2,교양필수,1,1,300,,304
CUL7126,LIONS융합특강,2,교양필수,1,1,LIONS자율전공학부(전계열),,
CUL7127,수학적사고와인공지능,2,교양필수,1,2,배터리소재화학공학과,,
CUL7128,오픈소스개발과활용,3,교양필수,1,2,차세대반도체융합공학부,,
CUL7129,인공지능기초탐색,2,교양필수,1,1,배터리소재화학공학과,,
CUL7131,창의적프로그래밍기초와실습,,교양필수,1,,국방전략기술공학과,"본 교과목에서는 인공지능 기술응용에 필요한 핵심기반 기술교육과 Phthon언어, Numpy, Pandas, Matplotlip, Tensorflow, Keras, Pytorch programming을 학습한다. 이를 통해 인공지능을 활용하기 위한 코딩 실습 교육을 진행하여 인공지능에 대한 이해도를 높일 수 있다. 더 나아가 머신러닝/딥러닝과 같은 인공지능 분야에 활용할 수 있도록 한다.",
CUL7132,파이썬과인공지능,3,교양필수,1,1,LIONS자율전공학부(전계열),,
CUL7133,파이썬과인공지능,3,교양필수,1,1,300,,304
CUL7135,파이썬과데이터분석,3,교양필수,1,2,경영학부,,
CYB9001,사이버토익,3,교양선택,1,1,ERICA 대학,"사이버토익(Cyber TOEIC)은 국제화와 세계화를 지향하는 시대의 요구에 부응하는 실질적인 영어능력의 향상을 위하여, 온라인을 통한 학생들의 자율적 영어학습의 효과를 극대화시켜 토익시험에 대비시키는 새로운 유형의 강좌이다. 본 강좌는 오프라인 및 온라인 모의시험을 통해 수강학생의 능력과 수준을 진단평가하고, 온라인상에서 개개인의 수준별 학습을 통해 청취능력과 문법지식의 기반을 다지는 동시에, 취약파트 학습, 취약유형 학습 및 레벨업 학습 등을 반복적으로 시행함으로써 토익 시험의 실전에 대비하게 하며, 더 나아가 전반적인 영어 능력을 향상시키는 데에 그 목적이 있다.",
DAI1001,오픈소스실전인공지능,3,전공핵심,1,2,인공지능학과,,
DAI1002,인공지능코딩,3,전공기초,1,1,인공지능학과,"""인공지능코딩""은 대학 1학년 학생들에게 인공지능 개발에 많이 사용되는 파이썬 코딩의 기초를 공부합니다.
연습문제 풀이와 과제를 통해 향후 전공교과목에서 인공지능 모델의 구현과 응용 프로그래밍을 위한 실용적
코딩능력 향상의 기초를 다지고자 합니다.

파이썬을 포함하여 코딩을 처음 접하는 인공지능학과 및 LIONS칼리지 1학년 학생을 대상으로 합니다.",
DAI2001,텐서프로그래밍,,전공핵심,2,,지능형로봇학과,"본 교과목에서는 AI 기술응용에 필요한 핵심기반 기술교육과 Numpy, Tensorflow programming을 학습한다. 이를
통해 인공지능을 활용하기 위한 코딩 실습 교육을 진행하고, 더 나아가 머신러닝/딥러닝과 같은 인공지능 분야에 활용
할 수 있도록 한다.",
DAI2003,글로벌SW창업디자인1,,전공핵심,2,,인공지능학과,"본 과목은 공대생을 대상으로 실제 미국 실리콘밸리에서 창업, 투자유치, Exit 의 경험이 있고 또 세번째 창업을 통해 실제 필드에서 뛰고 있는 동문이 실제 대면 강의를 통해 진행된다.
요즘, 대학생들이 창업을 많이 하지만, 제대로 된 교육없이 무모한 도전을 하기 보다, 체계적인 프로세스를 배우고 실제 필드에서의 경험을 토대로 한 강의를 통하여 실제 창업을 위한 준비를 할 수 있도록 한다.",
DAI2004,인공지능실습,,전공핵심,2,,인공지능학과,"인공지능(AI)의 기본 개념부터 최신 기술까지 폭넓게 다루며, 이론과 실습을 병행하여 실제 머신러닝을 통한 인공지능 시스템 구현 능력을 기르는 것을 목표로 합니다. 본 교과목은 이 같은 목표를 극대화하기 위해서 프로젝트 기반의 학습 방식을 채택합니다. 문제 해결을 위해 인공지능 시스템을 구현하는 일은 이론적 배경과 심무적 경험을 필요로 합니다. 본 교과목에서는 인공지능의 중요한 부분 중 하나인 이미지 처리와 관련하여 이론적 배경을 다지기 위해 다음 내용을 학습하며, 이후 이를 응용하여 프로젝트를 진행합니다. 1. 인공지능의 역사와 발전 과정
2. 머신러닝 개요 및 기본 원리
3. 인공신경망의 구조와 작동 방식
4. 선형회귀와 로지스틱 회귀 모델
5. 합성곱 신경망(CNN)의 이해
6. YOLO(You Only Look Once) 알고리즘",
DAI2005,글로벌SW창업디자인2,,전공핵심,2,,인공지능학과,본 과목은 SW/ICT 공학도 대상으로 미국 실리콘밸리 지역의 기업체/스타트업에 종사하는 한양대 동문들로 구성된 ‘글로벌스타트업멘토단’에서 강의하는 비대면 실시간 교육 프로그램으로 진행된다. 이를 통하여 최신 SW/ICT 기술을 접하여 보고 이를 융합하여 Startup을 Design하는 방식을 배움으로써 기업가정신으로 무장된 글로벌 SW/ICT 인재로 성장할 수 있는 기회를 수강생들에게 제공한다. 본 과목은 '실리콘밸리 트렌드 영역'과 '실리콘밸리 SW Startup 창업 관련 영역' 2개 영역으로 진행되며 12개의 세부 모듈로 구성된다.,
DAI3001,인공지능연구실심화실습1,,전공심화,3,,인공지능학과,"- 인공지능 관련 경험을 쌓기 위한 연구실 인턴 및 과제를 수행한다.
- 연구주제에 대한 이해와 연구 활동에 참여하여 높은 수준의 학문을 탐색하고 이해한다.",
DAI3003,인공지능캡스톤디자인1,,전공심화,3,,인공지능학과,"이 과목은 학생들이 인공지능 기술을 이용하여 실제 문제를 해결하는 프로젝트를 진행하도록 설계되었습니다. 학생들은 팀을 이루어 주제를 선정하고, 프로젝트를 기획하고, 구현하며, 결과를 발표합니다. 이 과정에서 인공지능 알고리즘, 데이터 처리, 모델링, 평가 방법 등을 실습하게 됩니다.",
DAI3005,음성인식,,전공심화,4,,지능형로봇학과,"본 수업은 자동 음성 (및 소리 신호) 인식 기술의 전반을 다룬다. 음성 처리에 관련된 디지털 신호처리, 음성학, 인지이론 및 음성 신호의 인코딩/디코딩 등 기본적인 전공지식을 습득한다. 딥러닝을 이용한 최신 라이브러리는 팀 프로젝트를 통하여 스스로 학습하고, 하나의 응용 예를 구현한다.",
DAI4001,인공지능캡스톤디자인2,,전공심화,4,,인공지능학과,"학생들이 선정한 주제에 따라 캡스톤디자인 프로젝트를 제작, 완성한다. 지도교수 미팅 - 캡스톤 작품 제작을 위하여 지도교수님과 미팅을 갖고 조언을 받음.",
DAI4003,인공지능연구실심화실습3,,전공심화,4,,인공지능학과,"연구 활동에 참여하여 높은 수준의 학문을 탐색하고 이해하며, 또한 연구 프로젝트에의 실질적인 기여를 추구한다.
(수강신청 전 유용재 교수와 면담 필수. 면담 없이 신청한 학생은 F 부여. 4학년의 경우 진학 예정자만 수강 허가 예정입니다.)",
DAI4004,인공지능연구실심화실습4,,전공심화,4,,인공지능학과,"연구 활동에 참여하여 높은 수준의 학문을 탐색하고 이해하며, 또한 연구 프로젝트에의 실질적인 기여를 추구한다.
(수강신청 전 유용재 교수와 면담 필수. 심화실습 4는 본 연구실 진학예정자만 수강 가능.)",
DAN0001,안무워크샵,,전공핵심,2,,무용예술학과,"안무라는 개념이 글로써 복잡하게 다가오고, 실기로서 높은 성취만을 요구하여 학생들에게 어렵고 거리감이 있게 느껴지는 것이 아닌 일상적이고 소소한 아이디어에서 출발하여 무궁무진한 움직임으로의 가능성을 열어 줄 수 있음을 경험하고자 한다. 이를 위해 이 실기 수업에서 학생들은 다양한 방식으로의 움직임 탐구를 경험하여 안무적 접근을 할 수 있는 기회를 제공한다.
학생들의 직접 ‘안무가되기’를 통해 안무가로서의 역할을 실습해본다.",
DAN0002,안무실습2,,전공핵심,2,,무용예술학과,"이 수업은 안무의 개념이 단어로 복잡하게 다가와 높은 성취만을 요구한다는 생각에서 벗어나, 안무가 학생들에게 어렵고 멀게만 느끼기 보다는 일상적이고 작은 아이디어에서 시작할 수 있다는 점을 제공하고자 한다. 이를 위해 본 실습 수업에서는 전형적인 안무 방식인 움직임을 연결하는 방식에서 확장되어 다양한 방법으로 움직임을 결합하고 해체해보는 경험할 기회를 제공한다.",
DAN0003,안무워크샵심화,,전공심화,3,,무용예술학과,본 강의는 전문 안무가로 나아가기 위한 창작 훈련 실기 과목으로 안무 능력의 바탕을 마련하고자 다양한 실습을 통해 무용 구성법과 창작하는 방법을 익히고 다양한 안무 형식을 경험하게 하는 데 그 목적이 있다.,
DAN0005,안무실습5,,전공심화,4,,무용예술학과,"안무라는 개념이 글로써 복잡하게 다가오고, 실기로서 높은 성취만을 요구하여 학생들에게 어렵고 거리감이 있게 느껴지는 것이 아닌 일상적이고 소소한 아이디어에서 출발하여 무궁무진한 움직임으로의 가능성을 열어 줄 수 있음을 실습하고자 한다.
이를 위해 이 실기 수업에서 학생들은 다양한 방식으로의 움직임 탐구를 경험하여 안무적 접근을 할 수 있는 기회를 제공한다.",
DAN0006,안무실습6,,전공심화,4,,무용예술학과,프리스타일 힙합 댄스라는 장르를 활용한 안무 제작 실습 강의,
DAN0011,제작실습(1),,전공핵심,2,,무용예술학과,"공연 제작에 대한 기초적 이론 지식을 습득한다.
신체를 통하여 개인 및 그룹이 함께 다양한 방식으로의 제작을 위해 신체적 탐구 그리고 안무적 구성, 형태를 제작해
보는 경험을 해본다.
신체를 통한 제작실습에서 그치는 것이 아니라 제작과정을 언어로 표현하고 서로의 의견을 공유할 수 있는 ‘자신의 작
품 말하기’ 기술을 익혀본다.
영상을 포함한 다양한 기록 자료들을 통해 춤 현장에서의 다양한 제작 사례들을 살펴본다.",
DAN0012,제작실습(2),,전공핵심,2,,무용예술학과,"제작실습은 무용 창작을 위한 역량을 함양하고 구현하기 위한 교과목으로서 창작 무용의 기능인 주제의 선택, 표현법, 작품 구성(종합 방법), 감상의 숙련도를 향상시키는 것을 수업 목표로 한다.
구체적인 과정의 소개는 다음과 같다. 1)주제의 선택은 자연, 예술, 사상, 감정, 생활 사상의 선택 범위로부터 발달과 개인차에 맞추어 구상적, 추상적인 파악이 가능해지도록 한다. 2)표현법에는 사람 수, 움직임, 리듬, 공간, 반주의 학습 내용이 포함된다. 3)작품 구성에는 변화와 통일이 있는 아름다운 작품으로서 내용에 맞게 종합하는 방법을 공부하는 학습 내용이 포함된다. 4)감상에서는 아름다운 표현을 느끼거나 내용에 맞는 표현을 볼 줄 아는 학습 내용이 포함된다
학습의 목표에 따라 계획을 세워 역할을 분담하고 협력해서 목표를 달성하는 학습 내용이 포함된다. 창작 과정에서는 특히 필요한 의견을 내놓고 솔직하게 자기를 표현하며, 동시에 상대를 이해시키고 서로 인정하는 태도가 필요하다.
또한 본 과목은 학습자 중심의 교수-학습 방법인 IC-PBL(Industry-Coupled Problem Based Learning)을 기반으로 향후 사회에서 요구되는 협동역량, 문제해결 능력 등을 함양하고 배워 나 갈 수 있다.
이때, 교수자와 각 팀을 이룬 학습자 간 매주 발표와 피드백을 주기적으로 실시하여 프로젝트 기획안의 완성도를 높일 수 있도록 독려하며 점진적으로 해당 과목에 연관된 전문역량을 기르는 것에 목적을 두고 있다.",
DAN0013,제작실습(3),,전공심화,3,,무용예술학과,"다양한 자료들을 통해 춤.공연.안무의 변화를 살펴보고 즉흥을 기반으로 하여 움직임 탐구 및 안무 구성 작품 제작을 한다.
제작실습은 무용 창작을 위한 역량을 함양하고 구현하기 위한 교과목으로서 창작 무용의 기능인 제재의 선택, 표현법, 작품 구성(종합 방법), 감상의 숙련도를 향상시키는 것을 수업 목표로 한다.
구체적인 과정의 소개는 다음과 같다.
1)제재의 선택은 자연, 예술, 사상, 감정, 생활 사상의 선택 범위로부터 발달과 개인차에 맞추어 구상적, 추상적인 파악이 가능해지도록 한다.
2)표현법에는 사람 수, 움직임, 리듬, 공간, 반주의 학습 내용이 포함된다.
3)작품 구성에는 변화와 통일이 있는 아름다운 작품으로서 내용에 맞게 종합하는 방법을 공부하는 학습 내용이 포함된다.
4)감상에서는 아름다운 표현을 느끼거나 내용에 맞는 표현을 볼 줄 아는 학습 내용이 포함된다
학습의 목표에 따라 계획을 세워 역할을 분담하고 협력해서 목표를 달성하는 학습 내용이 포함된다. 창작 과정에서는 특히 필요한 의견을 내놓고 솔직하게 자기를 표현하며, 동시에 상대를 이해시키고 서로 인정하는 태도가 필요하다.
또한 본 과목은 학습자 중심의 교수-학습 방법인 IC-PBL(Industry-Coupled Problem Based Learning)을 기반으로 향후 사회에서 요구되는 협동역량, 문제해결 능력 등을 함양하고 배워 나 갈 수 있다.
이때, 교수자와 각 팀을 이룬 학습자 간 매주 발표와 피드백을 주기적으로 실시하여 프로젝트 기획안의 완성도를 높일 수 있도록 독려하며 점진적으로 해당 과목에 연관된 전문역량을 기르는 것에 목적을 두고 있다.",
DAN0014,제작실습(4),,전공심화,3,,무용예술학과,"이 수업은 3학년 학생들이 그동안 습득해 온 전공지식을 활용하여 무용분야와 관련한 팀프로젝트를 진행한다.
‘배리어프리(barrier free) 무용공연 제작’이라는 주제로 경계없는 예술을 제작해본다. 현재 공연예술과 관련된 산업현장의 사례를 조사 및 분석하여 산언체의 문제를 새로운 방향성으로 작품을 기획, 설계, 제작한다.
제작된 작품은 학기 말에 공공의 장소에서 공연되는 것을 목표로 둔다.",
DAN0015,제작실습(5),,전공심화,4,,무용예술학과,무용작품이 무대에 올라가기까지의 그 과정의 인식케하는 수업이다,
DAN0016,제작실습(6),,전공심화,4,,무용예술학과,"1. 한국 전통춤의 ˂교방무˃ 역사적 배경 및 춤의 구조를 이해함으로써 춤사위와 장단을 이해하고 학습한다. 2. 장단의 변화에 따른 춤사위를 이해하고, 상관관계를 학습한다. 3. 한국춤의 다른 유파를 비교함으로써 춤사위의 특징을 이해한다. 4. 전통 춤사위를 기반으로 창작움직임의 가능성을 타진한다.",
DAN1004,현대무용2,,전공기초,1,,무용예술학과,"현대무용2는 전공기초 실기과목으로 현대무용 전공자들이 기본으로 습득해야 하는 기본 테크닉을 교육하고, 이를 기반으로 다양한 Combination을 통해 신체 표현력과 무용 어휘력을 교육하여 현대무용 전공자의 실기능력 향상에 주력한다.",
DAN1057,무용해부생리학,,전공핵심,1,,무용예술학과,정신과 신체를 도구로 하여 무용이라는 창작작업을 하는 이들에게 근골격게에 대한 올바른 이해를 돕고자 한다.,
DAN1058,한국무용실기,,전공기초,1,,무용예술학과,자신의 감정과 지성을 역동적인 움직임으로 표출할 수 있는 정확한 자세와 공간이동능력을 기른다,
DAN1059,현대무용실기,,전공기초,1,,무용예술학과,"본 수업은 현대무용의 전체적인 흐름과 기초적인 움직임의 요소를 이해하고, 기본 동작을 학습 및 습득하고자 한다. 나아가 신체의 움직임의 범위를 넓혀 다양한 움직임을 표현하고자 한다.",
DAN1060,발레실기,,전공기초,1,,무용예술학과,바가노바 교수법을 기초로 정확한 동작 수행 연습을 통한 테크닉 향상에 중점을 두고 지도한다.,
DAN1066,무용전공실기워크샵1,,전공심화,1,,무용예술학과,"1. 한국 전통 춤 한영숙 류 ˂태평무˃ 역사적 배경 및 춤의 구조를 이해함으로써 춤사위와 장단을 이해하고 학습한다. 2. 상체와 하체사위의 춤사위의 특징을 이해한다. 3. 한성준- 한영숙으로 전해지는 시대와 역사적 배경, 작품의 특징을 학습한다.",
DAN1067,무용전공실기워크샵2,,전공핵심,1,,무용예술학과,"한국전통춤에 대한 이해와 실습을 통해 한국 춤의 미적 정서와 호흡, 춤사위에 대해 이해할 수 있다.",
DAN2019,무용심리,,전공심화,3,,무용예술학과,심리학은 인간의 심리현상을 과학적으로 탐구하는 학문이다. 무용심리학은 심리적 가치를 인정하고 이해하여 신체적 수행을 하는데 기반을 갖게된다.,
DAN2021,무용구성법,,전공핵심,2,,무용예술학과,"안무는 예술의 표현방법으로써 다양한 가능성을 지니고 있다. 안무, 즉 하나의 작품을 완성하는 제작의 과정은 아이디어, 개념화, 움직임 방법 및 표현방법, 변형과 발전 등 행위자의 내면 깊숙한 곳에 내재되어 있는 창조성을 발견하는 과정이다. 이러한 잠재적 직관과 창조성의 감각을 발전시키고 그 능력을 함양한다.",
DAN2051,실용무용실습,,전공핵심,2,,무용예술학과,스트릿 댄스를 통한 실용무용 실습,
DAN2055,실용무용레파토리,,전공핵심,2,,무용예술학과,자메이카의 댄스홀 춤을 통해 학생개개인의 춤의 역량을 높히고 다양한 국가의 문화 체험을 하는 것,
DAN2061,무용전공실기워크샵3,,전공핵심,2,,무용예술학과,"왁킹의 움직임을 이해하고, 디스코 음악에 대한 이해를 통하여 왁킹의 기본요소를 이해할 수 있다.",
DAN2062,무용전공실기워크샵4,,전공핵심,2,,무용예술학과,1. 자신의 감정과 이성을 역동적으로 움직임으로 표출할 수 있는 정확한 자세와 공간이동 능력을 기른다. 2. 자유롭고 창의적인 신체 움직임으로 표현의 범위를 확장하는 방법을 모색하고 창조의 영역까지 이끌어 가는 과정을 학습한다.,
DAN3028,무용전공실기1,,전공심화,1,,무용예술학과,"전통무용의 기본적 움직임을 이해하고 익힘으로써 움직임의 본질을 이해하고 미적 감각과 춤사위를 이해하여 작품의 감정, 동작, 분위기 등을 익히도록 한다.",
DAN3029,무용전공실기2,,전공핵심,1,,무용예술학과,"기본원리와 움직임의 구성, 형식을 파악하면서 움직임의 범위를 넓혀 나가고자한다. 이 수업에서 중심이 되는 기본 Movement를 충분히 습득하고 Combination을 통해 학생들의 창의적 움직임 탐색과 자신의 신체표현을 다양하게 활용할 수 있게 한다.
또한 무용의 전반적인 이론을 학습하고 실습을 함으로써 개개인의 창의적 움직임 개발 능력을 함양한다.",
DAN3053,무대론,,전공핵심,3,,무용예술학과,"서양과 한국의 극장의 기원으로부터 시작하여 역사의 흐름에 따라 변화하는 극장의 형태를 이해한다. 이를 위해 극장의 탄생배경, 발전배경, 그리고 극장의 변화에 따른 공연 형태의 변화를 살펴본다. 오늘날 존재하는 다양한 형태의 극장에 대한 정보를 습득하여, 현재시대의 극장의 의미와 가치를 찾고자 한다.",
DAN3058,무용전공실기5,,전공핵심,3,,무용예술학과,창작춤은 신체와 내적인 욕구를 소재로 하여 무엇인가를 표현하는 美의 형성입니다. 춤은 동작의 언어이며 감동을 전달하는 수단이기에 기교를 포함한 다양한 춤의 요소들을 훈련하는 실기 수업입니다.,
DAN3082,무용공연관람체험,,전공핵심,1,,무용예술학과,공연 체험을 통해 작품이 갖고있는 특징을 고찰하고 감상한다. 공연 관람 체험을 통해 퍼포먼스 관람에 대한 지식 및 폭넓은 문화 감상에 대한 견해를 배양한다. 또한 자기 주도적 수업으로 학생들이 발표하며 토론하는 시간을 갖는다.,
DAN3083,문화예술교육개론,,전공심화,4,,무용예술학과,"문화예술 교육개론은 문화와 예술을 활용한 교육의 본질과 중요성을 이해하고, 이를 실천적으로 적용할 수 있는 기초 지식을 제공하는 과목이다. 본 강의는 문화예술의 이론적 배경과 다양한 예술 장르(음악, 미술, 공연예술, 문학 등)를 활용한 교육 방법론을 다루며, 창의성과 감성 발달, 비판적 사고 증진 등 문화예술 교육의 다각적 효과를 탐구한다.
학생들은 이 과정을 통해 문화예술 교육의 의미와 역할을 깊이 이해하고, 지역사회 및 글로벌 맥락에서의 문화예술 교육 사례를 분석하며, 창의적이고 실질적인 교육 프로그램을 설계하는 능력을 함양할 수 있다.",
DAN3087,무용교육을위한음악연구,,전공심화,2,,무용예술학과,컴퓨터를 이용한 무용음악 편집 및 제작방안 연구,
DAN3092,무용전공실기워크샵5,,전공핵심,3,,무용예술학과,무용을 이루는 요소에 대한 움직임과 표현을 통하여 미학적 의도의 작품완성도를 위한 숙련도를 기른다.,
DAN3095,창의적방법을통한안무교수법,,전공심화,3,,무용예술학과,"이 수업은 창의성과 문제해결 능력을 증진시키는 교육이 무용예술의 핵심역량과 교육과정의 근간이 됨을 인식하고 이를 통해 창의적인 움직임에서의 실제적으로 적용 가능한 창의적 문제해결 방안을 제시한다.
학생들의 잠재성을 발견하고 창의성에 대한 이해 및 요구 그리고 무용 예술 분야의 전문 영역에 대한 이해를 바탕으로 개인의 능력 개발을 위한 점진적 접근이다. 학생 스스로에 안무에 대한 이해를 기초로 하여 미래의 창의적인 주체인 안무가로 활동할 수 있는 영역과 안무의 주체가 되는 자신의 과제를 발견하여 가능성을 계속 성장시켜 강력한 실제 산물인 무용 작품으로 생성하는 일련의 과정을 목표로 한다. 또한 본 과목은 학습자 중심의 교수-학습 방법인 IC-PBL(Industry-Coupled Problem Based Learning)을 기반으로 향후 사회에서 요구되는 협동역량, 문제해결 능력 등을 함양하고 배워 나 갈 수 있다.
이때, 교수자와 각 팀을 이룬 학습자 간 매주 발표와 피드백을 주기적으로 실시하여 프로젝트 제안서의 완성도를 높일 수 있도록 독려하며 점진적으로 해당 과목에 연관된 전문역량을 기르는 것에 목적을 두고 있다.",
DAN3096,무용교수학습방법,,전공핵심,4,,무용예술학과,"무용교수학습방법은
1. 사전에 계획된 구조에 따라서 지식체를 언어적으로 전달하는 교수법의 한 과정 2. 교수자가 특정한 논제나 주제를 이야기 하는 형태의 교수법 3. 일방적인 의사소통
등의 형태로 진행된다.
무용지도자들을 위한 교수법으로 무용을 가르치면서 축적해 온 경험적인 방법들로 초점을 두어 강의한다.
본 교과목의 목표는 무용동작의 기술, 연습시간과 휴식시간의 배분의 정도, 가장 적절한 피드백방법 등을 파악하며 무용학과 학생들이 앞으로 지도자로서의 함양을 위해 다양한 교수법으로 능력을 배양하는 것이 수업의 주목표이다.
또한 본 과목은 학습자 중심의 교수-학습 방법인 IC-PBL(Industry-Coupled Problem Based Learning)을 기반으로 향후 사회에서 요구되는 협동역량, 문제해결 능력 등을 함양하고 배워 나 갈 수 있다.
이때, 교수자와 각 팀을 이룬 학습자 간 매주 발표와 피드백을 주기적으로 실시하여 프로젝트 기획안의 완성",
DAN4008,무용미학,,전공핵심,3,,무용예술학과,"무용 다른 예술에 비해 예술의 사조에 늦게 편입되었지만 무용이 지니고 있는 인간 본성의 예술적 가치는 매우 높게 평가받고 있고, 예술 사조 안에서도 그 자리를 매우 빨리 안정시켰다.
과거로부터의 이러한 무용의 예술과 미적 가치를 살펴보고 앞으로 무용예술의 방향성에 대해 알아본다.",
DAN4012,무용전공실기3,,전공핵심,2,,무용예술학과,코레오그래피의 이론적 개념을 이해하며 안무의 기초 동작과 응용형태를 익히고 표현한다. 더 나아가 기본 동작을 응용하여 조별 및 개인별 작품을 창작할 수 있다.,
DAN4013,무용전공실기4,,전공핵심,2,,무용예술학과,"기본원리와 움직임의 구성, 형식을 파악하면서 움직임의 범위를 넓혀 나가고자한다. 이 수업에서 중심이 되는 기본 Movement를 충분히 습득하고 Combination을 통해 학생들의 창의적 움직임 탐색과 자신의 신체표현을 다양하게 활용할 수 있게 한다.
또한 무용의 전반적인 이론을 학습하고 실습을 함으로써 개개인의 창의적 움직임 개발 능력을 함양한다.",
DAN4048,음악이론,,전공기초,1,,실용음악학과,"음악을 이해하고 연주하는데 필요한 기초 이론 즉 음악통론을 소개하는 수업으로서, 음악을 기보하는 방법, 그리고 음계, 음정, 리듬, 박자, 화음, 그 밖의 여러 가지 음악용어 등을 다루며, 특히 이 수업은 음악을 전공하는 대학 초년생을 위해 계획되었다. 이 과목은 음악을 읽고 연주/혹은 노래하며, 기보하여 악보로 남기며, 더 나아가 창의적인 작업, 즉 작곡을 할 수 있는 능력과 기술을 훈련/연습하도록 한다.",
DAN4052,무용전공실기7,,전공심화,4,,무용예술학과,"스트릿 댄스 하위 장르 중 락킹의 기본기(기본 동작, 리듬, 스텝 등)와 그 기본기를 다양하게 응용한 심화 동작들을 배우면서 실력을 향상시키고 스스로 응용할 수 있는 능력과 자신만의 스타일로 표출할 수 있는 창의력을 기른다.",
DAN4053,무용전공실기8,,전공심화,4,,무용예술학과,신체훈련의 다양한 방법을 토대로 움직임의 범위를 넓혀나가며 고급과정의 실기과정을 습득함으로써 현대무용의 창의성을 발전시킨다.,
DAN4073,캡스톤디자인(기획제작및시연)(1),,전공심화,3,,무용예술학과,"이 수업은 전공심화형 캡스톤디자인으로서 학생들이 전공지식을 활용하여 무용분야와 관련한 소규모 프로젝트를 진행한다.
현재 공연예술과 관련된 산업현장의 사례를 조사 및 분석하여 문제를 도출하고, 새로운 방향성을 제시하여 작품을 기획, 설계, 그리고 프로토타입의 작품을 제작한다.
2024년에는 ‘환경무용’이라는 주제로 지속가능한 환경과 예술에 대한 작품제작을 팀을 구성하여 진행하고자 한다.",
DAN4074,스포츠캡스톤디자인1,,전공심화,4,,스포츠코칭전공,"캡스톤이란 최고의 업적 및 성취를 뜻하며, 이공계 및 공학계열에서 시작되었으나 최근에는 국한되지 않고있습니다. 따라서 본 수업은 우리 스포츠과학과에서 그 동안 배운 전문지식을 바탕으로 체육현장, 스포츠현장, 산업체 등에서 필요로 하는 프로젝트(과제)를 학생들 끼리 하나의 팀을 구성하여, 기획하고 해결함으로서 창의성과 실무능력, 팀워크, 리더십을 배양하는 교과목입니다. 이에 스포츠캡스톤 디자인은 스포츠와 관계된 여러가지 주제를 토대로 체육전공자들의 재능과 능력을 발휘하여 의미있는 결과물을 만들어 내는 수업이라고 할 수 있습니다.",
DAN4083,무용전공실기워크샵7,,전공심화,4,,무용예술학과,코레오그래피의 이론적 개념을 이해하며 안무의 기초 동작과 응용형태를 익히고 표현한다. 더 나아가 기본 동작을 응용하여 작품을 창작할 수 있다.,
DBC2001,생화학1,,전공핵심,2,,생명나노공학과,"생화학1 강의는 생명나노공학과 학생들에게 생화학 기초인 생분자 디자인, 아미노산, 펩타이드, 단백질의 3차원 구조와 기능, 효소에 대한 이론 제공 및 심층 학습을 목표로 한다.",
DBC2002,생화학2,,전공핵심,2,,생명나노공학과,"This course is intended to provide Bionano engineering students with fundamentals of biochemistry including enzymology, immunology, carbohydrates and glycobiology, nucleotides and nucleic acids, DNA-based information technologies, lipids, biological membranes and transport, and biosignaling.",
DBC2010,생화학실험,,전공핵심,2,,의약생명과학과,"생체물질인 지질, 탄수화물, 단백질의 정성 및 정량법을 익히고 이들의 성질과 특성을 기초실험을 통해 이해하며 생화학의 전반적인 기초연구법을 습득한다.",
DBC2021,대학생화학1,,전공핵심,2,,의약생명과학과,"생화학 반응의 기본이 되는 물과 완충용액의 기능을 이해하고, 단백질의 구조와 기능에 관하여 공부한다.",
DBC3001,중간대사론,,전공핵심,3,,의약생명과학과,"중간대사론은 생명체의 에너지원인 탄소유기화합물의 동화작용및 이화작용에 관련된 다양한 기작을 다루는 학문이다.
Intermediary metabolism provides the fundamental regulatory pathways for the synthesis and catabolism of carbohydrates, lipids and some nitrogen compounds.
Metabolic regulation is emphasized, including factors influencing the rate at which compounds flow through selected pathways. Compartmentalization of, inter-relationships between and environmental impact on metabolic pathways are considered. Laboratory exercises examine the techniques used to study metabolic pathways.
This course will be performed in English.",
DBC3018,미생물학,,전공핵심,2,,의약생명과학과,"미생물 (세균, 바이러스, 곰팡이, 기생충) 이라는 생명체를 대상으로 연구하는 생명과학의 한 분야이다. 미생물로 인한 인류의 전염병과 질병을 예방하고 미생물의 생태와 생리를 이용하여 인류의 복지를 위하여 응용하는 학문을 말한다.",
DBC3026,발생생물학,,전공핵심,3,,의약생명과학과,"발생생물학은 복잡한 생명체의 성장과 발달에 연관된 기작을 연구하는 학문이다. 이 과목은 다양한 생명과학에 관련있는 많은 학문들의 기초를 제공하며, 나아가 의학과 질병에 연관된 발생학적 기형이나 배아 발생단계를 심도있게 연구한다.",
DBC3029,신호전달,,전공핵심,3,,의약생명과학과,"모든 세포에서 발생하는 일련의 과정은 신호전달을 통한다. 따라서, 세포가 어떠한 방식으로 외부의 신호를 세포내로 전달하며, 효율적으로 반응하는 지에 대한 일련의 과정을 이해하는 것이 세포신호전달이라는 과목이다.",
DBC4013,신경생화학,,전공핵심,3,,의약생명과학과,신경계의 구성과 특성을 소개하고 각 신경 전달체와 그가 이루는 신경전달 반응의 복합성과 조정을 다룬다.,
DBC4023,생물정보학,,전공핵심,3,,의약생명과학과,생명체로부터 얻어지는 다양한 데이터에대한 소개 및 이를 분석하기 위한 생물정보학적 이론을 다룬다.,
DBC4031,연구참여1,,전공심화,4,,의약생명과학과,본 과목은 대학원 진학을 희망하는 학부 학생들을 대상으로 4학년 동안 본인이 관심이 있는 연구실에 직접 소속되어 연구와 실험을 수행하는 과목임.,
DBC4032,연구참여2,,전공심화,4,,의약생명과학과,본 과목은 대학원 진학을 희망하는 학부 학생들을 대상으로 4학년 동안 본인이 관심이 있는 연구실에 직접 소속되어 연구와 실험을 수행하는 과목임.,
DCC1007,문화콘텐츠인문학,3,전공기초,1,1,문화콘텐츠학과,"다양한 콘텐츠를 개발하는 과정에서 인문학적 사고는 기본적인 요소다. 문화콘텐츠의 바탕이 된 인문학적 토대를 살피고, 그 요소와 개념을 정리하여 익힐 수 있도록 한다. 최근 대중적 인기를 얻은 디지털 미디어 문화콘텐츠에서 활용되는 역사, 문학, 철학, 종교, 예술 사조가 어떻게 반영되고 재해석되는지 보다 친숙하고 흥미로운 방식으로 접근해본다. ",
DCC1010,문화콘텐츠의기초,3,전공기초,1,1,문화콘텐츠학과,"본 강좌는 문화콘텐츠 전반에 대한 기초를 이해하기 위한 것이다. 문화콘텐츠와 콘텐츠산업의 개관과 각 갈래별 특성 및 전망을 살펴보고, 기획-제작-마케팅 등 각 분야의 전문가를 양성하기 위한 기초 지식을 학습할 뿐만 아니라, IC-PBL 참여를 통해 실행적 능력을 극대화할 수 있는 다양한 방안을 탐색한다. 따라서 문화콘텐츠 전공자들에게서는 필수적인 기초 과정이며, 여타 미래지향적인 학제간 융합연구를 꿈꾸거나, 해당 분야의 전문 역량을 극대화하기 위한 과정이다.",
DCC1011,문화콘텐츠스토리텔링개론,3,전공기초,1,1,문화콘텐츠학과,"▪본 강좌는 문화콘텐츠에 대한 기초적인 이해와 스토리텔링에 대한 기초적인 이해를 쌓고, 이를 기반으로 이야기 내용과 구현 방식 그리고 향유 및 소통의 양상을 총체적으로 파악하려 함. 본 강의에서는 성공적인 스토리텔링을 구사한 텍스트를 중심으로 찾아 literacy함으로써 이야기 구현 방식, 향유 및 소통의 활성화 방안, 플랫폼, 장르, 구현 언어 등을 중심으로 스토리텔링에 대한 전반적인 이해는 물론 선행 콘텐츠 분석을 통한 성공 전략 학습 및 팬덤(fandom) 및 트랜스미디어 월드(Transmedia world) 구축 등을 실천적으로 학습하기 위한 것임.
▪현재 스토리텔링은 문화콘텐츠 뿐만 아니라 커뮤니케이션, 경영, 장소 마케팅, 강연, 교육, 홍보 등의 여러 분야에서 다양하게 활용되고 있다는 점에 주목하여, 그 각 사례들을 찾고 적용 가능성 및 전략을 탐구할 것임.
▪문화콘텐츠학과 2학년에 개설된 ˂문화콘텐츠 스토리텔링 분석˃은 우리대학에서 최초로 개설하여 스토리텔링 리터러시를 중심으로 구체적인 스토리텔링 구현 방안에 이르는 차별화된 강좌로서 문화콘텐츠 전공자는 물론 여타 전공자들에게도 스토리텔링을 이해하는 필수 과목임. 다만 스토리텔링의 기초적인 이해가 없으면 강의를 따라가기 쉽지 않다는 점에서 기초 과목에 대한 수요가 오래도록 요구되어온 바 있음. 더구나 문화콘텐츠를 막 공부하려는 신입생들에게 스토리텔링을 통해 흥미롭게 문화콘텐츠에 접근해야 한다는 학과의 요구에 능동적으로 부응하는 강좌임.
▪스토리텔링은 단지 서사학(Narratology)의 확장이 아니라 새로운 형질의 분야로서 콘텐츠 기획(planning), 콘텐츠 비즈니스 등과 밀접하게 상관되어 있으며, 이를 기반으로 원 소스 멀티 유즈(one Source Multi Use)를 활성화시키거나 트랜스미디어 스토리텔링(transmedia storytelling)을 지속적으로 구축해나가는 전략적 차원의 접근을 요구함. 본 강좌에서는 이러한 다양한 요구를 수렴함으로써 새로운 형질의 스토리텔링을 이해하고 적용 방안을 고민할 수 있음.",
DCC2001,창의적발상법,3,전공기초,1,1,문화콘텐츠학과,"“생각을 바꾸면 창의성이 보인다”
우리는 줄곧 창의력은 하늘에서 뚝 떨어지거나 생각이 독특한 사람만의 소유물로 착각한 채, 스스로를 창의력과 무관한 사람이라 단정 짓곤 한다. 
하지만 우리는 모두 창의력 유전자를 내재한 채 이 세상에 태어났다. 
각 분야에서 창의적 인물로 대표되는 피카소, 아인슈타인, 스티브 잡스 등에게는 공통적으로 발견되는 사고 패턴이 있다. 
천재들의 창의적 발상법을 통해, 우리에게 내재되어 있는 창의력 유전자를 깨우고, 무엇이든 새롭게 발견하는 경험의 기쁨을 만끽한다. ",
DCC2004,멀티미디어저작실습,3,전공핵심,1,2,문화콘텐츠학과,,
DCC2005,문화콘텐츠기획론,3,전공핵심,1,2,문화콘텐츠학과,,
DCC2007,문화콘텐츠창작소재개발론,,전공핵심,3,,문화콘텐츠학과,문화콘텐츠 개발에서 창작소재에 대한 탐구는 그 첫걸음이다. 그러므로 다양한 소재에의 접근과 이의 개발 결과를 충분히 습득해 두어야 한다. 이 교과에서는 창작소재의 접근 방법과 개발과제의 현황을 두루 살피기로 한다. 창작소재가 활용된 경위를 살피면서 새로운 소재의 탐색과 활용방안을 익힐 수 있기 때문이다. 최종적으로 발굴된 소재를 가지고 결과물을 만들어 본다. 소재 찾기의 과제 대상은 ˂삼국유사˃와 ˂조선왕조실록˃이다.,
DCC2008,한국문화와콘텐츠개발,,전공핵심,2,,문화콘텐츠학과,문화콘텐츠 개발에서 중요한 요소 중의 하나는 문화콘텐츠에 어떻게 한국의 문화적 특성을 담아내느냐 하는 문제이다. 따라서 본 강좌는 한국문화의 전반적인 특성을 이해하고 이를 콘텐츠화할 수 있는 다양한 방안을 모색한다. 이를 위하여 한국문화의 특성을 파악하면서 그 속에서 구체적인 소재를 발굴하도록 한다. 한글-세시풍속-사상과 문화의 3세션으로 진행한다.,
DCC2012,게임기획과퍼블리싱,,전공핵심,2,,문화콘텐츠학과,"게임기획의 전반적인 것을 살펴보고, 관련 게임 제작 후 유통경로와 체계에 대해 알아본다.
게임기획자의 업무와 요구되는 능력을 경험함으로서 예비 게임기획자로서의 소양을 쌓을 수 있도록 하며, 게임퍼블리싱 관련 종사자들의 업무에 대해 살펴본다.",
DCC2014,문화콘텐츠비즈니스,,전공핵심,2,,문화콘텐츠학과,"디지털 대전환은 콘텐츠 비즈니스 패러다임의 전환을 촉발해왔고, COVID-19는 그 변화를 가속화시켰다. 본 교과는 콘텐츠 비즈니스에 관한 다양한 논의와 사례 분석을 통해, 디지털 대전환 시대의 콘텐츠 비즈니스 전략을 모색한다. 학생들은 기말 팀 프로젝트로 콘텐츠 비즈니스를 기획하고, 그 실현 가능성과 사업 타당성을 서로 평가하고 확인한다.",
DCC2017,문화콘텐츠마케팅,3,전공기초,1,2,문화콘텐츠학과,,
DCC2019,프리젠테이션기술과피칭전략,3,전공핵심,1,1,문화콘텐츠학과,"발표와 면접 사업계획을 위한 피칭등 프레젠테이션은 사회 생활에서 중요한 부분이 되었다. 본 교과는 실용교과로써 프레젠테이션의 개론과 효과적인 프레젠테이션을 위한 전략 수립, 프레젠터가 되기 위해 갖추어야 할 소양을 이론적으로 배우고 실습함으로 프레젠테이션을 하는 다양한 상황에 응용할 수 있도록 하는데 목적이 있다. 프레젠테이션 기술을 습득하여 피칭 전략을 수립할 수 있도록 기본적인 개념설명과 실전 기술을 프레젠테이션을 준비하는 과정별로 익힌다. 스스로 피칭과 관련된 주제를 기획하고 피치덱을 PPT로 디자인하여 완성하며 설득력 있는 발표와 질의 응답하는 과정을 통해 실전에서 활용할 수 있도록 한다. ",
DCC2026,문화콘텐츠미디어전략,,전공핵심,2,,문화콘텐츠학과,"˂문화콘텐츠미디어전략은˃은 디지털 패러다임을 기반으로 역동적으로 변화 중인 다양한 미디어와 문화콘텐츠에 대한 이해를 제고하고, 나아가 실질적인 적용을 시도하는 것을 목적으로 한다. 전반부에는 이론 수업을 통해 이야기와 수용자, 플랫폼의 변화와 함께 다양한 콘텐츠들을 살피고, 후반부에는 팀프로젝트를 통해 콘텐츠 산업에서 필요한 문제 발굴 능력을 키우고, 인사이트를 도출하는 훈련을 한다.",
DCC2027,문화콘텐츠스토리텔링분석전략,,전공핵심,2,,문화콘텐츠학과,본 강좌는 문화콘텐츠 스토리텔링에 대한 이해를 기반으로 스토리텔링에 대한 주도적인 리터러시와 평가를 진행해야하기 때문에 반드시 학습자의 현재적 인식과 실천적인 이해와 평가가 요구됨. 따라서 이 과목은 IC-PBL의 특성과 부합하며 장점을 극대화함.,
DCC2031,문화콘텐츠프로그래밍기초,,전공핵심,2,,문화콘텐츠학과,"이 과목은 프로그래밍 경험이 없는 학생이 컴퓨터로 문제를 해결하는 핵심을 이루는 제어구조를 설계하고 구현하는 기본 원리를 프로그램을 실제로 작성하면서 배우는 과목이다. 수업은 문제풀이중심학습 방식으로 진행한다. 풀어야 할 프로그래밍 문제가 매 주 주어지고, 그 문제를 풀기 위한 원리를 2시간 강의를 통하여 배우고, 이어서 1시간 코딩 실습을 통하여 원리를 이해한다. 사용 언어는 Python 이다.",
DCC3030,문화콘텐츠학과캡스톤디자인1,,전공심화,3,,문화콘텐츠학과,"문화콘텐츠학과의 학업 과정에서 습득한 지식과 기술을 적용하여 실제 문제를 해결하는 프로젝트형 수업이다. 문화콘텐츠 산업 중 특정 문제를 선정하고 솔루션을 도출하는 활동을 진행한다. 팀 프로젝트를 중심으로 진행되며 팀 단위 문제의 설정, 현장 연계 조사, 솔루션 도출을 진행한다. 그 결과물을 보고서 형태로 제출하고 프레젠테이션으로 공개한다. 공모전에 대비하거나 포트폴리오 작성으로 이어질 수 있도록 하는 것을 목표로 한다.",
DCC3035,플랫폼비즈니스,,전공핵심,3,,문화콘텐츠학과,"이 강좌의 목표는 미디어 시장에서 플랫폼 비즈니스의 기본 개념, 전략, 운영, 경쟁 등을 이해하고, 현대 비즈니스 환경에서 플랫폼 사업자의 성공/실패 사례를 통해 현실에 응용하기 위한 능력을 배양하기 위한 것이다.",
DCC3036,게임개발론,,전공심화,3,,문화콘텐츠학과,"본 강의는 미디어로서 게임의 특성과 게임성에 대한 이해를 기반으로 게임 기획서를 작성하는 것을 목표로 한다. 게임의 재미와, 구성 요소, 플레이 경험 등을 정밀하게 살피고, 상호작용적 미디어로서 게임이 가진 속성을 이해한다. 나아가 전략적인 문서화를 통해 수업 결과물을 포트폴리오로 활용할 수 있도록 한다.",
DCC3037,문화콘텐츠데이터분석,,전공핵심,3,,문화콘텐츠학과,"본 교과목에서는 현실에 존재하는 방대한 양의 데이터에서 우리에게 필요한 데이터만 효율적으로 수집하고 가공, 분석 및 시각화하는 능력을 키우는 것을 목표로 한다. 이를 위하여 파이썬 프로그래밍 언어와 R 언어를 간단하게 배우고 데이터 분석을 접해본다.",
DCC3041,웹소설과IP,,전공핵심,3,,문화콘텐츠학과,"웹 환경에서 나타난 새로운 콘텐츠 양식인 웹소설을 중심으로 IP 개발과 IP 확장에 관한 전략을 학습한다. 해당 교과목은 개발 트랙에 해당하는 창작과 기획, 확장 트랙에 해당하는 매니지먼트와 전략이라는 2가지 방향성으로 구성된다. 웹소설 IP 개발의 경우, 웹소설 창작과 기획의 방법론을 이해하고, 웹소설 IP 확장의 경우, 웹소설 프로듀싱과 트랜스미디어적 확장에 관해 학습한다.",
DCC4018,콘텐츠산업필드프로젝트,,전공심화,4,,문화콘텐츠학과,"콘텐츠산업필드프로젝트는 실질적인 문화콘텐츠 기업의 프로젝트를 학기 중 수행하는 과목이다. 방송, 영화, 음악, 게임 등 다양한 콘텐츠 분야 중 선택하여 팀 또는 개인 단위로 관련 기업의 프로젝트를 수행한다. 분야별 기업으로부터 요청 받는 프로젝트의 경우 단순한 시장조사부터 복잡한 경우에는 실질적인 상업프로젝트를 런칭하는 경우가 될 수도 있다. 그리고 프로젝트는 IC-PBL 형식으로 문제로서 제시될 것이며 학기 중 팀으로서 문제를 해결하게 될 것이다.",
DCC4019,문화콘텐츠팬덤세미나,,전공심화,4,,문화콘텐츠학과,"본 강좌는 문화콘텐츠의 핵심 동력인 팬덤을 종합적으로 이해하고 팬덤의 다양한 유형을 파악하고 구체적인 양성을 실천적으로 분석하기 위한 것이다. 향유자 중심의 문화콘텐츠 영역에서 가장 중요한 것은 팬덤의 역동성을 이해하고, 그것을 효과적으로 활용하는 것이다. 팬덤 이론을 학습하고, 이를 토대로 팬덤의 현재적 양상을 Case Study로 분석하여 활용 가능성을 탐구한다.",
DCC4020,문화콘텐츠프로모션전략,,전공심화,4,,문화콘텐츠학과,글로벌 문화콘텐츠를 만들기 위한 프로모션 이해 및 전략 기획 적용,
DCC4026,메타버스와콘텐츠,,전공심화,4,,문화콘텐츠학과,"글로벌 메타버스 기업인 코코네 그룹의 현역 임직원들이 직접 강의를 맡아 각 서비스의 특징과 현장에서 보는 서비스의 이해를 위한 정보를 제공하고, 기획안 작성 실습 등을 통해 자신만의 특징을 살린 메타버스 서비스 기획을 경험해보게 함
주의사항: 서비스 체험에 필요하므로 아미폰 사용자, 혹은 아이패드 사용 가능자로 수강을 제한합니다.",
DCD2083,패션주얼리2,,전공심화,4,,주얼리·패션디자인학과,상품으로서의 주얼리 디자인 및 브랜드화와 다양한 패션 관련 장신구에 대해 연구한다. 특히 의상과 주얼리의 관계 및 시대적 유행의 흐름을 파악하여 이와 관련한 새로운 디자인의 개발 가능성을 모색하고 기존의 디자인과는 차별화 될 수 있는 미래지향적이며 창의적인 디자인을 개발할 수 있는 역량을 키우는데 주력한다.,
DCD2084,아트주얼리1,,전공심화,4,,주얼리·패션디자인학과,"아트 주얼리는 독창적이고 예술 지향적인 주얼리를 디자인하고 제작하는 과정으로 형태, 재료, 색채 등을 다양하고 자유롭게 활용하여 작품성 있는 주얼리 제작을 위한 표현능력을 기른다. 자유로운 아이디어와 개념을 논리적, 합리적으로 표현하여 작가로서의 개성적 디자인 감각과 테크닉을 배양한다.",
DCD2100,주얼리와보석,,전공핵심,2,,주얼리·패션디자인학과,"다양한 보석을 직접 디자인∙연마하고, 금속으로 세팅하는 과정을 통해 창의적인 보석 주얼리를 제작한다. 산업 경쟁력 있는 고부가가치로서의 차별화된 보석디자인을 연구한다. 보석학 강의를 통해 보석과 주얼리 관련 지식을 습득한다.",
DCE1006,전문체육인의방향모색,,전공기초,1,,스포츠과학부,"체육학에 인문과학 분야(체육사, 체육철학, 체육원리, 체육행정), 사회과학 분야(스포츠사회학, 스포츠심리학, 스포츠교육학, 스포츠마케팅, 발육발달, 여가·레크리에이션, 특수체육)과 자연과학 분야(운동역학, 운동생리학, 스포츠영양학, 운동처방, 트레이닝, 운동해부학, 운동제어 및 학습, 체육측정평가) 등에 이해를 통한 향후 진로와 최근 체육계의 동향 및 이슈를 확인하고, 전문 체육인으로서의 역량을 갖추기 위한 다양한 방법을 공유하고자 한다.",
DCE1007,스포츠과학개론,,전공기초,1,,스포츠과학부,"스포츠 및 체육 분야의 전공자들에게 전반적이고 객관적인 체육학의 지식을 전달하고 그 원리를 이해하게 하며, 학습자들에게 체육학 영역의 개념을 정립하게 함으로서 보다 전문적인 지식인으로의 형성에 토대를 마련하고자 하는데 그 목표가 있다. 아울러 미래 체육에 대한 인식을 바르게 하고 체육을 종합적으로 이해하는데 초석을 다지고자 한다.
- 체육학의 소개
- 체육학의 발전
- 체육학의 역사, 철학적 관점
- 체육과 삶의 질
- 체육학의 자연과학 영역
- 체육학의 사회과학 영역
- 체육학의 교육 영역
- 체육분야 진로",
DCE3005,트레이닝방법론,,전공심화,3,,스포츠코칭전공,"트레이닝과 체력을 이해하고 트레이닝이 건강, 체력에 미치는 효과를 알아보며 트레이닝의 개
념, 원리, 계획과 평가를 통한 트레이닝 방법을 이해하도록 한다",
DCE3024,수영1,,전공기초,1,,스포츠과학부,"수영은 여러 가지 이유로 인해 필요한 스포츠 및 생활 기술입니다. 아래는 수영의 필요성을 강조하는 몇 가지 이유입니다.
안전한 수영 기술 보유: 수영을 배우고 안전하게 수영할 수 있는 기술을 보유하는 것은 생명을 보호하는 데 도움이 됩니다. 수영은 응급 상황에서 자기 및 다른 사람들을 구할 수 있는 능력을 갖추는 데 도움이 되며, 의도하지 않은 물에 빠졌을 때도 안전하게 행동할 수 있는 기술을 제공합니다.
신체 건강과 운동: 수영은 전신 운동이기 때문에 신체 건강을 향상시키고 유지하는 데 도움이 됩니다. 물에 저항하며 움직이기 때문에 근육 강화와 유연성 향상에 도움을 주며, 심폐 지구력을 향상시키고 체지방을 감소시키는 데도 효과적입니다.
스트레스 해소와 심리적 효과: 수영은 스트레스 해소와 정서적 안정을 촉진하는 데 도움을 줍니다. 물에 몸을 담그고 움직이면서 몸과 마음을 휴식시키고 긴장을 푸는 효과를 얻을 수 있습니다. 수영은 수면 품질을 향상시키고 우울증 및 불안감을 완화하는 데도 도움이 됩니다.
수상 스포츠 및 레크리에이션: 수영은 다양한 수상 스포츠와 레크리에이션 활동에 필수적인 기술입니다. 서핑, 스노클링, 카약, 서핑 등의 수상 스포츠를 즐길 수 있으며, 수영을 통해 휴양지나 해변에서 더 많은 활동과 즐거움을 누릴 수 있습니다.
긴급 상황 대응 능력 강화: 수영은 긴급 상황에서의 대응 능력을 강화하는 데 도움이 됩니다. 잠수 및 수영 기술을 익힘으로써 다른 사람을 구할 수 있는 능력을 향상시키고, 물 위에서의 자기 안전을 유지할 수 있습니다.
이 교과목은 스포츠전공 학생들의 수영능력을 기를 수 있도록 하는 전공수업 입니다. 이러한 이유들로 인해 수영은 안전과 건강, 심리적 효과, 다양한 수상 활동 및 긴급 상황 대응 능력 향상을 위해 필요한 중요한 기술입니다.",
DCE4003,코치론,,전공핵심,2,,스포츠코칭전공,"스포츠 현장에서의 코치와 선수간의 역할을 이해하고 현장에서의 적용하는 지도 원리를 파악할 수 있으며 지도력, 학습방법, 기술, 연습 지도, 심리적, 분석, 경영 등 다양한 측면의 기초적인 학습을 통하여 효과적인 코치능력 향상을 위한 것이다. 코칭능력을 스포츠분야 뿐 아니라 다양한 현대사회에서 적용이 가능한 실질적인 학문이다. 스포츠코칭 전공자인 학생들에게 다양한 환경애서 코칭능력을 발휘하기 위한 기초적인 이론과 실제 적용이 가능한 실용적 측면 또한 학습한다.",
DCE4005,배드민턴,,전공심화,4,,스포츠문화전공,"본 수업에서는 배드민턴의 운동기술 학습과 함께 및 평생 스포츠인 배드민턴을 통한 심동적, 인지적, 정의적 즐거움을 향유한다.",
DCE4021,스포츠지도실습법,,전공심화,3,,스포츠문화전공,"스포츠 현장에서는 스포츠지도자의 역할이 매우 중요하다. 스포츠지도자는 수업, 경기, 강연, 행사 등 어떠한 상황에서도 그 역할이 두드러져야 한다. 이에 이 학습은 스포츠지도자로서 갖추어야할 여러 덕목인 체력, 심력, 지력, 자기관리, 인간관계, 리더십, 갈등해결을 익혀 문제해결능력, 협동학습능력, 자기학습능력을 함양한다. 특히 교육의 주체인 교육자로 그 역할을 수행해 봄으로써 체육전문인으로 나아가는 발판을 다지는 좋은 기회로 삼는다.",
DEE2051,학술영어1:통합,,교양필수,2,,회계세무학과,"본 교과목은 각 대학 계열과 학과 특성에 맞게 진행되는 전공 학술영어로서 「학술영어2:글쓰기」에 필요한 영어 읽기와 말하기 능력을 함양한다. 계열 및 전공 교과와 미래 직업 관련 내용 읽기, 발표, 토론을 통해 읽기 및 말하기 능력을 함양하는 통합 교육을 목표로 한다.",
DEE2052,학술영어2:글쓰기,,교양필수,2,,한국언어문학과,"본 교과목은 「학술영어1:통합」을 통해 읽기와 말하기의 기초 실력을 갖춘 학생들의 계열과 학
과 특성에 맞추어 영어 글쓰기 능력을 함양한다. 계열 및 전공 교과와 미래 직업 관련 내용에
관한 논리적 사고, 글쓰기, 교정 과정을 통해 학술적, 비즈니스, 디지털 글쓰기 능력 향상을
목표로 한다.",
DEE3005,영문법1,,전공핵심,3,,영미언어·문화학과,"본 강좌는 영미언어문화를 전공하는 학생들이 영어를 정확하고 유창하게 사용할 수 있도록 영어문법에 대한 기초를 제공한다. 본 강좌는 영어를 전공하는 학생들이 모든 영어 능력의 기초가 되는 영어 문법을 이해하고 활용할 수 있도록 하는데 그 목적이 있다. 본 강좌는 영어의 기본 구조를 이해하기 위한 기본적인 문법 개념을 이해하고, 이를 실제의 의사소통(real communication)에 적용할 수 있는 능력을 키우는데 그 목적이 있다.",
DEE3027,통역의기초,,전공핵심,3,,영미언어·문화학과,"영미언어를 전공한 학생이 졸업 후 선택할 수 있는 직업 중 하나인 전문 통역사라는 커리어에 대해 탐구한다. 전문 통역사가 갖추어야 할 제반 조건과 자질, 직업 윤리 등에 대해서 배운다. 통역을 하는데 필수적인 사전 준비 과정을 연습하고, 다양한 주제에 대한 실제 통역 연습을 통해 커리어로 발전 가능성을 평가한다. 정확한 통역 능력을 함양하여 전반적인 영어-한국어 실력을 높인다. 통역사가 실제로 사용하는 Note taking, Sight translation 기법 등을 연습한다.",
DEE4001,영어발달사,,전공심화,3,,영미언어·문화학과,"영어의 기원과 발전과정을 고대영어, 중세영어, 근대영어, 현대영어의 시점으로 나누어 살펴본다. 특히 발음, 어휘, 문법 등이 어떻게 변화되어 왔는지에 초점을 맞추어 연구한다. 아울러 현대 영어에서 새로운 어휘의 형성과정도 알아보고, 미국영어와 영국영어의 차이점도 간략히 살펴본다.언어는 인간과 불가분의 관계를 지니고 있다. 인간과 동물이 구분되는 가장 중요한 점은 언어일 것이다. 언어를 배우는 이유중 하나는 인간에 대한 연구를 하는 것이다. 그 방법중의 하나가 역사를 공부하는 것이다. 따라서, 이과목에서는 영어의 역사에 대해 알아보고 또한 현재 영어의 스펠링과 발음과의 관계를 살펴보고, 다양한 지역의 영어, 영국영어, 미국영어, 인도영어, 호주영어들의 발음차이와 스펠링차이등에 대해서도 알아본다.",
DEE4026,다문화간의사소통,,전공심화,4,,영미언어·문화학과,"본 교과는 언어와 문화의 관계를 이해하는 것을 기초로 하여, 언어활동이 이루어지는 담화적, 사회적 맥락을 분석하고 이해한다. 나아가 구체적으로 영미 문화권과 한국어 문화권의 언어사용 맥락이나 담화적 맥락의 유사점과 차이점을 학습함으로써 다문화간에 성공적인 의사소통이 가능하도록 한다.",
DEE4042,응용물리학캡스톤디자인2,,전공심화,4,,응용물리학과,"학부과정에서 초석을 쌓고 기둥을 세워 마침내 나름의 지붕을 쌓아올려본다는 마음가짐으로, 선별한 주제에 관한 자기주도적 연구,실험,조사를 진행. 발표와 피드백으로 마무리.",
DES1001,스튜디오프랙티스,,전공기초,1,,디자인계열,"조형요소와 원리에 대한 탐구를 바탕으로 다양한 아이디어 발상법을 통해 개성 있는 조형 형태로 발전시켜 나간다. 조형적인 기초 교육을 통해, 학생들은 형태와 구조의 관계를 이해하고, 이를 바탕으로 창의적인 문제 해결 능력을 배양한다. 또한, 4년간의 디자인 교육의 기반이 되는 조형 요소와 원리에 대한 깊이 있는 이해를 바탕으로 실제 디자인에 적용할 수 있는 능력을 키워나간다.",
DES1002,2D디지털디자인,3,전공기초,1,1,디자인계열,,
DES1003,3D스페이셜디자인,3,전공기초,1,2,디자인계열,,
DES1004,드로잉파운데이션,,전공기초,1,,디자인계열,"디자인 개념과 디자인 프로세스를 기반으로 생각을 시각적으로 표현하는 방법을 습득, 경험합니다. 디지털 툴을 사용하지 않고 대상을 평면, 입체 등의 드로잉을 통해 표현하는 기회를 제공합니다.",
DES1005,크리에이티브프로세스,3,전공기초,1,2,디자인계열,,
DIN3001,보험법,,전공핵심,2,,보험계리학과,이 과목은 다양한 보험거래에 관한 기본적 법제도를 소개하는 수업이다. 구체적으로 상법에 속하는 보험계약법과 보험회사의 감독규정인 보험업법에 관하여 살펴본다. 또한 근로자의 복지후생사업과 관련되는 근로자퇴직급여보장법도 함께 다루어본다.,
DME2053,재료역학,,전공핵심,2,,건축공학전공,"구조물의 설계를 하기 위한 기초과목으로 평형방정식을 기준으로 부재의 내력을 구하고 응력 및 변형도를 정의하며 이들의 구성관계식을 이용하여 축력, 휨모멘트, 전단력 등에 대한 응력계산법을 공부한다. 응력의 변환법과 주응력 및 재료의 항복조건을 다루어 부재의 안전설계 방법의 기초지식을 부여한다.",
DME3003,시스템해석,,전공핵심,3,,로봇공학과,기계 및 전기 시스템을 해석하는 방법을 익힘으로써 시스템을 제어하고 설계할 수 있는 능력을 함양한다.,
DME3004,기계공작실습,,전공심화,3,,기계공학과,"기계가공학에서 배운 절삭가공법에대해서 실습을 하여 기계부품의 설계및 제작에 관한 이해를 증진시키자고 한다, 법용선반의 구조조이해및 작동법 습득을 통한 원통형상물 가공을 실습하여 익히게 된다.",
DME3051,기계설계,,전공심화,3,,소재·부품융합전공,기계를 구성하는 다양한 요소들을 이해하고 이러한 요소들을 설계하는데 필요한 기초 지식을 습득 및 배양,
DOI1001,지능형로봇의이해,,전공핵심,1,,지능형로봇학과,"본 교과목은 4차 산업혁명 시대의 다양한 혁신을 불러올 수 있는 지능형로봇을 이해할 수 있도록 설계된 과목이다.
대부분의 강의 내용은 이공계 및 비이공계 학생들이 모두 이해할 수 있는 수준에서 지능형로봇을 구성하는 다양한 요소 및 개념에 대한 개론적인 내용을 학습한다.
이 과목을 수강하면서 학생들은 지능형로봇에 대한 이해를 증진하여 본인의 전공과 접목하여 융합 분야를 개척할 수 있는 기반을 마련할 수 있다.",
DOI1002,로봇명사와의만남,,전공핵심,1,,지능형로봇학과,"지능형로봇 혁신융합대학 사업단에서 메타버스를 이용한 로봇전문가 초청강연 교과목
전공에 관계없이 희망학생 누구나 지능형로봇 교육과정을 이수할 수 있는 과목으로, 지능형로봇 혁신융합대학 컨소시엄의 각 대학의 자원을 활용하여 운영하는 공동운영 과목.
- 지능형로봇 마이크로전공, 부전공, 다전공, 전공선택 및 복수학위를 위한 필수 수강교과목.
- 지능형로봇 혁신융합대학 컨소시엄내 대학생 전체를 대상으로 개방.
- 산학연의 로봇분야 전문가를 통해 최신 로봇 기술과 트렌드에 대해 접할 수 있는 교과목
- 메타버스를 통해 실시간으로 수강.",
DOI1004,로봇디자인의이해,,전공핵심,1,,지능형로봇학과,"로봇 디자인은 멋진 외형을 꾸미는 것 외에도 로봇의 동작과 사운드, 시나리오, 콘텐츠 구성까지 모두 포함하는 개념이라고 할 수 있다. 로봇이 인간과 감성적 커뮤니케이션을 하려면 매력적인 외관은 물론이고 동작과 사운드, 콘텐츠의 전달 순서까지 세심하게 조율하는 미적 작업이 필요하다는 뜻이다. 즉, 로봇에 대한 기술적 목표 사양과 제품 사이의 문제를 해결하는 것이 엔지니어링이라면 로봇과 사용자 사이의 문제를 해결하기 위해 존재하는 것은 디자인이라고 할 수 있다. 본 교과에서는 로봇을 전공생들에게 디자인에 대한 개념과 이해를 기반으로 한 디자인의 조형적 요소를 다루며 로봇과 사용자 간의 문제해결을 위한 디자인을 탐색해보며 로봇디자인에 대한 이해를 돕는 교과목으로 IC-PBL로 운영하도록 한다.
IC-PBL의 프로세스는 학습자의 창의적인 수행과정과 실무에서 유사한 문제 상황에 대해 책임 있는 태도를 경험 할 수 있으며 로봇공학과 디자인에 대한 융합적 사고를 경험함으로 팀내 상호교류는 서로의 잠재적 창의성을 자극하고 발현시켜 창의적인 문제해결의 능력과 협업 능력을 경험하게 된다.",
DOI1005,인간과로봇디자인1,,전공핵심,1,,지능형로봇학과,"본 교과목은 4차 산업혁명 시대가 도래된 지금 우리 주변에 나타나는 인간과 공유하게 되는 로봇들에 대해 알아보며 로봇에 드러난 디자인에 대한 이해를 돕는 교과이다.
사용자(타겟)에 따라 컨셉이 다르게 기획 및 개발되는 로봇디자인의 과정을 이해하고 사용자를 중심으로 하는 다양한 로봇에 대하여 알아본다. 또한 로봇을 전공으로 하는 학생들에게 로봇을 사용하는 사용자 중심의 디자인 사례를 접해보며 로봇 사용자들의 다양한 문제를 해결하기 위한 과정으로 디자인씽킹의 디자인 프로세스를 이해하고 활용하는 것을 목표로 한다.",
DOI1007,누구나할수있는인공지능데이터분석,3,교양선택,1,1,ERICA 대학,"- 본 강좌는 인공지능 데이터 분석을 위한 머신러닝을 이론적인 개념과 실제 데이터를 활용한 실습을 통해 학습할 수 있는 교과목이다.

- 본 강좌는 프로그래밍에 대한 기초적인 내용부터 인공지능 데이터 분석을 단계별로 학습할 수 있도록 구성되어 있다.

- 본 강좌는 다양한 머신러닝 및 딥러닝 기법을 도구처럼 활용하여 데이터 분석 능력을 기를 수 있도록 한다.",
DOI2002,머신러닝의이해,,전공핵심,2,,지능형로봇학과,"본 교과목은 인공지능 학습의 한 종류인 머신러닝에 대해서 기본적인 개념과 이론을 배우고 이를 바탕으로 실제 데이터를 활용한 머신러닝 실습을 통해 데이터 분석을 위한 실용적인 능력을 함양한다. 이를 위해서 수업 전반부는 머신러닝 실습을 위한 파이썬 프로그래밍에 대한 내용을 다루며 각 주차별로 이론으로 다루었던 주제들을 하나씩 실습하여, 머신러닝에 대한 전반적인 이해를 할 수 있도록 한다.",
DOI3001,모바일로봇의이해,,전공핵심,2,,지능형로봇학과,"코로나 19로 인하여, 비대면 시대에 사람을 대체하는 서비스 로봇에 대한 기술의 요구가 늘어나고 있다. 다양한 모빌리티 기술은 이러한 비대면 서비스에 필수적인 요소이기에 현재 모바일 로봇을 활용한 다양한 서비스 로봇의 개발이 활발하게 진행되고 있다. 본 교과목에서는 새로운 모바일 서비스 로봇 플랫폼 시장에 학생들이 대비하기 위하여 모바일 로봇이론 및 모바일 어플리케이션 개발에 현장중심형 실습교육을 수행하고자 한다.",
DOI3002,지능형로봇캡스톤디자인1,,전공심화,3,,지능형로봇학과,"본 교과목에서는 남들에게 유용하다고 판단되고 또한 자신이 사용하고 싶은 공학적 산물을 창작해낸다. 로봇공학 핵
심과목들을 이수한 학생들이 자체적으로 설계팀들을 구성하여 로봇공학, 컴퓨터공학 분야들의 지식을 응용하는 설계
과제를 수행한다. 공학적으로 우수한 창의작품의 제작과 실제분제 중심의 팀협동 해결방식을 통하여 장의성과 공학적
능력을 제고하도록 한다.",
DOI4001,지능형로봇캡스톤디자인2,,전공심화,4,,지능형로봇학과,"본 교과목에서는 남들에게 유용하다고 판단되고 또한 자신이 사용하고 싶은 공학적 산물을 창작해낸다. 로봇공학 핵
심과목들을 이수한 학생들이 자체적으로 설계팀들을 구성하여 로봇공학, 컴퓨터공학 분야들의 지식을 응용하는 설계
과제를 수행한다. 공학적으로 우수한 창의작품의 제작과 실제분제 중심의 팀협동 해결방식을 통하여 장의성과 공학적
능력을 제고하도록 한다",
DOP5006,약물학응용,,전공심화,5,,약학과,"약물학1과 약물학2 강좌에서 학습한 약물에 대한 지식을 기반으로 전문적인 약물학적 지식의 응용과 활용을 돕고자 개설한 강좌이다. 제약회사, 지역약국, 병원약국 각 분야에서 주요하게 다루는 약물에 대한 이해를 심화하기 위해 문제 해결형으로 제시하고자 하며 이를 통해 약물학 전반에서 다루고 있는 약물들을 통합적으로 이해하여 더 나아가 이를 응용하여 각 분야에서 요구하는 능력을 함양시키고자 한다.",
DPN2001,파동역학,,전공핵심,2,,나노광전자학과,"역학의 기본 원리와 개념을 바탕으로 빛과 전자기파의 기본 현상인 파동에 대한 기초적 지식과 함께 파동의 전파, 매질과의 상호 작용 등에 대해 공부한다. 뉴턴 역학, 에너지 및 운동량 보존법칙 등의 역학의 주요 개념을 이해한 후 조화 진동, 파동의 운동 및 전파, 그리고 이를 바탕으로 빛과 전자기파의 기초적 기술 및 이해를 돕는 것을 목표로 한다.",
DPN2002,광전자실험,,전공핵심,2,,나노광전자학과,"본 과목에서는 광전자공학의 기초가 되는 전기회로에 관한 각종 이론을 실험을 통해서 확인하고 검증하는 교육을 실시한다. 이를 위하여 실험에 관한 기초 사항과 함께 각종 계측기의 사용법을 습득하며, 기초 회로 이론들을 검증할 수 있는 실험을 실시한다.",
DPN2003,공학프로그래밍1,,전공핵심,2,,나노광전자학과,"본 강의에서는 공학자와 과학자에게 유용한 컴퓨터 기술을 소개한다. 엑셀과 파이썬의 사용방법을 강의하고, 실제 문제 풀기를 통해 어떻게 우리가 활용 할 수 있는지를 가르친다.",
DPN2004,양자전자학,,전공핵심,2,,나노광전자학과,본 수업에서는 양자역학의 기초에 대해 다룹니다.,
DPN2005,나노반도체실험,,전공핵심,2,,나노광전자학과,"나노반도체 실험과목은 디스플레이 및 반도체 제작에 사용되는 공정인 포토리소그래피, 박막증착, 에칭의 실제 공정을 이론적으로 학습하고 실습하는 과목임. 과목내에서는 학습자가 실제 대표적인 반도체 소자인 박막트랜지스터를 처음부터 제작하여서 최종적으로 측정까지 실시하는 것으로 구성되었음. 또한, IC-PBL로 실행될 예정으로 주어진 시나리오를 바탕으로 학생들이 조를 편성하여 주도적으로 실험을 할 수 있도록 진행할 예정임.",
DPN3001,광전자소자,,전공핵심,3,,나노광전자학과,"본 교과목에서는 다양한 광전자 소자의 원리 및 응용에 대하여 강의한다. 소자의 기본 개념 및 기초 반도체 물리와 광학에 대해 개관한 후, 다양한 광전자 소자의 원리 및 응용에 대하여 배운다. 개관할 기초 반도체 물리와 광학 개념으로는 band theory, pn 접합 등이 있다.",
DPN3002,전자회로및제어,,전공심화,3,,나노광전자학과,기초 전자회로에 대해 학습한다. 수동과 능동 전자 소자가 결합된 간단한 회로들에 대해 학습한다.,
DPN3004,공학프로그래밍2,,전공심화,3,,나노광전자학과,"본 강좌는 공학프로그래밍1에서 학습한 내용을 응용하여 공학분야의 실전 문제를 다루어 본다. 프로그래밍을 이용하여 산업현장에서 다루는 자동화, 데이터분석 및 모델링 문제를 해결하는 능력을 체득하는 것을 목표로 한다. 또한, 벨기에 소재의 IMEC의 책임연구원인, 김민규 박사와 함께 웨이퍼스케일 광전소자 데이터처리 과제를 수행한다.",
DPN3005,광공학개론,,전공핵심,3,,나노광전자학과,"광학의 기본 원리 및 응용에 대해 학습한다. 다루는 주제는 매질 내 빛의 전파와 분산 현상, 동일/비동일 진동수 파동의 중첩, 비주기 파동의 개념과 함의, 간섭 현상, 경계면에서의 반사 현상과 응용, 편광 현상, 기하광학의 기초이다.",
DPN3006,전자회로및IOT실험,,전공핵심,3,,나노광전자학과,기초전자회로 및 전자회로 및 제어 과목에서 배운 내용을 응용하여 주어진 목적에 맞는 회로를 직접 설계하고 구현하는 것을 목적으로 한다. 설계에는 SPICE 등의 회로설계 도구를 이용한다.,
DPN3007,나노전자학,,전공핵심,3,,나노광전자학과,3차원 결정에 대한 소개로부터 시작하여 나노물질을 다룬다. 3차원 물질의 결정 구조에 대한 이해를 바탕으로 물질의 전기적특성에 대해 살펴본다. 저차원 물질 소개 및 해당 물질의 전기적 특성에 대해 알아본다. 나노물질의 특성을 분석하는 방법들에 대해 알아보고 관련된 최신 또는 중요 연구결과에 대해 소개한다.,
DPN3009,레이저공학,,전공심화,3,,나노광전자학과,"본 과목에서는 광공학에서 널리 쓰이는 기본 개념인 도파로, 공진기와 이를 응용한 레이저, 발광다이오드, 액정표시장치 등에 대해 배운다.",
DPN3011,레이저및광통신실험,,전공핵심,3,,나노광전자학과,"본 과목은 광학 시스템의 기초가 되는 레이저, LED, 광통신, 엘립소미터 등 4종류의 기본 광학 소자 및 시스템을 이용하여 관련 현상을 이해함과 동시에 작동원리를 배우는 것을 목표로 한다. 프로젝트형 수업으로 한 주제당 3-4주 과정으로 진행된다. 학생들은 소자 및 시스템의 구동, 제작, 여러 변수 측정, 결과 분석을 수행함으로써 광학 현상에 대한 이해 뿐만이 아니라 응용까지 습득하도록 한다.",
DPN3013,나노광전자연구실심화실습1,,전공심화,3,,나노광전자학과,1. 나노광전자분야 최신 연구 참여 2.각 연구실별 대학원 연구 방법론 기초 습득,
DPN4001,광전자응용,,전공심화,4,,나노광전자학과,"This course will provide basic properties of light.
It aims to enhance understanding of optoelectronic and photonic applications from engineering point of view.",
DPN4003,전자기파전송공학,,전공심화,4,,나노광전자학과,"선수 과목인 전자기학, 전기회로를 수강한 학생들만 신청할 수 있다.
숙제는 주어진 직후, 1주일 시간을 주며, 수업시간 전 제출한다. 
퀴즈는 in-class exam을 원칙으로 실시한다.
수업 시간에 열심히 참여 질문한 학생에게는 가산점을 준다.",
DPN4004,나노광전자캡스톤디자인2,,전공심화,4,,나노광전자학과,"나노광전자학전공에서 습득한 전문지식을 바탕으로 심도 있는 과제를 단독 또는 공동으로 수행한다. 선정된 지도교수의 지도하에 연구주제 설정, 연구계획 및 수행, 그리고 연구결과의 분석 및 결론에 이르기까지 일련의 연구활동에 직접 참여하도록 하여 연구 경험을 쌓고 탐구 능력을 배양시키는 데 목적을 두고 있다. 특히 산업체(또는 사회)가 필요로 하는 과제 등을 스스로 기획, 해결함으로써 창의성과 실무 능력, 팀웍, 리더십을 배양할 수 있도록 한다.연구활동에 직접 참여하도록 하여 연구 경험을 쌓고 탐구 능력을 배양시키는 데 목적을 두고 있다. 특히 산업체(또는 사회)가 필요로 하는 과제 등을 스스로 기획, 해결함으로써 창의성과 실무 능력, 팀웍, 리더십을 배양할 수 있도록 한다.",
DPN4005,첨단기술과미래산업,,전공심화,4,,나노광전자학과,"현대의 첨단산업은 다양한 과학과 기술의 고도화됨에 따라서 지속적으로 발전해왔다. 본 강의에서는 반도체, 디스플레이, LED와 같은 정보화시대와 관련한 산업에 대해서 이론적인 배경을 역사적 순서와 기술의 중요성에 따라서 학습하도록 하며, 이에 관련한 필수적인 이론적인 지식과 공학적인 원리에 대해서 논의하도록 한다. 최종적으로는 수강생들이 선택된 주제에 대해서 자료수집, 해석 그리고 발전방향에 대해서 발표하도록 한다.",
DPN4009,나노광전자연구실심화실습4,,전공심화,4,,나노광전자학과,나노광전자학과의 연구실에서 수행하는 연구에 직접 참여하여 미래 연구자로서의 기본적 소양을 갖추고자 한다.,
DSI2015,스포츠와미디어,,전공핵심,2,,스포츠문화전공,"스포츠와 미디어의 공생적 관계를 바탕으로 형성되는 다양한 산업적 발전적 맥락의 이해를 바탕으로 스포츠와 미디어의 관리, 방법 및 전략 등을 배운다. 스포츠와 미디어의 상호관계를 이해하며 다양한 미디어 매체에 따른 스포츠의 발전적 전략 사고와 지식을 함양한다.",
ECC1004,회로이론1,,전공핵심,2,,지능형로봇학과,"모든 공학 분야에서의 전기전자공학과 컴퓨터 기술의 응용, 그리고 많은 공업제품이나 생산설비에 디지털 전자공학과 마이크로컴퓨터가 중요한 요소가 되고 있는 것은 매우 일반적이다. 따라서 이 강의의 목표는 전기,전자 공학의 기본 원리에 대한 기반 지식을 제공하고 그의 활용을 위한 응용력을 키우기 위하여 비교적 간략하게 필요한 내용을 제시하고자 한다.",
ECC1005,물리전자,,전공핵심,3,,전자공학부,4차산업의 핵심 분야인 반도체 융복합 분야에 응용되는 다양한 소자의 특성을 이해하기 위하여 반도체의 기본 물성을 학습함.,
ECC1010,전자회로1,,전공핵심,3,,국방정보공학과,본 교과목은 전자회로의 기본 소자 및 동작원리에 대해 소개한다.,
ECC3003,전력공학,,전공심화,3,,전자공학부,"전력공학은 전기에너지의 발전, 송전, 배전 등에 대한 연구 분야뿐만 아니라, 이러한 전력 시스템의 운용 및 보호를 위해 설치되어 있는 전력기기들의 특징 및 설계/제작 방식에 대해 다루고 있는 학문분야이다. 최근 과거의 중앙집중식, 대규모 장거리 송전방식에서 탈피하여, 분산, 소규모, 신재생에너지에 기반한 전원들이 개발되고 이를 운용하기 위한 스마트 그리드가 등장하면서 전력공학에 대한 폭 넓은 지식을 갖는 것이 전기전자 공학도들에게 요구되고 있다. 본 전력공학에서는 삼상 교류전력을 기초로한 대규모 송배전 선로 설치 및 운용방식 뿐만 아니라, 새롭게 등장하고 있는 직류기반 전력시스템과 아울러 스마트그리드에 대한 기본 지식을 함양하는데 주력하고자 한다.",
ECC3004,불규칙변수론,,전공핵심,3,,전자공학부,"잡음이 섞인 시스템의 해석, 잡음제거 및 시스템 상태변수 추정용 필터설계, 제어루프 설계를 위해 필수적으로 요구되는 확률 및 불규칙 신호에 대한 이론을 공부한다. 내용은 집합론, 확률의 정의, 불규칙 신호의 확률분포 및 밀도함수, 조건부 확률밀도함수, 불규칙 변수의 시뮬레이션, 시스템 매개변수 추정을 위한 Maximum likelihood estimator의 설계방법과 특성을 공부하고, 불규칙신호과정의 기초적인 개념을 소개한다.",
ECE3008,신호와시스템,,전공핵심,3,,전자공학부,"The primary goal of this course is to make the students catch the basic concepts and characteristics of signal, system and signal processing. It first introduces the basic theory of the continuous/discrete time signals and systems, impulse response, the characteristics of linear time invariant systems and the convolution. Then, the analysis technique in the frequency domain using the Fourier transform theory of continuous/discrete time signal is introduced. The sampling theory to transform a continuous analog signal into discrete digital signal is also covered.",
ECO1001,경제학입문,3,전공핵심,1,1,경제학부,"以中国留学生为对象，将经济学相关基础概念混用汉语及韩国语授课。

- 经济学入门内容中必须理解的概念用汉语进行说明，并具备用韩语进行收听和表达的能力。",
ECO1002,경제수학,3,전공기초,1,1,경제학부,"이 과목에서는 경제학을 이해하는 데 필요한 수학적 기초를 배우며, 특히, 기본 함수(다항함수, 유리함수, 지수함수, 로그함수)의 정의와 성질, 미분의 기본 원리, 최적화이론 등에 대하여 학습한다.",
ECO1022,기업가정신과관계역량,3,전공핵심,1,1,경제학부,"본 과목은 학습자 중심의 교수-학습 방법인 PBL(Problem Based Learning)을 바탕으로 문제를 분석하고 해결하는 능력을 함양하는 수업이다. 문제 해결 과정에서 기업의 리더로서 갖추어야 할 기업가 정신과 조직 리더로서 성장하기 위해 필요한 관계역량을 이해하고 정립해 나간다. 기업가 정신은 리스크를 부담하면서 사업에 새로운 아이디어를 도입하는 창의적, 혁신적, 모험적 성향이다. 관계역량은 이해관계자와의 긍정적 사회적 관계를 유지하고 관리할 수 있는 역량으로, 관계역량이 향상되면 문제해결 역량이 보다 효율적으로 발휘되게 된다",
ECO2016,미시경제학1,,전공핵심,2,,경제학부,"가격이 자원배분의 매개로 신호 역할을 하는 시장메커니즘의 작동 원리를 학습
- 소비자 이론 : 효용극대화 목표, 소비자 선호 체계, 소득-가격, 예산제약, 최적선택, 개별 수요곡선, 시장수요곡선
- 생산자 이론 : 이윤극대화 목표, 비용최소화, 기술, 생산요소의 가격, 이윤극대화 생산량 결정, 개별 공급곡선, 시장 공급곡선
- 개별 경제주체들의 이기적인 최선의 노력이 어떻게 경제 전체측면에서 효율적인 자원배분을 가져오는지에 대한 분석
- 보이지 않는 손의 역할
- 시장기구가 최대다수의 최대행복을 가져다 주는지에 대한 분석",
ECO2018,경제통계학,,전공기초,2,,경제학부,"경제자료를 분석하고 예측하는데 필요한 통계학의 기본 이론을 학습하는 과정이다. 기본적인 통계적 개념과 통계적 기법이 다양한 경제현상을 분석하고 예측하는데 어떻게 활용될 수 있는지를 살펴본다. 유용한 정보를 추출하기 위해 데이터를 정리, 요약, 설명하는 기술통계학과 표본데이터에 기초하여 모집단의 특성을 추론하는 추론통계학을 학습한다.",
ECO2020,수리경제학,,전공핵심,3,,경제학부,"This is an intermediate level course in mathematical economics. It is strongly recommended that the students should have taken an introductory level in mathematical economics even though the course will review basic concepts in brief. The course will deal with Multivariate Calculus, Mitivariable Optimization, Constrained Optimization, and Envelope theorem while focusing on the applications of these mathematical tools to economic problems. On completion of each topic, you will encounter the application problems.",
ECO2063,거시경제학1,,전공핵심,2,,경제학부,경제학부 2학년을 대상으로 하는 전공 핵심과목으로서 거시경제학의 주요 이론모형들을 다룬다.,
ECO3005,국제경제학,,전공핵심,2,,경제학부,"국제무역에 대한 제반 측면을 이론 및 실증적으로 논의한다. 이론의 발전단계로 Ricardo의 비교우위론,Hecksher-Ohlin의 요소부존이론, 그리고 규모의 경제(Economies of Scale)에 입각한 신국제무역이론(New Trade Theory)을 개별적으로 검토하고 이론의 발전과정을 역
사적 측면에서 조망한다. 무역정책과 관련하여 각종 관세 및 비관세 조치의 효과에 대한 이
론을 학습하고, WTO 체제하에서 무역관련 조치에 관한 국제규범을 소개한다. 또한 무역과 경제성장 및 경제발전과의 관계에 대한 이론을 논의한다.",
ECO3011,조세론,,전공심화,4,,경제학부,"정부 조세정책의 효과에 대한 경제학적 분석 및 실증적 결과에 대해 학습한다. 주요 학습주제는 조세의 원리, 조세의 귀착 및 경제적 효율성에 대한 효과, 주요 조세제도의 노동, 저축, 위험부담행위에 대한 경제적 효과, 그리고 근본적인 조세개혁을 포함한다.",
ECO3014,산업조직론,,전공핵심,3,,경제학부,"시장 효율성을 가져다 주는 완벽한 경쟁상황이 현실에서는 부족한 이유
불완전경쟁시장의 다양한 사례
- 바람직하지 않으나 불가피하게 존재하는 불완전경쟁시장에 초점을 맞춘 분석
- 독점, 과점, 독점적경쟁, 완전경쟁시장 비교 분석
- 개별 시장마다 경쟁의 정도가 다른 점과 이것이 미치는 시장의 성과 (시장전체 성적) 분석
- 경쟁이 제한적인 이유 분석
- 진입장벽의 다양한 사례
- 구조, 행동, 성과의 유기적인 관계 분석
- 다양한 시장구조의 형태와 경제주체들의 행동, 시장의 결과 비교 분석
- 시장의 경쟁활성화를 위한 공정경쟁정책
- 공정거래 관련 법률",
ECO3024,계량경제학,,전공핵심,3,,경제학부,"통계학의 이론을 응용하여 경제현상을 실증적으로 분석하는데 필요한 기본적인 추정 및 검정 이론을 다룬다. 아울러 추정에 필요한 sofrware인 EViews에 대한 강의도 수반됨으로써 통계 package를 이용하는 능력을 배양케 한다.
주요내용으로는 통계학의 Review와 함께 단순회귀모형, 다중회귀모형, 설정오류, 다중공선성 등을 다루게 된다.",
ECO3031,게임이론,,전공핵심,3,,경제학부,"Each decision maker needs to know how the other party thinks and reacts to my decision, which is called 'Strategic Thinking'. Game theory shows mechanism of how to make strategic thinking. The main objective of this course is to introduce students to the basic concepts and tools of game theory and to apply these tools to various issues in economics such as competition in oligopoly market, public good provision, voting, and etc. Students will learn the fundamentals of game theory starting with basic terms such as players, strategies, payoffs, best response, and Nash equilibrium, and then will progress from the analysis of simple to more complex games. These will include single-move strategic form games, extensive form games with multiple rounds, games played with perfect information and those where information is imperfect, and games with just two players to those with multiple players.",
ECO3035,공공경제학,,전공핵심,3,,경제학부,"시장경제체제의 효율성을 설명하고 후생경제학의 제1·제2원리 등 시장경제체제에 왜 정부가 개입해야 하는지를 밝힌다. 구체적으로 외부성 문제, 공공재의 최저 공급기준 등을 연구한다.",
ECO3040,정보통신경제론,,전공핵심,3,,경제학부,"본 과목은 통신 및 방송서비스의 규제정책과 시장분석을 다루는 과목으로 통신 및 방송서비스 산업의 특성, 현황, 규제정책 이슈를 다룸. 아울러 전파관리 정책도 다룸 먼저 통신서비스 산업의 특징, 관련 규제이론, 경쟁상황평가, 망 중립성 등의 주제를 다룸. 또한 무선통신용 주파수(radio spectrum)의 개념, 주파수 분배 및 할당, 주파수의 가치산정 등도 논의함. 방송서비스의 경우 주요 규제 이슈, 경쟁상황평가 등을 다룸 한편 인공지능 등 정보통신 관련 프로젝트를 수행함",
ECO3065,경제사상사,,전공심화,4,,경제학부,"경제학의 주요 학설을 다루면서 경제학의 성립과 발전 과정을 강의한다. 각 학파의 주요 학자를 중심으로 그들의 이론을 연구한다. 고전학파를 중심으로 한 경제학의 성립, 마르크스 경제학과 한계혁명, 케인즈 학파를 중심으로 한 근대경제학을 중심으로 한 현대경제학을 그 내용으로 한다.",
ECO3069,금융경제학,,전공핵심,3,,경제학부,"화폐 및 금융과 관련한 기본 개념, 이론적 틀 및 관련문제를 이해하기 위한 분석도구를 소개한다.",
ECO3071,도시경제학,,전공핵심,3,,경제학부,"이 수업은 개인과 기업의 지리적 입지 결정을 중심으로 도시와 관련된 문제를 이해하는 것을 목적으로 한다. 이 강의에서는 도시 형성과 성장, 그리고 도시에서 발생하는 세부적 문제들에 대한 경제학 이론을 학습한다. 다음은 이 수업에 대한 중심 질문이다. - 왜 도시는 존재하는가? (왜 사람과 기업은 도시에 있고자 하는가?) - 왜 도시는 비슷한 모습을 갖는가?
- 도시의 규모와 구조를 결정하는 힘은 무엇인가?
- 도시의 모습을 바꿀 수 있는 정책은 무엇인가?",
ECO3083,경제캡스톤디자인1,,전공심화,3,,경제학부,자신만의 독특한 문제를 제기하고 그것이 발생한 이유를 경제학적으로 파헤쳐서 연구논문을 작성하는 것이런 과정에서 자연스럽게 해결책이 제시되는 것이 바람직함,
ECO3085,경제캡스톤디자인2,,전공심화,3,,경제학부,"통화정책 경시대회, 생애 금융설계 및 금융상품 공모전 응모",
ECO3099,프로젝트경제성분석,,전공심화,3,,경제학부,"자원의 효율적 배분을 통해, 특화된 경제성장동력을 구축하는 것은 경제개발의 가장 중요한 목표 중 하나이다. 수강생들은 한 학기 동안 사회기반시설에 대한 투자 사례 중 하나인 ERICA 캠퍼스혁신파크사업 도시첨단산업단지(안)를 경제성분석의 주요 기법들을 적용하여 객관적이고 합리적인 시각으로 직접 평가하게 된다. 이를 통해 수강생들은 궁극적으로 재정투자사업의 근간이 되는 지역경제이론 및 경제개발전략에 대한 실체적 이해를 도모할 수 있다.",
ECO4056,환경경제학,,전공심화,4,,경제학부,환경을 보호하는 것은 경제의 성장과 상충관계에 있는 것으로 파악되므로 보다 깨끗한 환경조건을 향유하기 위해서는 소득의 손실을 감소해야 한다. 이때 이 두 가지 목표 사이에서 어떠한 선택을 하는 것이 바람직한가를 논의한다. 또한 환경이 하나의 재화로 인식됨에도 불구하고 환경문제는 왜 시장기구를 통하여 자동적으로 해결되지 못하는지를 분석하고 이때에 정부가 취할 수 있는 정책도구의 종류와 각 정책이 갖는 장단점을 살펴본다. 일관된 분석도구를 이용하여 국가간 환경문제의 발생원인과 이를 해결하려는 국제사회의 노력을 알아본다. 이러한 논의를 기초로 우리나라의 환경상황과 환경정책을 논의하고 분석한다.,
ECO4083,무역업창업과마케팅,,전공심화,4,,경제학부,"1. 무역회사의 설립 절차 및 방법
2. 무역업 창업시의 수익모델
3. 무역마케팅의 주요 절차
1) 수출마케팅
2) 무역협상 및 계약
3) 수출대금 회수
4) 제품 인도
5) 수출입통관,운송",
ECO4094,응용경제데이터분석,,전공심화,4,,경제학부,"활용 가능한 데이터가 폭발적으로 증가함에 따라, 데이터 분석은 최극 가장 각광받는 연구 분야 중 하나로 대두되고 있다. 본 수업은 응용성이 뛰어난 프로그래밍 언어인 파이썬(필요시 R 병용 활용)을 활용하여 다양한 데이터 처리기법 및 분석 방법론을 제시하고, 이를 통해 학생들의 경제 문제 분석 및 정책의사결정 능력을 고도화하는 것에 그 목적을 둔다.",
EDU4040,교과교육론(중국어),,전공심화,3,,중국학과,중고등학교에서 중국어 교육을 효과적으로 수행하기 위하여 중국어 교수법을 학습하고 현행 고교 중국어 교과서와 교사용 참고서에 직접 적용해 본다,
EDU4041,교과교육론(일본어),,전공심화,3,,일본학과,"이 수업은 AI 'Introducing Chat GPT'를 활용한 과제 작성과 발표를 한다
１교수법의 역사
２기본적 교수법의 이해 ３교수법의 활용 1)교재를 통한 교수법이해 2)수업 에서의 활용 예 3)교수법을 활용한 교실활동 작성",
EDU4042,교과교육론(영어),,전공심화,3,,영미언어·문화학과,"본 강좌는 영어를 전공하는 학생들이 영어 교육학 전반을 개관하는데 그 목적이 있다. 본 강좌는 먼저 영어 교사가 되고자 하는 학생들이 영어교육의 본질과 방향을 이해할 수 있도록 다양한 접근 방법 (언어학적, 심리 언어학적, 심리학적 사회언어학적, 교육학적 접근 방법 등) 안에서, 영어 교육학 전반에 대하여 논의한다. 더 나아가 이를 기초로 영어 교사로서 현장에서 수업에 임할 수 있는 기초적인 교육방법을 터득하는 데 그 목표를 둔다.",
EDU4045,교과교육론(일반사회),,전공심화,3,,경제학부,이 과목은 사회과학분야에서 중등교원 자격을 얻기 위해 교직을 이수하려는 학생들에게 사회과학 분야의 교과교육과 관련된 여러 주제들에 대한 이해를 도목하기 위해 개설됨.,
EDU4046,교과교육론(디자인),,전공심화,3,,주얼리·패션디자인학과,"디자인 교육분야의 주요 개념체계와 원리 ,이론을 연구하여 급변하는 디자인 교육에 대한 이해 및 학습원리등 다양한 디자인교육의 내용 파악을 도모하고
이를 위해 교육방법에 관한 다양한 이론 등을 습득하며 나아가 디자인 교육에 관한 이론적 내용을 체계적으로 이해하도록 한다.",
EDU4047,교과교육론(체육),,전공심화,3,,스포츠코칭전공,"교육학은 교육이라는 현상을 연구하는 것이고, 교과란 교육 내용을 의미한다. 교과교육학은 교사교육에서 가장 핵심적인 학문이며 교과의 지식을 잘 가르칠 수 있도록 하는 지식체계로서, 많이 알고 깊게 알아서 잘 가르칠 수 있는 방법을 제시하는 하나의 학문체계라고 할 수 있다. 일반적으로 교과교육학은 교사양성의 교육과정을 구성하는 배경이 되고 있으며, 하나의 학문으로 성립된다는 것을 전제로 하면 그것의 실용적 목적 역시 교사의 전문성을 특정 짓는다는 것이다.",
EDU4048,교과교재연구및지도(중국어),,전공심화,4,,중국학과,"중국어와 한문 교육을 효과적으로 수행하기 위하여 현행 고교 중국어 교과서 및 한문 교과서 그리고 교사용 참고서를 비교하여 그 장단점을 분석하고 중국어 교과교육론을 참고하여 교안을 작성하고 모의 수업을 진행하는 실습 강좌이다.교육 현장 특히 직접 교실에서 중국어나 한문 수업을 진행하기 위하여 필요한 제반 사항들을 마지막으로 점점하여 5, 6월 달에 있을 교생실습을 대비한다.",
EDU4049,교과교재연구및지도(일본어),,전공핵심,4,,일본학과,"일본어교육에는 여러가지 필요한 요소가 있다. 무엇보다 고도의 어학능력과 언어교수법, 이문화 이해 능력 등이다. 그리고 좋은 교재 선택 능력과 교재 분석 및 재구축 능력이 필요하다.
이 강좌에서는 최근의 외국어 교육의 다양한 교수법을 기본으로 고등학교 일본어 교육의 효과적인 학습방법을 모색하고, 교육과정의 교육목표에 입각하여, 현행 고등학교 일본어 교재를 검토 분석하여 교생실습에 대비하여 모의 수업등을 한다.",
EDU4050,교과교재연구및지도(영어),,전공심화,4,,영미언어·문화학과,"본 강좌는 영어를 전공하는 학생들이 현장에서 수업에 임할 수 있도록 교재 연구를 통해 교과 지도법에 익숙해지도록 하는 것을 목적으로 한다. 특히 전통적인 교수법인 문법-번역식 교수법, 청화식 교수법, 읽기 교수법 뿐 아니라, 헌행 영어교과에서 목표로 하는 의사소통 중심이 교수에 적합한 자연적 접근법, 직접식 교수법, 의사소통식 교수법 등 다양한 교수법을 소개하고, 그를 바탕으로 듣기, 읽기, 말하기, 쓰기 등 각 기능별 지도법을 이해하는 데 목표를 둔다.",
EDU4052,교과교재연구및지도(프랑스어),,전공심화,4,,프랑스학과,고등학교에서 일정 기간 프랑스어 교육을 하게 될 교생 실습에 앞서 실제로 각자 프랑스어를 가르쳐 연습을 하면서 미래의 교사로서 요구되는 자질과 능력을 갖출 수 있는 시간이 되도록 한다. 특히 고등학생들의 프랑스어 의사소통 기능을 강화할 수 있도록 해주는 교사로서의 능력을 배양한다.,
EDU4053,교과교재연구및지도(일반사회),,전공심화,4,,경제학부,"중등학교에서 가르칠 사회과 교재의 구성원칙을 교수하고 현행 사회과 교과서의 구성과 내용을 분석 검토한다. 또한 교수방법에 적합하도록 교재를 재구성하는 방법을 교수하고, 교재의 변용과 적용능력을 기르게 한다. 중등학교에서 가르칠 사회과 교육의 목표, 내용, 조직 방법의 일부를 다룬다.",
EDU4054,교과교재연구및지도(디자인),,전공심화,4,,커뮤니케이션디자인학과,"디자인과 교육에 필요한 교재와 교사가 디자인 교육에 있어서 차지하는 의미와 교재, 교재 교구의 효율적인 활용방안과 디자인 교과수업에 특성화된 다양한 수업방법을 모색해 봄으로써 교육현장에서 효과적으로 지도할 수 있는 교수방법을 습득하여 디자인 교사에게 필요한 학습지도 능력을 함양한다.",
EDU4055,교과교재연구및지도(체육),,전공심화,4,,무용예술학과,"학교체육현장에서 요구되는 체육이론을 숙지하고 수업에 사용할 교재를 개발, 활용할 수 있는 능력을 기른다.",
EDU4056,교과교재연구및지도(상업),,전공심화,4,,경영학부,경영학을 전공한 후 상업일반에 대한 강의를 할 수 있도록 전문성과 실용성 및 지도력을 겸비하도록 구성한다.,
EDU4071,교과교육론(상업),,전공심화,3,,경영학부,교과교육론은 교사를 지망하는 학생들을 대상으로 하여 교직에 대한 이론적 지식과 실기와 교사의 자질을 함양하는 것에 주안점을 둔다.,
EDU4085,논리및논술(프랑스어),,전공심화,3,,프랑스학과,프랑스어 문법과 구조를 분석하고 활용하는 능력을 키우고자 언어학적 지식을 쌓는다.,
EDU4086,논리및논술(일반사회),,전공심화,3,,경제학부,사회과 교과목에 필수적인 논리적 사고방식과 논리적인 글쓰기에 대한 교육을 위한 교육 이론를 학습하고 학생들의 발표와 토론을 통해 현실 적응 방안 모색,
EEN1003,전자공학의이해,3,전공핵심,1,1,전자공학부,"전자공학의 이해는 전자공학부 신입생들에게 전자공학 분야의 교과 내용과 진로 등에 대하여 소개를 하는 목적으로
개설한 교과목이다. 강사는 학부장 및 학부 교수들로 구성되어 있으며, 학기초에 전자공학부에 대한 전반적인 소개를
시작으로 하여 매주 다른 전공의 교수님들이 전자공학 분야의 교육 및 연구 내용에 대하여 강의한다.",204
EEN2003,논리설계및실험,,전공핵심,2,,전자공학부,컴퓨터 시스템 회로의 기본 구성 요소 인 디지털 로직 게이트와 로직 게이트 작동과 관련된 이진 로직에 대해 배우는 것이다.,
EEN2004,컴퓨터프로그래밍,,전공기초,2,,전자공학부,"C/C++언어는 전자공학 전반의 실무 현장에서 가장 많이 사용되는 언어 중의 하나이다. C언어는 임베디드 시스템에서 동작하는 프로그램을 구현하는데 많이 활용되는 효율적인 언어이다. 또한 C++은 C언어로 작성된 프로그램과 호환성을 유지하며, 소프트웨어 재사용을 통해 생산성을 높일 수 있는 객체지향 언어이다. 본 강좌에서는 C언어의 기본적인 문법과 조건문, 반복문, 함수, 구조체와 포인터, 동적메모리, 연결리스트 등을 C언어 중급 및 고급 프로그래밍 기법을 중점적으로 학습한다. 또한 객체, 캡슐화, 상속성, 다형성 등 C++의 객체지향 언어 특성들을 배운다. 본 강좌를 통해 학생들은 C/C++ 언어를 이용해서 실제 문제를 해결하는 프로그래밍 방법들을 익히며, 다양한 문제들을 통해 논리적 사고 방법 및 창의성을 증진 시킨다.",
EEN2005,회로이론응용및실험,,전공핵심,2,,전자공학부,"회로이론에서는 전기 회로를 구성하는 구성 요소의 특성과 시간 영역에서의 전기 회로 해석 방법에 대해 다루었다. 그러나 전기 회로의 특성을 이해하고 설계하기 위해서는 주파수 영역에서의 전기 회로 해석이 유용하다. 본 교과목에서는 주파수 영역에서 전기 회로를 이해하는 것을 가장 중요한 목표로 한다. 특정 주파수에서의 전기 회로 특성을 이해하기 위해서 교류 전기 회로를 학습한다. 라플라스 변환을 통해 주파수 영역에서의 전기 회로를 해석하는 방법에 대해 다루며, 전기 회로 필터를 해석/설계함으로써 주파수 영역에서의 전기 회로 특성을 이해한다.",
EEN3001,전자공학캡스톤디자인1,,전공심화,3,,전자공학부,"공학을 전공하는 학생들이 학부에서 배운 이론을 토대로 실제 산업현장의 애로기술을 해결하기 위하여 팀을 구성하고, 팀원간의 토론, 협동 및 분업을 통하여 새로운 아이디어를 창출하고 이를 설계, 실험하는 과정을 통하여 문제를 해결하는 능력을 함양하도록 한다.",
EEN3003,전자공학연구실심화실습1,,전공심화,3,,전자공학부,"전자공학 전자공학연구실심화실습2 수업 입니다.
학생들은 AISS Lab에 한학기동안 소속되어 다양한 문제들을 인지하고 해결할 수 있는 방법을 모색합니다.",
EEN3004,전자공학연구실심화실습2,,전공심화,3,,전자공학부,본 강의의 목적은 학부생들에게 대학원에서의 연구주제와 연구활동을 미리 체험하게 함으로써 연구 역량을 높이고 진로 설정에 도움을 주고자 한다.,
EEN3005,제어시스템모델링,,전공핵심,3,,지능형로봇학과,"본 교과목에서는 시간 영역과 주파수영역에서 폐루프시스템을 설계하는것을 목적으로 한다. 이를 위해 근 궤적법, 보드선도등의 엔지니어링 툴을 익힌다. 최종적으로 제어기 및 관측기를 설계하는것에 의해 시스템의 안정도를 평가한다.",
EEN3006,전기에너지공학,,전공핵심,3,,전자공학부,"전기에너지는 20세기의 인류문명의 획기적 발전을 가져온 원동력이라 할 수 있음.
또한 21세기 들어서, 스마트그리드, 신재생에너지, 직류송배전으로 대표되는 전기에너지 응용의 혁명적인 시대로 돌입하고 있음.
따라서 본 강좌에서는 전기에너지에 대한 이해와 공학적인 활용에 대한 접근을 하기 위해, 전력기기 및 시스템, 전기기기에 대한 기본 지식을 전달하고자 한다.
전기에너지의 송전과 변전, 전기에너지를 활용한 전기/전력기기에 대한 필수 지식의 함양을 통해, 전력공학, 전기기기공학, 고전압 대전력공학을 학습하기 위한
공학적인 핵심 지식을 함양하는 것을 목적으로 한다.",
EEN3007,전자회로응용및실험,,전공핵심,3,,전자공학부,"1학기 전자회로에서 수강한 내용을 바탕으로 differential amp, 주파수 특성 등의 내용을 학습함.
실습은 설계실습 주제를 집에서 사전 실시 후 실습시간에 완성을 할 수 있도록 함.",
EEN3008,시스템 IC,,전공심화,3,,전자공학부,"본 과목은 디지털 이미지 프로세서의 기본 모듈을 위한 디지털 로직 설계 이론을 습득하고, Verilog와 FPGA 보드를 활용하여 반도체 실무 설계 능력을 키우는 것을 목표로 한다.
로봇 비전, 자율주행 자동차, AR/VR HMD 등의 디지털 이미지 처리와 관련된 주제가 디지털 시스템에 응용될 수 있으며, 이 과정에서 FPGA, Raspberry-pi, Jetson 보드 등을 사용한 그룹 프로젝트의 실제 구현 및 시연을 수행한다.",
EEN4005,전자공학캡스톤디자인2,,전공심화,4,,전자공학부,"전자공학 캡스톤 디자인 수업 입니다.
전자공학 분야에 존재하는 다양한 문제들을 인지하고 해결할 수 있는 방법을 팀단위로 모색합니다.
실제 시연이 가능한 주제를 선정하고 개발하는것이 중요합니다.
LINC3.0사업 지원, 기업연계형
기업명: 사이벨인터네셔널
연계주제:
1) 반려동물 헬스케어 기기
2) 소형화된 oxymetry를 이용한 수면중 PPG 분석 기기 제작 및 솔루션 제공 시스템
3) 킥보드 사고 구조 시스템 (Kickboard Accident Rescue System)
4) 피부 부착형 수면의 패턴 측정 장치
지도위원: 김종원 이사",
EEN4006,전자공학연구실심화실습3,,전공심화,4,,전자공학부,"학부 3-4학년 학생들이 전공분야에 대한 심화연구를 수행하는 교과목이다. 학생들은 학기 시작 전에 관심 분야의 교수님과의 면담을 통해 연구주제를 선정하고 본교과목을 신청한다. 한 학기 동안 교수님 연구실 입실을 통해서 연구주제를 선정하고 실질적인 연구를 수행하여 시제품 제작, 논문 작성, 학회발표, 특허 출원 등의 다양한 연구활동을 진행한다.",
EEN4007,전자공학연구실심화실습4,,전공심화,4,,전자공학부,본 강의의 목적은 학부생들에게 대학원에서의 연구주제와 연구활동을 미리 체험하게 함으로써 연구 역량을 높이고 진로 설정에 도움을 주고자 한다.,
EEN4008,반도체공정및응용,,전공심화,4,,전자공학부,"본 교과목에서는 반도체소자의 기본공정(Oxidation, Lithography, Etching, Impurity Injection, Thin Film Deposition, Interconnection, Packaging 등)에 대한 기초이론을 학습하고, 공정실 및 측정실을 활용하여 반도체 물성 분석 및 소자 공정과 관련한 실습을 수행한다
또한, 반도체의 다양한 융복합 응용분야에 대하여 소개한다.",
EEN4009,디지털통신시스템,,전공심화,4,,전자공학부,"디지털 정보를 효율적으로 전송하기 위해 개발된 다양한 유/무선 통신 시스템을 소개하는 교과목으로 다양한 채널 환경에서의 디지털 통신 시스템 성능 분석 방법에 대해 학습한다. Binary 정보 전송 시스템 해석에 필요한 송신 신호 설계, 검출 이론에 기반한 최적 수신기 설계, 및 M-ary 정보 전송 시스템 해석을 위한 벡터 공간상에서의 신호 표현 방법 등을 소개한다. 또한, 정보의 신뢰성 향상을 위한 기본적인 정보 보호 이론을 학습한다. 마지막으로, 이론 강의와 함께 MATLAB 프로젝트를 수행하여 통신 이론의 이해 및 시스템 분석과 설계 능력을 향상하도록 한다.",
EEN4010,아날로그응용회로,,전공심화,4,,전자공학부,"초고속 반도체가 회로에 어떻게 응용되고 설계되는 지를 소개하는데 있어서, 우선 FET 및 BJT를 토대로 한 반도체 집적기술을 이해하고 이로부터 실제 아날로그집적회로의 이론과 설계를 익히고 경험하는 것을 우선으로 한다. 나아가, 이동통신용 초고속 반도체 회로 응용으로 확대하기 위해서, RF(Radio frequency) 네트워크 분석법 및 임피던스 최적화 이론 등을 간단히 소개하고, 이러한 이론을 바탕으로 초고속 반도체를 이용한 실제 회로의 이론과 설계를 다룬다. 관련하여 본 강의에서 다룰 주요 초고속 반도체 회로는 다음 나열하는 회로 중 하나이거나 다수이다. 수동소자로는 공진기, 결합기, 그리고, 필터 등을 들 수 있고, 능동소자로는 전력증폭기를 포함한 증폭기, 혼합기, (안테나) 스위치 그리고, 발진기 등을 둘 수 있다.",
EEN4011,컴퓨터구조및운영체제,,전공심화,4,,전자공학부,"본 과목에서는 컴퓨터의 동작 원리를 이해하기 위해서 필요한 컴퓨터 하드웨어에 및 운영 체제에 관한 개념을 학습한다. 먼저 디지털 시스템 수 체계, 디지털 논리 게이트, 디지털 게이트의 트렌지스터 레벨 설계 및 분석, 디지털 회로의 소비 전력 등 디지털 시스템의 기본 원리에 대해 학습한다. 그리고 Combinational 로직 회로, sequential 로직 회로에 대해 학습하고, 하드웨어 기술 언어 기본에 대해 학습한다. 디지털 빌딩 블록 (산술회로, 순차 빌딩 회로, 메모리 배열, 논리배열) 에 대해 학습 한 후, 디지털 프로그래며 관점의 구조(명령어, 피연산자)에 대해 학습한다. 마지막으로 마이크로아키텍처 및 메모리 입출력 시스템의 원리에 대해 학습한다,",
EEN4012,직류변환공학,,전공심화,4,,전자공학부,지난 100년간 교류 전력 시스템은 전력 계통의 표준으로 사용되어 왔다. 그러나 직류 부하의 증가와 교류 전력 시스템의 대용량 장거리 전력 전송의 한계로 인해 직류 전력 시스템을 통한 전력 계통의 변화가 전 세계적으로 일어나고 있다. 본 교과목에서는 전력을 직류로 변환하여 사용하는 다양한 시스템에 대한 내용을 강의한다. 전력을 직류로 변환하는 전력 변환 기술 및 직류 전력 시스템의 구성 기기/설계 등을 학습한다.,
EEN4015,머신러닝의 기초,,전공심화,4,,전자공학부,"머신러닝은 영상인식, 자연어처리, 로봇제어 등 지능 알고리듬 설계의 기초가 되는 분야로서, 입력 데이터로부터 고수준의 규칙을 자동으로 학습하는 방법들의 총칭이다. 본 과목은 머신러닝의 대표적인 종류와 이론적 기초를 설명하고, 선택된 몇 가지 머신러닝 방법들을 소개한다. 또한 머신러닝이 응용되는 간단한 사례들을 살펴봄으로써 머신러닝 테크닉을 직접 활용할 수 있는 능력을 기른다.",
EEN4016,융합반도체공학,,전공심화,4,,전자공학부,"현대 반도체 및 반도체 관련 기술은 각종 나노기술, 양자 계산 등 다양한 방향으로 발전하고 있다. 동시에 각각의 분야가 지나치게 고도화 됨에 따라 학부수준에서 다루기 힘든 백그라운드 지식이 요구된다. 학생들이 졸업 후 전자공학 및 반도체 관련 다양한 기술 분야에서 활동하게 될 것을 고려하여, 본 수업에서는 나노 반도체 및 광학 응용, 양자 컴퓨팅과 같은 미래 반도체 유망 분야의 기초 지식에 대해 공부한다.",
EEN4017,보드설계,,전공심화,4,,전자공학부,"본 강의는 RF(Radio Frequency) 신호 기반 PCB 이론 기본지식 및 실습에 초점을 둔다. 구체적으로 하기와 같은 사항에 대하여 학습한다.
- PCB 설계상에서 발생할 수 있는 각종 노이즈원에 대한 이해
- 전송선로 및 Smith Chart에 대한 이해. 전송선로의 Time Domain 해석 및 Even/Odd 분석
- PCB 기반 안테나 설계",
EEN4018,전자공학종합설계2,,전공심화,4,,전자공학부,CANNON KOREA 생산현장 자동화 문제를 한 한기 동안 프로젝트로 진행함,
EEN4019,전자공학종합설계1,,전공심화,4,,전자공학부,"본 강의에서는 가전기기 또는 송배전용 MVDC용 전력전자 전장품에 적용되는 전자기 컴포넌트 최적설계에 관한 내용을 진행할 예정이다. 본 강의의 최적설계는 머신러닝을 적용할 것이며, 아래와 같은 컨텐츠로 진행할 예정이다.
1) 가전기기용 무선전력시스템의 최적 설계
2) 송배전 MVDC에 적용되는 컨버터 회로의 변압기 및 인덕터 최적 설계",
EIS1009,디지털논리회로설계,,전공심화,2,,로봇공학과,"본 과목에서는 디지털 논리회로의 설계와 해석에 관한 기본 이론을 배운다. 주요 교과 내용은 디지털의 개념, 논리 게이트의 종류, 부울대수, 논리함수의 표현과 간략화 기법, 기본적인 논리소자의 종류와 동작, 조합논리회로의 설계와 해석, 플립플롭의 종류 및 동작특성, 그리고 순차논리회로의 설계와 해석 방법 등이다.",
EIS1015,임베디드시스템설계,,전공심화,3,,로봇융합전공,"임베디드 시스템의 개요와 이를 이용한 응용 프로그램의 개발 방법, 그리고 디바이스 드라이버를 이용한 응용 프로그램 개발에 필요한 내용에 대해 학습. 운영체제에 대한 기초적인 내용을 다룸으로써 임베디드 시스템 이해에 도움을 줌",
ELE2003,회로이론,,전공핵심,2,,전자공학부,"본 교과목에서는 전기 회로에 대한 기본 개념과 해석 방법에 대해 학습한다. 전기 회로를 구성하는 요소인 전압원, 전류원, 저항, 인덕터, 캐패시터에 대해 학습한다. 전기 회로를 해석하는 기본적인 기법인 키르히호프의 전압법칙, 전류법칙, 노드 전압 해석, 메쉬 전류 해석, 중첩 원리, 테브닌 등가회로 등을 학습한다. 간단한 저항회로 이외에, 저항-캐패시터, 저항-인덕터 및 저항-캐패시터-인덕터 회로의 동작을 분석하고, 미분 방정식을 통해 완전 응답을 계산하는 과정을 학습한다. 또한, 페이저 개념을 적용하여 전기 회로를 주파수 관점으로 해석하는 방법을 학습한다. 전기 회로의 정현파 정상상태 해석 방법과 임피던스의 개념을 학습한다. 정현파 정상상태 회로로써 3상 회로를 소개하며, 3상 회로의 특징과 교류 전력, 결합 인덕터의 개념을 이해한다.",
ELE3004,제어공학,,전공심화,3,,로봇융합전공,"학문적으로 체계화되고 실용화된 제어공학은 오늘날 산업의 모든 분야에 적용, 확대되어 가고 있으며 실용적인 면에 서도 이용범위가 넓어지고 있다. 본 수업을 통해, 기계공학도로서의 제어시스템 설계 능력을 배양하기 위한 기초 이론을 강의한다.
즉, 동적 시스템(Dynamic System)에 대한 모델링을 근거로 하여 원하는 출력이 나오게 하는 일련의 제어과정을 이해 하고 탐구하는 능력을 배양하도록 한다.",
ELE3013,전기기기,,전공심화,4,,전자공학부,"전기기기는 전기에너지를 기계에너지로 변환하는 기기를 의미한다. 전기에너지는 전계에너지와 자계에너지로 분류할 수 있으며, 본 과목에서는, 자계에너지를 기계에너지로 변환하는 기기를 다루게 된다. 이러한 기기는 사용이 편리하고, 환경 친화적이어서, 산업 및 가전용 뿐만 아니라, 자동차, 컴퓨터, 통신기기 및 의료기기에 이르기까지 적용범위가 점차 넓어지고 있다. 자계에너지를 이용하는 기기들 가운데 가장 많이 활용되는 직류기, 동기기, 유도기의 구조 및 동작원리를 설명하며, 각 기기의 등가회로를 구성하고 이를 이용하여 정상상태의 특성 및 제어 등을 이해하도록 한다.",
ELE3026,객체지향개발론,,전공심화,3,,컴퓨터학부,"본 과목에서는 Unified Modeling Language (UML)와 객체지향 소프트웨어 개발 방법론을 공부한다. 객체지향의 기본 개념(객체, 클래스, 상속, 다형성 등)을 먼저 소개하고, 이를 바탕으로 UML을 이용한 객체지향 분석과 설계 방법을 공부한다. 이 과목에서는 객체지향 패러다임을 통하여 복잡한 계산 문제의 해결 방안을 강구하고, 재사용이 가능한 설계 패턴을 파악하고 습득하며, JAVA와 C++등의 언어를 이용하여 고품질 프로그램의 작성 능력을 배양함을 목표로 한다.본 과목에서는 Unified Modeling Language (UML)와 객체지향 소프트웨어 개발 방법론을 공부한다. 객체지향의 기본 개념(객체, 클래스, 상속, 다형성 등)을 먼저 소개하고, 이를 바탕으로 UML을 이용한 객체지향 분석과 설계 방법을 공부한다. 이 과목에서는 객체지향 패러다임을 통하여 복잡한 계산 문제의 해결 방안을 강구하고, 재사용이 가능한 설계 패턴을 파악하고 습득하며, JAVA와 C++등의 언어를 이용하여 고품질 프로그램의 작성 능력을 배양함을 목표로 한다.",
ELE3029,오토마타와형식언어론,,전공핵심,2,,컴퓨터학부,"The goal is to introduce the undergraduates to basic concepts of theory of computation and to provoke their interest in further study. Model-dependent effects were systematically ignored. Concrete computational problems are considered only as illustrations of general principles. I have been concerned with two major themes: (1) the discovery of an appropriate model for computation and (2) an examination of the intrinsic properties of computation in general. Since Turing machines are equivalent to programs, they form an appropriate model for computation. But in some sense they possessed far too much computational power. Because of this we may run into great difficulty when we tried to ask questions about them, and about computation in general. Whenever we wished to know something nontrivial, unsolvability sprang forth. And even in the solvable or recursive realm, we found intractability. In this course, we attempt to cover the three areas of computation theory, which are automata, computability, and complexity. Automata theory will be an essential basis for the compiler course, and complexity theory for the design and analysis of algorithm course, but computability will be genuine in this course. All three areas are intertwined with each other to be a computation that is what a computer does.",
ELE3033,전송공학,,전공심화,3,,전자공학부,"본 강의는 레이더 시스템을 비롯한 오늘날의 유무선 통신 시스템에 사용되는 RF(Radio Frequency) 신호 전송에 대한 기본 개념 이해에 초점을 둔다. 이를 위하여 학생들은 전송선로에 대한 수학적 모델링과 전송선로의 등가회로 분석방법에 대해 학습하고, 전송선로간 특성임피던스 정합의 중요성 및 방법을 이해하고, 실제로 많이 사용되는 Smith chart를 이용한 전송선로 특성 해석 방법을 배운다. 또한, 설계를 위한 시뮬레이션 도구와 방법 등을 익혀서 이론으로 배운 간단한 정합회로를 학생들이 직접 설계해본다.",
ELE3035,통신의기초,,전공심화,3,,전자공학부,"본 과목에서는 유선 및 무선통신에서 사용되는 기본적인 통신 신호의 생성, 송신, 수신 방식을 기본적으로 다룬다. 또한, 다양한 변복조 방식과 신호의 잡음 생성과 영향에 대해 배운다.",
ELE3037,확률과통계,3,전공기초,1,2,전자공학부,"본 수업에서는 확률과 통계에 대한 기본 개념 및 응용 기법등에 대해 학습한다. 불확실성이 증가되고 있는 현대사회에서 정보통신 관련 서비스 및 기술에 대한 연구개발의 기반이 될 확률 및 통계에 대한 전반적인 개념을 이해하고 기본적인 이론을 습득하는 것을 본 수업의 목표로 한다. 확률분포 및 파라미터 등에 대한 이론과, 추정 및 가설 검정과 같은 통계학의 응용 기법들을 습득하며, 이를 컴퓨터, 전기/전자/정보통신 분야에 활용 할 수 있는 능력을 함양토록 한다.",204
ELE3059,전기전자공학,,전공심화,3,,기계공학과,"1. 본 강좌는 기초 전기 및 전자공학의 기반 법칙들과 적용예들을 다룬다.
2. 수강을 위해서는 전기 및 전자 물리학과 미적분학에 관한 수학에 있어 기초적인 이해 능력이 요구된다.
3. 본 강좌는 전기 및 전자공학에 대한 기초지식과 이해력을 얻고자 하는 기계공학도를 대상으로 한다.",
ELE4079,정보이론,,전공심화,2,,수리데이터사이언스학과,"통신등에서 전송,수신되는 정보에 대하여 수학적으로 정의하고 정보의 전송용량, 메시지의 부호화, 예측을 수학적으로 분석 연구한다.",
ELE4099,알고리즘응용,,전공심화,4,,전자공학부,"IC-PBL 과목으로 3~5명 수준의 그룹을 조직하여, 영상, 음성, Vision, 로봇, 인공지능, 모니터링 등 IT 융복합 응용 알고리즘을 제안하고, 범용 SW와 Raspberry-pi, Jetson nano, FPGA 보드, PC, Labtop, 스마트폰 등 을 활용하여 알고리즘을 설계, 구현 및 시연한다.",
EME2009,기계재료설계,,전공핵심,2,,기계공학과,재료의 본성을 이해하고 재료 전반에 관한 기계적 특성에 관한 기초 지식을 갖기 위한 과목입니다.,
EMS1020,해양융합공학개론,3,전공핵심,1,1,해양융합공학과,"신입생들에게 해양융합공학 전공에 대한 전반적인 이해를 돕기 위한 과목으로, 해양물리, 해양기상, 수중음향, 해양부유생물, 해양생지화학, 환경분석화학, 해양수산생명공학, 연안공학 등에 대한 전반적인 내용을 소개한 후,  본인이 희망하는 해양과학 및 공학의 특정분야에 대한  정보를 모으고, 통합하는 과정에 대해 PBL (project based learning) 학습을 진행함.",
EMS1021,해양융합공학일반화학실험,1,전공기초,1,2,해양융합공학과,,
EMS2021,물리해양학,3,전공기초,1,1,지능정보양자공학전공,"지능정보양자공학 분야에서 수중 무인체계 및 표적탐지를 위해 해양환경을 이해하는 것이 필수적이다. 이를 위해 해류, 파랑, 수온 및 염분 등 해양의 물리적 특성을 소개하고, 공학적인 적용을 위한 기초 지식을 함양한다.",
EMS2022,화학해양학및실험,,전공핵심,2,,해양융합공학과,"화학해양학의 이론적 접근 방법을 비롯하여, 해수 및 퇴적물 중 화학 성분의 분포 및 순환에 영향을 미치는 요인, 해수의 화학적 특성, 해수 중 용존원소의 반응과 분포 및 체류 시간, 대기-해양과 해수-퇴적물 간의 물질의 순환에 대해 이해하며 이러한 항목들을 조사하는 데에 필요한 시료 채취 및 분석 방법에 대해 학습한다. 실험 실습 강의를 통해 화학해양학의 기본이 되는 분석 기본 개념과 함께 해양 시료를 전처리 하여 기기를 활용해 분석 해 보는 과정을 통해 기초 해양 자료를 확보하는 과정을 학습한다.",
EMS2033,해양부유생물생태학,,전공심화,2,,해양융합공학과,"지구에서 가장 큰 생태계를 이루고 있는 해양생태계는 다양한 기능을 통해 여러 유용 자원과 서비스를 제공한다. 플랑크톤은 해양생태계 내 탄소생체량의 60% 이상을 차지하는 매우 중요한 요소로, 생산과 물질순환 등 핵심적인 기능을 한다. 따라서 해양생태계 내 플랑크톤 군집의 구조와 기능을 이해하는 것은 바다와 해양자원을 보존하고 지속가능한 이용을 위해 매우 중요하다. 본 강의는 크게 다음의 내용으로 구성될 예정이다. 1. 기초적인 생태학적 개념과 해양생태계의 특성 2. 플랑크톤의 종류와 이들의 생태생리적 특성
3. 해양생태계 내 플랑크톤의 역할과 환경변화에 따른 반응
4. 플랑크톤 관련 최신 연구 및 산업 분야 파악",
EMS2038,해양환경화학,,전공핵심,2,,해양융합공학과,This course will be dealt with fundamental concepts of marine environmental-associated terminology and environmental fate of persistent organic pollutants.,
EMS2043,기초해양통계및실습,,전공핵심,2,,해양융합공학과,"이 수업을 수강한 학생들이 통계학이 일상생활의 일부처럼 친숙해지도록 통계학 기초개념을 익히는 것을 목표로 한다. 복잡한 통계식이나 증명과정을 지양할 것이며, 직관적인 사고를 통해서 통계학의 근본 개념을 이해할 수 있도록 일상생활에서 볼 수 있는 자료들을 분석하고 설명할 수 있는 실습을 진행할 계획이다. 영어 전용강좌를 시행함으로써 대부분 영어로 되어 있는 통계의 기본 단어들을 더 친숙하게 활용할 수 있는 좋은 기회가 될 수 있다.",
EMS3057,소나시스템공학,,전공심화,4,,해양융합공학과,"본 소나시스템공학및실습 수업은 수중음향프로그래밍 등 프로그래밍 관련 수업을 수강한 학부 4학년생들을 우선 대상으로 한다.
본 수업은 이론식 수업과 현장 통합형 PBL 수업으로 진행된다. 이론식 수업에서는 신호와 소나시스템에 대해 학습하며, PBL 수업에서는 현장 산업체의 전문가가 당면하고 있는 실제 문제가 제시된다.
학습자들은 관련 문제를 해결하기 위해 알아야할 내용들을 협력 조사/토의를 수행하고 해결방안을 모색한다. 문제해결 과정 중에 기업 전문가로부터 평가/피드백을 제공받는다.",
EMS3059,해양수산바이오공학,,전공심화,3,,해양융합공학과,"해양생물은 육상생물과는 다른 환경에 서식하므로 육상생물에게는 발견되지 않은 새로운 물질을 많이 가진 것으로 알려져 있다. 따라서 오늘날 해양생물은 단순한 식량자원이 아닌, 막대한 고부가가치를 창출하는 자원이라고 할 수 있다. 본 강의에서는 학생들이 유용한 해양생물자원의 종류와 관련 응용기술을 이해하고, 해양수산바이오공학 분야의 기반이 되는 해양분자생물학적 기술과 원리를 익히도록 할 것이다.",
EMS3060,연안공학및실험,,전공핵심,3,,해양융합공학과,"본 과목을 통해 해안에서 주요 외력인 조석과 파랑 역학에 대한 전문 지식과 이러한 외력이 다양한 해양환경에 따라 변화되는 양상을 이해하는 지식을 제공한다. 특히, 파랑의 변형, 회절, 굴절, 반사, 쇄파 등에 대한 이론과 실습을 통해 그 현상을 이해한다. 또한 조석의 정의와 분석 방법을 습득하여 연안공학에 대한 기본 및 전문 지식을 이해한다.",
EMS3064,연안방재공학,,전공심화,3,,해양융합공학과,"연안 방재공학은 태풍, 이상고파랑, 지진해일 등 극한의 파랑에 의해 연안에 발생하는 재해를 이해하고, 이에 대한 대응 방안에 대한 사고를 키우는 강의로 다음과 같은 내용을 다루게 된다.
- 파랑 역학에 대한 기초 이론
- 극한의 파랑 조건에 대한 지식
- 해안 침식과 대응책
- 기후변화와 해수면 상승으로 인한 연안 재해
- 이안류
- 연안 방재 구조물",
EMS3065,수중음향프로그래밍,,전공핵심,3,,해양융합공학과,"본 강좌에서는 수중음향신호를 다루기 위한 신호처리 기초에 대해 학습한다.
MATLAB 프로그램을 이용한 실습강좌이며, 해당 프로그램에 대한 이해를 시작으로 수중음향 신호처리과정을 학습 및 실습한다. 음파전달과 관련된 이론적인 개념들을 프로그램으로 구현한다.",
EMS3066,연안환경위해성평가기술,,전공심화,3,,해양융합공학과,"연안환경에 잔류하는 다양한 유기독성오염물질은 생태계에 서식하는 생물다양성을 훼손하고, 특정 생물의 자원량을 감소시키는 역할을 하고 있다. 연안생태계에 독성학적 영향을 주는 다양한 종류의 유기오염물질을 학습하고, 환경 중 거동에 기반한 연안생태계 위해성평가기법을 학습하고자 한다. 다양한 종류의 유기독성오염물질의 위해도 평가를 위한 방법론을 학습하고 기준치 설정에 대한 기술을 습득한다.",
EMS3067,연안해양탐사실습,,전공핵심,3,,해양융합공학과,"본 과목은 PBL과목으로, 학부생들이 그동안 습득한 해양관련 이론을 바탕으로 해양환경 관측기구, 장비들을 조작해 봄으로써, 자료의 획득 및 분석에 대한 이해를 돕고, 직접 채집한 자료들을 분석하여 연안 환경의 여러 특성들을 파악하고, 현장에서 발생할 수 있는 문제를 설정하고 그 해결 능력을 실습을 통해 배우는데 교육의 목적이 있다.",
EMS3068,해양융합공학연구실심화실습1,,전공심화,3,,해양융합공학과,수중음향공학에 대한 일반적 연구내용을 소개하고 연구실 대학원생과 함께 공동 연구를 수행해 본다.,
EMS4016,해양관측조사실습,,전공심화,4,,해양융합공학과,해양과학 및 공학은 광범위한 분야를 연구하는 학문적 특성으로 인하여 이론적인 학습뿐만 아니라 다양한 현장 실습을 통해 구체적이고 정확한 의미의 파악을 요하는 학문으로 실습선 승선하여 조사 관측 및 시료 채취와 분석 실습을 진행한다.,
EMS4040,해양융합공학캡스톤디자인2,,전공심화,4,,해양융합공학과,"해양 및 기후모델링을 컴퓨터 프로그래밍으로 실습해볼 계획이며, 이를 통해서 프로그래밍 능력을 향상하는 것을 목표로 한다.",
EMS4042,동위원소환경진단기술,,전공심화,4,,해양융합공학과,안정동위원소와 방사성동위원소의 화학적 특성에 대한 기초 이론을 이해하고 지구시스템 내 생물지구화학적 물질 순환과 더불어 인간 활동에 인한 환경변화의 원인과 영향을 파악하기 위해 활용 되고 있는 다양한 동위원소 생태환경 진단기법들을 학습한다.,
EMS4044,기후과학및전산실습,,전공심화,4,,해양융합공학과,"기후 변동성/기후변화 과학의 주요 내용들을 review 하고 기후 변동성/기후변화 에 영향을 미치는 대기, 해양 및 탄소 순환의 역할에 대해 살펴볼 예정입니다. 이 과정을 통해
- 기후와 해양,대기 변동성의 상관성
- 지구 시스템의 이해
- 해양과 대기의 물리적 상호작용
- 대규모 해양-대기 상호작용
- 해양/대기 변동성과 자연 기후 변동성
- 해양/대기 변동성과 기후 변화
- 탄소순환의 이해
- 해양 자료 처리 tool 이해
에 대한 이해를 높일 것입니다.",
EMS4050,해양융합공학연구실심화실습3,,전공심화,4,,해양융합공학과,동위원소생태환경연구실에 세미나에 참여하며 연구실 진행 연구 주제를 이해하고 관련 연구 주제에 대한 연구계획서를 작성을 학습함,
END1001,디자인이야기,3,전공기초,1,1,영상디자인학과,"디자인의 역사를 이해하고 각 시대별 시각예술의 특징을 비교 고찰하며 우리시대와의 상호 관련성을 파악하여 디자인의 이론적 지식을 배양한다.

이론과 실기를 병행하는 수업(이론 및 IC-PBL: 10주 + 실기: 5주)이므로 디자인의 역사적 문화적 배경을 이해한 후 관련 실기 작업을 한다.",
END3001,영상미디어스타트업,,전공핵심,3,,영상디자인학과,"디자인전공 학생들을 위한 미디어 디자인 아이디어를 바탕으로 창업 역량을 훈련하는 수업
디자인 창작 아이디어를 사업으로 발전시키기 위한 역량을 기르는 수업으로 창작 아이디어를 기업가 정신과 창업으로 연결시키는 방법을 배우고 실습하는 수업입니다.
엔터프레너십은 무엇인지 이론과 실습을 통해 이해하고, 아이디어를 비지니스 모델로 발전시키기 위한 각 단계들을 실습하는 수업입니다.",
END4001,영상프로젝트1,,전공심화,4,,영상디자인학과,"본 수업에서는 졸업논문을 대체할 작품을 진행하는 최종과정으로 학생들은 완성도 있는 3분 내외의 영상물을 제출하여야 하고, 학생들이 제출한 결과물은 전임교수 3인 이상의 심사위원의 졸업사정 평가에 통과하여야한다.",
END4002,영상프로젝트2,,전공심화,4,,영상디자인학과,"디자인 기반의 엔터테인먼트 미디어 분야에서의 진로는 다양한 장르 경계를 넘나드는 융복합적인 미디어들간의 관계 를 잘 이해하고 미디어 소비자와의 커뮤니케이션을 위하여 미디어를 잘 기획하고 제작할 수 있는 능력을 요구한다. 언제나 시대를 초월하여 중요한 것은 ‘전달하고자 하는 이야기를 어떻게 시각적인 구조화를 통해 성공적으로 표현할 것 인가’에 있으므로, 본 과목은 다양한 매체를 활용한 시각적 표현방법을 통해 어떻게 창의적인 변증법적 구조틀 속에 녹여내어 미디어 소비자에게 유연한 공감을 불러일으킬 수 있을 것인가를 목표로 영상 콘텐츠의 프로덕션 과정을 직접 수행함으로써, 실질적인 포트폴리오로써의 가치를 지닐만한 작품 결과물을 만들어내고 이를 통해 자신의 엔터테인먼트 산업을 비롯한 본인의 미래에 대한 비전을 설계하는 시간이 될 것이다.",
ENE1004,컴퓨터구조,,전공핵심,3,,지능형로봇학과,"컴퓨터는 핵심이 되는 프로세서를 비롯하여, 메모리, 버스, I/O 컨트롤러 등 다양한 요소들로 구성되며, 소프트웨어가 이들이 유기적으로 결합하여 동작할 수 있도록 역할을 한다. 따라서, 뛰어난 프로그램을 만들기 위해서 소프트웨어 알고리즘에 대한 고려도 중요하지만 이를 뒷받침하는 하드웨어의 동작 원리를 이해하는 것이 중요하다.
본 교과목에서는 프로세서의 설계 구조인 아키텍처를 이해할 수 있도록 설명하고, 머신 코드에 대응하는 명령어 셋 (Instruction Set)을 다룬다.
C 혹은 C++와 같은 고-수준의 언어(High-Level Language)는 컴파일러를 통해 프로세서에서 실행할 수 있는 머신 코드로 만들어지는 데, 이에 대한 깊은 이해는 프로그램을 빠르고 효율 있게 만드는데 큰 도움이 된다.
이 밖에도 프로세서의 파이프라인 구조, 메모리 관리와 동작 방식에 대해서도 다룬다.
끝으로, 교과목 강의를 통해 배운 지식을 기반으로 임베디드 소프트웨어 작성 원리와 동작을 이해할 수 있도록 설명한다.",
ENE3013,기초전자회로,,전공핵심,2,,나노광전자학과,"본 교과목은 선형 시불변 회로의 개념과 해석방법에 대하여 강의하는 것을 목적으로 한다. 회로를 이루는 기본소자인 독립전원, 종속전원과 수동소자인 R, L, C의 특성을 배우고, 회로연결의 기본 법칙인 키르히호프의 전류법칙, 전압법칙을 배운다. 노드전압해석법, 메쉬 전류해석법, 중첩의 원리, 테브닌의 정리 등을 저항회로를 통하여 학습한다. 또한 페이저 개념을 이용하여 정현파 정상상태의 해석법과 임피던스의 개념을 배운다. 동적회로의 기본으로 간단한 RL, RC 및 RLC 회로의 고유응답과 직류 전원을 사용하여 회로를 구동시킬 때의 완전응답에 대하여 강의한다.",
ENE3017,전자회로설계,,전공심화,3,,융합공학과,다이오드와 트랜지스터에 대한 전기적 특성을 이해하고 이 소자들이 포함된 회로를 해석하는 지식을 함양한다.,
ENE4003,집적회로,,전공심화,4,,전자공학부,"MOSFET device의 구조로 시작해서, digital VLSI circuits를 다룬다. 디지털논리설계(DLD) 교과목에서 다룬 combination circuit과 sequential circuit의 delay, interconnect 등 실용적인 설계를 위한 분석을 수행한다.",
ENE4014,프로그래밍언어론,,전공심화,4,,컴퓨터학부,"이 과목은 다양한 프로그래밍 언어들이 품고있는 공통된 원리들에 대해 배운다. 현재의 프로그래밍 언어들은 얼마만큼 미개한가? 좀더 나아지기 위해서 필요한 것들은 무엇인가? 새로운 프로그래밍 환경을 효과적으로 운용할 수 있는 언어는 무엇인가? 이 강의에서는 이와같은 질문들에 대한 답을 익히거나, 좋은 답을 만들어내기 위해서 필요한 소양을 닦게 됩니다.",
ENE4029,반도체소자,,전공심화,3,,전자공학부,"반도체소자 교과목에서는 3학년 1학기 물리전자공학 교과목을 통하여 반도체의 물성 및 pn junction의 특성에 대한 기초이론을 공부한 학생들에게 BJT(Bipolar Junction Transistor), MOSFET(Metal-Oxide-Semiconductor Field Effect Transistor), BiCMOS(Bipolar Transistor + Complementary MOS Transistor), Optical Devices(Solar Cell, LED 등) 등과 같이 현재 반도체 산업 분야에 응용되고 있는 핵심 반도체 소자들의 동작원리 및 특성 등을 물설적으로 이해함.",
ENE4041,마이크로프로세서응용,,전공핵심,3,,전자공학부,"This course introduces basic architecture and operation of microprocessors systems with an emphasis on popular embedded microcontrollers such as Intel’s 8051. Accompanying laboratory exercises will provide students with hands-on experience implementing a completely functional system. Since the lecture and laboratory are closely related, enrollment in both is mandatory. The laboratory work introduces hardware design and implementation concepts requiring knowledge of basic electrical circuits.",
ENE4054,자동제어,,전공심화,4,,기계공학과,"본 수업은 시스템의 동역학 모델을 수립하고 시스템의 특성을 분석하며 이를 제어하는 것을 목표로 합니다.
좀 더 구체적으로는 선형 시스템의 운동방정식으로부터 라플라스 변환을 통해 전달함수를 정의하고 전달함수를 분석하는 방법을 배웁니다.
또한 주어진 시스템을 이용하여 제어 목표를 달성하기 위하여 PID 제어기와 앞섬-뒤짐 보상기를 설계하고 평가하는 방법에 대해서 다룹니다.",
ENE4071,반도체공정,,전공심화,3,,소재·부품융합전공,"본 교과목에서는 한 학기에 걸쳐서 신소재공학을 전공하는 학생에게 반도체 소자 제조 공정에 관한 내용을 강의한다. CMOS 집적공정 전반과 각 요소공정인 Oxidation, Diffusion, Ion Implantation, Thin Film Deposition, Etching, Lithography,Metallization, Cleaning, CMP, Metrology, Inspection 등 각 공정의 원리와 이용되는 장비의 구성 및 작동 원리와 운영방법, 분석방법 등에 대해서 배운다. 아울러 해당 분야 기술에 대한 case study 발표를 team별로 진행하여 반도체 공정 기술 동향 파악에 대한 이해를 넓힌다.
사업주훈련 교과목입니다.",
ENG1057,현대영국사회와소설,,전공핵심,3,,영미언어·문화학과,"영국소설을 읽기 위하여 우선 영국사회를 알고 독해력을 길러야 한다. 독해력을 기르면서 아울러 영국 사회에 대한 이해를 높이고 작품에 대한 감상을 논술 형식으로 써보도록 한다. 영국 사회와 소설을 공부함으로써 독해력, 문학적 감상 및 비평과 논술을 통하여 자기의 생각을 논리적으로 발표(말과 글을 통하여) 할 수 있는 실력을 기르고자 한다.",
ENG1058,미국사회와소설,,전공핵심,3,,영미언어·문화학과,"미국은 1776년 독립 이래 많은 세계적 작가들을 배출해 왔다. 본 과목에서는 특히 19세기 이후 세계 문학에 중요한 자리를 차지하는 대표적 소설가들의 작품을 발췌해 읽고 연구하고자 한다. 특히 개별 작품의 줄거리 뿐 아니라 주제, 소재, 구성, 인물묘사 등 다각적인 면을 작가에 대한 연구와 병행하여 그 시대정신까지 포괄하여 살펴보는 것을 목표로 하며, 필요시 적절한 영상물을 사용해 강의의 효과를 높이고자 한다.",
ENG1060,영국사회와문학1,,전공핵심,2,,영미언어·문화학과,"본 강좌는 영국 역사와 지리, 문화, 정치, 법률 체계 등의 영국 사회의 중요한 단면들을 고찰한다. 또한 이 강좌는 영국 역사상의 훌륭한 문학작품과 영화를 엄선하여 학생들에게 소개한다. Jane Austen과 E.M. Forster는 본 강좌에서 다루는 작가들 중 하나이다.",
ENG1061,영국사회와문학2,,전공핵심,2,,영미언어·문화학과,"This course is a general introduction to the evolution of British literature from 1900 to the present. The course begins with modernist literature and moves through the postwar and postmodern periods, paying attention to the historical, social, and intellectual trends of the time. The class will be based on lectures, group projects, blog and paper assignments, and a final exam. There is no midterm. See also: http://keneckert.com/word.",
ENG2001,영어회화1,,전공기초,1,,영미언어·문화학과,"This course uses 2 textbooks:
A) English Firsthand 1 (5th edition) ISBN-13: 978-981-313-022-7 (NEW VERSION)
B) Conversation Strategies ISBN-13: 978-0866471893 COURSE EXPECTANCIES and BREAKDOWN
Attendance (1 absence= -1%, - ½ % for lateness , 4 + unexcused absences = F ) Participation and in class speaking 10%
Assignments 10%
Presentation 10%
Speaking Exam 10%
Mid Term Exam 25%
Final Exam 25%
Quiz 10%
COURSE DESCRIPTION
Note: You will need a laptop,tablet or PC with stable internet connection with ZOOM installed (https://zoom.us/ ) , you will also need the ZOOM app installed on your smartphone.",
ENG2029,시청각영어1,,전공핵심,2,,영미언어·문화학과,"시청각 기자재 (Audio Tapes, Video Tapes, CD-Rom titles, etc.)를 이용하여 영어 듣기와 말하기 연습을 한다. 일상생활의 상황에 따라 흔히 요구되는 중요한 어휘나 문장 표현을 숙지하며 한국어민이 듣기 어려운 표현을 반복 청취하며 발화연습을 겸한다.
We will examine video clips from popular American sitcoms and movies to build vocabulary, exposing ourselves to authentic dialogue, practice discourse and develop listening proficiency.This course will be taught in an English immersive environment.
Focus :
1. Listening skills
2. Cultural competence
3. Speaking and conversation skill sets
4. Critical thinking
No textbook needed- I will give you handout material.",
ENG2063,영어음성학,,전공핵심,2,,영미언어·문화학과,"이 과목은 세계 언어 특히 영어에 사용되는 음들에 관한 내용을 연구하고자 한다. 이 수업에서는 또한 영어에 사용되는 음들뿐 아니라 한국어에 사용되는 음들도 알아봄으로써, 한국어 화자가 영어를 배울때 겪을 수 있는 어려움도 살펴보고자 한다. 이 과목에서는 음성학을 두가지 측면에서 살펴보고자 한다. 1) 조음적인 측면 (articulatory phonetics)에서 음성학을 살펴 봄으로써, 영어의 정확한 발음을 위한 구강구조등을 알아본다. 실제적인 발음 뿐만 아니라 학문적인 측면에서의 구강구조, 또 발화를 하기 위한 구강구조의 변화등을 살펴본다. 2) 음향음성학적 측면에서 음성학을 살펴본다. 우리가 내는 공기 압력의 변화가 어떻게 음향적으로 나타나며, 이런 음향학적 변화가 어떻게 우리의 구강구조 변화와 연결되는 지를 살펴보고, 새로운 단어의 합성을 위해서는 어떤 음향학적 sound wave를 골라야 하는지 등을 살펴본다. 음성학에 대한 공부는 영어 교육에 관심이 있는 학생, 한국어를 외국인에게 가르치는 교육에 관심이 있는 학생, 음의 발생과정이 궁금한 학생, 음성장애학생 교육에 관심이 있는 학생, 그리고 무엇보다도 소리 자체에 관심이 있는 학생이 들으면 좋은 과목이다.",
ENG2093,IC-PBL기반몰입식영어학습,,전공핵심,2,,영미언어·문화학과,"This is not a lecture class it is interactive and requires a lot student speaking time (in English).
Before each class-check to see if there are new download class files in the google drive folder (Google Drive Link is on LMS Portal announcement section).
You must be in the class for the full class time. If you exit the class you may be marked late or absent.
You must be speak when in your groups for the full group speaking time. Never sit in silence as this will count against your weekly class speaking score. If you finish early use WH- (why, when, where, who, what, how etc.) questions to get more detail.
English Immersive (PBL) Problem-based Learning Strategies Course Description
To inquire about questioning-to stimulate the creative problem solving process that is inside us all and do it in an English immersive classroom environment with authentic English materials. This course combines critical thinking with English immersion for what may be a completely new experience for many traditional-minded students. Students who enroll in this course will become involved in a hands-on manner and the learning process will be put into their own possession. The role of the instructor is to provide mentoring and guidance. Students shall come to their own unique conclusions and outcomes. Students will challenge themselves by forgetting about memorizing strategies and instead by using planning, logic-based problem-solving skills. PBL's is social and collaborative and helps foster ""soft skills"" that are often left unchallenged in a traditional classroom setting.",
ENG3001,영작문,,전공심화,3,,영미언어·문화학과,"Students will learn to compose paragraphs and essays in English, focusing on process writing and concern for different audiences. Key themes of the course will be developing interesting claims, finding reliable sources, and making critical observations. Students will also develop confidence in their own writing voice.",
ENG3047,영어발음규칙의이해,,전공핵심,3,,영미언어·문화학과,"ENG347 영어발음 규칙의 이해 본 과목에서는 우리가 오랫동안 궁금해 왔던, 어떻게 하면 나의 발음을 좀더 원어민스럽게 발음할수 있을까, 혹은 한국인 발음이 유지하지만 그 발음을 어떻게 하면 원어민이 쉽게 알아들을수 있게 만들까 라는 질문에 답하고자 한다. 구체적으로 이 과목에서는 영어발음이 어떻게 한국어 발음과 다른지에 대해 살펴보고, 외국인인 한국어 화자로서 영어를 발음할 때 어떻게 해야 좀더 원어민스럽게 발음되는지 그 규칙과 활용방법, 새로운 단어와 문장에 적용하는 능력, 한국인이 제일 어려워하는 영어 강세위치 등에 대해 배운다. 영어단어를 구성하고 있는 형태소와 형태소가 어떻게 나열되어 단어를 구성하고, 의미가 전달되며 또 그로 인해 서로 다른 발음에 변화를 가져오는지 배운다. 이런 영어 규칙을 영어단어 데이터 분석을 통해 알아냄으로써 논리력, 분석력 또한 배우는 기회로 활용한다. 원어민과 동일한 발음을 구사하는 것이 목표가 아니고, 그들이 충분이 알아들을 수 있는 미국 영어의 규칙을 충분히 담고 있는 발음을 구사할 수 있도록 하는 것이 목표이다. 이 과목은 발음에 관심이 있는 학생, 화자의 언어 습득과정에 관심이 있는 학생, 영어교사, 한국어교사 혹은 기계의 발음인식, 발음생성등에 관심이 있는 학생에게 유용하다. 이 과목을 위해 영어음성학의 지식이 필요하여 처음 2-3주간 이 과목에 필요한 음성학을 공부하고 시작할 예정이다. 영어음성학을 듣지 않았어도 충분히 따라올수 있는 과목이다.",
ENG3048,번역의기초,,전공핵심,3,,영미언어·문화학과,"이 강의는 한국어와 영어 사이에서 이루어지는 번역의 기본 원리를 익히고, 직접 번역 실습합니다.",
ENG3095,영미언어문화학과캡스톤디자인1,,전공심화,3,,영미언어·문화학과,"영미언어문화학과의 전공 과목 수강을 통하여 축적한 전문 지식을 활용하여 이론에 그치는 것이 아니라 실생활에 응용할 수 있도록 하는 과목이다.
전공 지식을 바탕으로 산업체 및 지역에서 해결해야하는 과제를 학생 스스로 기획· 설계·제작·평가함으로써 창의성 및 실무 능력을 배양하고, 기업과 지역은 기술개발 및 문제를 해결하는 팀 프로젝트
업체명: 안산시지속가능발전협의회, 지도위원명: 강소영 (안산시지속가능발전협의회 사무국장), 과제명: SDGs(지속가능발전목표) 실천 아이템 발굴",
ENG4033,미국대중문화읽기,,전공심화,4,,영미언어·문화학과,"ENG433 미국대중문화 읽기
미국의 대중문화는 19세기 후반 이래 전 세계로 급속히 파급되어 이제 세계 문화의 주류로 자리매김했으며, 그 공과가 많은 논란의 대상이 되어왔다. 본 강의는 다양한 형태와 매체로 표현되는 미국의 대중문화가 미국인과 전 세계인에게 어떠한 모습으로 제시되고 수용되는지를 분석하고자 한다. 특히 신문, 잡지, 소설, 영화, 음악 등 다양한 매체들을 통해 표현된 미국 대중문화의 모습들을 읽고 분석함으로써 그 본질에 대한 보다 충실한 이해와 접근을 시도하고자 한다.",
ENG4034,번역연습,,전공심화,4,,영미언어·문화학과,"이 강의는 한국어와 영어 사이에서 이루어지는 번역의 기본 원리를 다시 한 번 익히고, 직접 번역 실습한다.",
ENG4035,영미산문읽기,,전공심화,4,,영미언어·문화학과,"다양한 주제와 목적을 가진 영미권의 유명 에세이를 함께 읽고 에세이의 집필과정, 주제를 둘러싼 시대적 배경을 이해하고 후대에 영향을 끼친 글의 'power'에 대해 논의한다. 또한 유려한 필체로 쓰여진 에세이를 통해 보다 심화된 수준의 문장구조와 단어를 학습한다.",
ENG4036,시사영어특강,,전공심화,4,,영미언어·문화학과,"이 과목에서는 대학생이 알아야할 여러 분야에 관한 영어뉴스를 읽고 토론함으로써 교양과 영어지식을 넓히는 것을 목표로 한다. 특히 포스트 코로나 시대에 혁신적으로 일어나고 있는 현상인 ChatGPT, AI시대, Green Energy 현상이 사회, 경제에 어떤 현상을 일으키는지, 그 장점과 부작용을 알아보고 논의하고자 한다. 또한 수업에서 chatGPT를 직접 사용하여 현재 chatGPT의 번역수준을 가늠해 보고 어떻게 영어공부에 활용할 수 있는지도 살펴본다. 영어기사는 New York Times, Economist등의 최신 기사를 살펴볼 예정이다. 이런 산업에 대한 지식은 취업 면접시 도움이 될수 있다.",
ENG4055,통역연습,,전공심화,3,,영미언어·문화학과,"통역의 이론과 실습 기초를 다지고, 충분한 연습을 통해 영어 스피킹 및 통역 실력을 향상한다.",
ENG4067,성서와영미문화,,전공심화,3,,영미언어·문화학과,"이 강좌는 서구문화를 형성하는데 지대한 영향을 끼친 성서와 이와 관련된 영미 문화의 다양한 측면을 이해하는데 그 목적이 있다. 성서와 영미문화의 상호텍스트의 관련성을 비교함으로써 영미문화권에서는 성서를 어떻게 이해하여 이를 문화적 작품에 표현하고 있는지를 살펴본다. 성서를 문학, 예술, 영화, 음악 등 다양한 관점에서 접근하여 각기 다른 문화 작품들이 성서를 어떻게 해석하고 재현하는지 알아봄으로써 성서와 문화작품들에 대한 비평적 시각을 기른다.",
F-D1001,평면그래픽디자인,3,전공기초,1,1,융합디자인학부,본 교과목은 디자이너로서 기초적 자질을 배양하는 기초이론과 실습을 병행하여 창의적인 조형능력을 함하는데 있어 학습한다. IC-PBL 학습을 통해 학습자에게 현장에서 사용 가능한 브랜드개발을 경험함으로써 향후 실용적인 디자인을 제안한다.,
F-D1002,입체구조디자인,3,전공기초,1,1,융합디자인학부,"조형 요소와 원리에 대한 탐구 및 다양한 아이디어 발상법을 통해 
개성 있는 조형 형태로 개발함으로써 사물을 바라보는 다양한 시야와 독창적 형태로의 전개, 개발 과정을 학습한다.",
F-D1003,2D컴퓨터그래픽스,3,전공기초,1,1,융합디자인학부,"본 교과는 IC-PBL 교과목으로 현장과 함께 협업함으로써 다양한 정보를 그래픽으로 시각화하는 훈련을 하게 된다. 학생 스스로 문제를 파악하고 그 문제의 답을 해결해가는 과정을 통해 전공분야의 역량을 키워 실무현장에서 필요한 디자이너의 역할과 기업문화를 이해하며 디자이너간의 협업, 의사소통 및 결정과정을 걸쳐 창의적인 디자인 프로세스와 실무를 경험한다. 또한 여러 구성원들과의 상호교류를 통해 창의적 문제해결 능력과 협업 능력을 갖춘 인재양성의 기회를 얻을 수 있다. ",
F-D1004,3D컴퓨터그래픽스기초,3,전공기초,1,1,융합디자인학부,"디자인 분야에서 조형을 이해하고, 내가 구상한 형태를 만들기 위해서는 평면을 입체화 하는 연습이 중요합니다.
이에 본 수업에서는 형상 구현의 자유도가 높은 넙스 기반의 3D 툴인 라이노 프로그램을 이용하여 3차원 모델링의 기초를 학습하고자 합니다.
3D 수업을 통해 학생들은 제품 및 형상의 단면 구조 및 원리를 이해할 수 있고, 아이데이션 과정에서 보다 실질적인 물체를 구상하는 것이 가능해 질 수 있으며,
3D 프린팅을 활용하여 본인이 만든 형상의 실물을 확인함으로써 제작에 대한 간접 경험을 추구하고자 합니다.
",
F-D1007,3D컴퓨터그래픽스심화,3,전공핵심,1,1,융합디자인학부,"구체화된 아이디어를 제3자에게 효과적으로 전달하기 위한 최종적 표현 방법으로서, 3D 툴을 심화적으로 습득한다. 
제품 표현의 일반적 기법을 중심으로 학습하되 사용되는 재료와 가공법의 특성 및 각 재질감의 표현 능력을 배양하고, 실제 양산형 제작을 위한 디자인 프로세스 내에서 활용할 수 있는 툴 능력을 기른다.",
F-D2001,공간환경디지털모델링튜토리얼,,전공핵심,2,,융합디자인학부,"본 과목은 공간 환경 디자인의 기초를 경험해보기 위해 구성된 수업으로 개인(주거)공간과 공용(상업,공공)공간을 중심으로 공간의 특성을 고찰하고, 특성별 차이를 이해합니다. 실질적인 모델링 실습을 통해 각 공간에 창의적이고 실용적인 목적의 공간 설계 및 디자인 창출 경험,이해를 돕기 위한 수업입니다.",
F-D2002,디지털일러스트레이션,,전공핵심,2,,융합디자인학부,"강의를 통해서 디지털 일러스트레이션 프로젝트를 수행하는 프로세스를 경험해보고 문제를 해결하며 능력을 키울 수 있도록 한다. 수업 진행 계획은 주차마다 이론 1, 실습 2의 비율로 진행하며, 디지털 일러스트레이션 프로젝트를 3종을 진행하고자 한다. 한 카테고리가 진행되는 과정을 주기적으로 발표하고 피드백 한다. 이 강의를 통해서 디지털 일러스트레이션 작업이 실무에서는 어떠한 형태 및 프로세스로 진행이 되고, 그 과정을 통해서 디자인 된 결과물의 어떻게 활용이 될 수 있는지를 학습하고 이 경험을 통해 실무에 투입 되었을 시 스스로 과정을 풀어 나가는 능력을 키울 수 있게 된다.",
F-D2005,컬러·머터리얼·프로토타입,,전공핵심,2,,융합디자인학부,디자인에 있어서 가장 기본이 되며 중요한 요소가 되는 CMF를 컬러와 머터리얼 그리고 프로토타이핑을 통해 이론과 실습을 병행하며 알아보는 수업입니다. 강사의 실무 경험으로 이론적인 내용에 실무 예시와 내용이 동시에 다루어질 예정입니다.,
FRE1005,기초프랑스어1,,전공기초,1,,프랑스학과,본 교과목은 프랑스어의 발음 및 기초 문법을 공부하는 학생이 프랑스어 기본 문법과 다양한 유형의 문장들을 학습함으로써 전공 공부에 필요한 프랑스어 기본 실력을 갖추는 데에 그 목적이 있다. 또한 문법적인 학습과 더불어 프랑스어의 기초 표현들과 프랑스 문화를 공부하여 프랑스어로 소통할 수 있는 기초 실력을 쌓도록 한다.,
FRE1068,초급프랑스어강독,,전공기초,1,,프랑스학과,"이 강의는 프랑스어 텍스트를 통해 초급 프랑스어 독해 능력을 배양하는 것을 목표로 한다. 학생들은 기본적인 문법과 어휘를 학습하며, 다양한 주제의 프랑스어 텍스트를 읽고 이해하는 능력을 기른다. 본 강의는 프랑스어 문학과 더불어 델프시험 A1/A2 수준에서 다루는 다양한 자료를 통해 학생들이 프랑스어 읽기와 이해력을 향상시킬 수 있도록 구성되어 있다. 이를 통해 학생들은 프랑스어 문장 독해력을 높이고, 프랑스문화를 더 깊이 이해하고, 프랑스어 읽기 능력을 체계적으로 발전시킬 수 있다.",
FRE2022,초급프랑스어회화1,,전공핵심,2,,프랑스학과,"이 초급 회화 과정은 프랑스어에 대한 약간의 경험이 있고 프랑스어에 대한 기본 지식을 습득했지만 아직 프랑스어 사용에 완전히 익숙하지 않은 학생들을 위한 과정입니다. 목표는 이 입문 과정을 통해 프랑스어 학습 여정을 계속 이어나가는 것입니다.
목표는 모든 기술(주로 구두 표현과 이해력)을 연습하고 의사소통 능력을 향상시키는 것입니다. 교육 방식은 서면 및 오디오/비디오 문서를 기반으로 한 활동으로 구성됩니다. 학생들은 사회 생활의 다양한 분야에서 더 잘 이해하고 이해받을 수 있도록 말하기 능력을 향상시킬 수 있습니다.
이 수업은 표현(특히 구두)에 중점을 두기 때문에 학생들은 자신감 향상을 위해 가능한 한 많이 참여하도록 권장되며, 특히 최종 성적의 40%가 이 구두 참여로 구성될 때 더욱 그렇습니다. 수동적인 학습은 이 수업의 목표가 아닙니다.",
FRE2024,프랑스어문법1,,전공핵심,2,,프랑스학과,기초 프랑스어에서 익혔던 기본 문법 수준에 이어 심화단계의 프랑스어 문법과 구문들을 학습하고 프랑스 언어와 문화에 대한 기본 지식을 습득할 수 있도록 하는 과목이다. 각 과의 주요 문법적인 내용들을 담고 있는 텍스트를 독해하면서 학습한 문법 지식을 적용하여 분석할 수 있는 능력을 배양하고 일상적인 표현들을 이용하여 활용도가 높은 구문들로 재구성해보는 훈련 과정이다.,
FRE2025,프랑스어문법2,,전공핵심,2,,프랑스학과,프랑스어를 읽고 쓰고 말하기 위한 기본적인 문법 사항을 익힌다. 정확한 문법을 습득하여 작문과 대화에 틀림이 없도록 한다.,
FRE2028,프랑스어발음연습,,전공기초,1,,프랑스학과,"이 과정은 초보자를위한 프랑스어 발음 연습을 위한것입니다. 목표는 프랑스어의 모든 발음을 연습하고 향상시켜, 프랑스어의 발음을 뚜렷하고 유창히 하는것입니다. 학습 방식은 책자와 오디오를 기반으로 학습합니다. 학생들은 이 수업을 통해 프랑스어의 어려움을 극복하게 될것입니다.",
FRE2058,프랑스예술문화,,전공핵심,2,,프랑스학과,"본 강의는 프랑스 예술 문화의 독창성과 주요 특징들을 주요 장르를 중심으로 살펴보는 것을 목적으로 한다. 회화, 조각, 사진, 건축, 연극 등이 중점적으로 고찰할 분야이다. 다양한 시청각 자료들의 감상을 통해 주요 작품들과 예술가들에 대한 이해를 높일 것이며, 심도 있는 설명을 통해 프랑스 예술 및 문화의 핵심을 파악할 수 있도록 유도할 것이다.",
FRE2061,프랑스문학의이해,,전공핵심,2,,프랑스학과,"본 강의는 중세부터 현대까지 프랑스문학의 여러 흐름과 경향을 조망한다. 여러 프랑스 작가들의 작품을 직접 읽으면서 프랑스의 문화, 역사, 사상을 함께 이해하고 발췌 강독을 통해 정확하고 아름다운 프랑스어의 이해를 도모한다.",
FRE2065,프랑스단편읽기,,전공핵심,2,,프랑스학과,"프랑스의 다양한 텍스트를 읽고 해석하면서 프랑스어 단어, 표현, 구문을 익힌다. 이를 통해 프랑스의 문화에 대한 지식을 넓힌다.",
FRE2073,프랑스단편영상의이해와실습,,전공핵심,2,,프랑스학과,"OTT와 유튜브 등, 현재의 콘텐츠들은 영상이 가장 기본적이고 효과적인 수단이다. 
영상을 기획하고 제작하는 과정은 촬영기술의 변화와 발전에 힘입어 이전의 방식들보다는 축약되고 경제적으로 변했다. 
기획과 콘텐츠의 유통 또한 중요하지만, 영상의 제작에 가장 중요한 요소는 영상제작의 현장과정에 대한 이해다. 
본 교과목은 작품을 제작하는 과정에 대한 기술적 이해와 실제 현장의 경험에 근접한 실습이 목적이다. ",
FRE3074,프랑스학과캡스톤디자인1,,전공심화,3,,프랑스학과,"현대 산업사회가 기술과 과학의 발달로 인해 급변하고 있고, 이로 인해 전문성을 가진 고급 기술 인력만이 살아남을 수 있는 무한 경쟁시대를 맞이하면서 이론과 실무 능력 향상을 위한 창의적 설계 및 실습은 창업가형 인문인을 위한 개론이다. 본 수업은 기본적인 설명과 창의설계 이론을 바탕으로 쉽게 아이디어를 얻고, 미래의 문화 산업 모델을 제시한다.",
FRE3081,프랑스지역문화콘텐츠,,전공핵심,3,,프랑스학과,"프랑스 지역 공동체는 자신들이 속해있는 지역의 문화에 대한 자부심과 긍지가 크다. 이러한 정서를 기반으로 지역 공동체가 지역의 역사, 문화유산 등을 문화콘텐츠로 승화시켜 지역의 정체성을 상징하는 문화유산 관광상품으로 발전시킨 사례들을 살펴볼 것이다. 이를 통하여 우리나라의 지역 문화유산을 시대의 요청에 맞는 관광상품 콘텐츠로 개발할 수 있는 가능성에 대해 토의할 것이다.",
FRE4066,중급델프,,전공심화,3,,프랑스학과,"이 커리큘럼은 프랑스어 능력 시험인 DELF의 중급 과정(B1)을 준비하는 수강생과 프랑스어 회화 초급 수업을 들었던 수강생을 위한 커리큘럼입니다. 프랑스어 문법, 작문, 번역에 대한 심도 있는 수업을 듣고 시험의 네 가지 요소인 듣기 평가, 읽기 평가, 쓰기 평가, 말하기 평가를 준비합니다.
이 수업은 프랑스어 회화 1급 수업의 연장선상에서 진행되기 때문에 회화 수업과 비슷한 내용으로 진행되지만, 수강생들이 DELF에 합격하는 데 도움이 될 수 있는 내용으로 구성됩니다.
프랑스 국적을 취득하려면 DELF B1이 필요하다는 점에 유의하세요. 또한 일부 졸업장을 확인해야 합니다. 또한 파리 8 대학과의 교환 프로그램에 참여해야 합니다.
수업 중 DELF B1 시험의 4가지 포인트를 준비하며, 학생들은 DELF B1 블랑(모의고사) 1회를 응시해야 합니다.",
FRE4070,현대프랑스영화와사회,,전공심화,3,,프랑스학과,"이 과정에서는 현대 프랑스 사회와 문화의 주요 특징들을 이해하고, 전체 프랑스 사회와 문화에 대한 이해를 높이는 것을 목표로 한다. 이 수업에서는 라이시테(세속주의), 관용, 참여, 연대와 같이 현대 프랑스 사회를 특징짓는 주요 현상들을 탐구할 것이다. 또한 프랑스 교육 체제, 프랑스 정치, 여성 정책, 이민 정책 등도 검토한다다.",
FRE4071,프랑스어권지역연구,,전공심화,4,,프랑스학과,"이 교과목은 pbl 교과목으로서 비약적인 경제 발전을 보이고 있는 프랑스어권지역을 대륙별로 나뉘어 주요한 국가의 개요, 역사, 문화 등에 대한 지식을 넓히고 연구하는 것을 목표로 한다. 우리나라 이민자가 많은 캐나다의 퀘벡, 우리나라처럼 크기가 작고, 국토의 3/4이 험준한 산악지대인 나라인 스위스, 역사적 상처로 인하여 국가적 분열이 심각한 벨기에, 최근 포스트 차이나로 부각되고 있는 베트남의 역사, 정치제도, 문화 등에 대하여 살펴보면서 이러한 지식을 바탕으로 창의성있는 프로젝트를 시행하는 방식으로 진행한다.",
FRE4073,프랑코포니정치와사회,,전공심화,4,,프랑스학과,"본 강좌는 현대 프랑코포니 국가에서 발생하는 다양한 정치, 사회 문제 및 주요 문화 현상들에 대해 살펴보면서 국제 사회에 대한 안목을 높이는 것을 목적으로 한다. 프랑스어 신문과 TV 뉴스 내용들을 구체적으로 분석하고 검토할 것이며, 정치, 외교, 사회, 문화 등 다양한 사회 현상들에 대해 살펴볼 것이다. 본 강좌에서는 학생들은 프랑스어로 자신의 생각을 효율적이고 논리적으로 표현하는 방법을 학습함으로써 말하기와 쓰기 능력을 향상시킬 것으로 기대된다.",
GCT1001,K-컬쳐와글로벌한국학문화연구기초,2,전공기초,1,1,글로벌문화통상학부,,
GCT1002,글로벌트랜드탐색,3,전공기초,1,1,글로벌문화통상학부,"글로벌 문화 통상대학은 학생들이 세계를 무대로 자신의 역량을 펼칠 수 있는 인재로 성장시키기 위한 교육을 제공하고자 한다.
이 교과는 학생들이 세계 시민으로 성장하기 위해 세계 다양한 지역은 정치 사회 경제 문화등 다양한 분야의 트랜드를 탐색하고 이해하는 데 중점을 두는 과목이다. 학생들은 팀을 이뤄 자신들의 관심 있는 주제에 대한 세계적 트랜드를 심층적으로 조사하여 발표한다. 
이러한 과정을 통해서 학생들이 세계시민으로서의 역량을 갖추고 글로벌 인재로 성장할 수 있도록 하는 것을 목표로한다.
",
GCT1003,인공지능과지속가능발전,2,전공기초,1,1,글로벌문화통상학부,,
GCT1004,영상문화의이해,2,전공기초,1,1,글로벌문화통상학부,,
GCT1005,글로벌관광엔터테인먼트의이해,2,전공기초,1,2,글로벌문화통상학부,,
GCT1006,언어/문화모듈탐색,2,전공기초,1,2,글로벌문화통상학부,,
GCT1007,글로벌통상의이해,2,전공기초,1,2,글로벌문화통상학부,,
GEN0016,초급영문독해,,전공기초,1,,영미언어·문화학과,"English divide라는 단어가 존재할 정도로 영어의 영향력은 진로에 막대한 영향을 미친다. 이 과목에서는 미국문화에 대한 다양한 article을 읽음으로써 영미문화에 대한 다양한 측면을 배우고 동시에 영어의 기초가 되는 영문해석, 단어, 문법구조, 문맥 파악에 대한 기초지식을 배우고자 한다.
첫째, 다양한 단어와 문법구조가 나타나는 영어문장을 커다란 문맥 속에서 파악하는 능력을 키움으로써, 문맥만으로도 단어의 의미를 추출할 수 있는 추론 능력을 키운다.
둘째, 문장의 해석은 단어의 결합만이 아님 앞뒤의 문장 속에서 창의력을 발휘해 해석해야 하는 상황도 알아본다.
셋째, 알고 있다고 생각하고 놓치기 쉬운 정확한 영어의 문법 구조를 살펴봄으로써, 명확한 해석능력을 키울 수 있게 한다.
넷째: 주어진 자료들을 이용하여 critical thinking skills를 기른다.",
GEN0044,경영학원론,3,전공기초,1,1,경제학부,"경영학원론은 경영학의 세부 분과 학문을 본격적으로 공부하기에 앞서 원론적인 입장에서 기업경영과 환경을 이해하고, 기업운영의 원칙을 개략적으로 학습하는데 목적이 있음. 
     
본 강의에서는 경영에 대한 특성을 이론과 실천의 양면에서 파악할 수 있도록 강의를 진행한다. 특히 학생들이 실제 기업을 이해하는데 강의의 초점을 둠.
",
GEN0059,경제원론1,3,전공기초,1,1,경제학부,"경제원론 중 미시경제 부분으로서 시장기구를 통해 부족한 자원을 효율적으로 배분하는 방법에 대해 학습한다. 경제주체인 개인, 기업, 정부의 의사결정 과정과 이들의 의사결정이 가격, 시장, 자원배분에 미치는 영향을 살펴본다. 세부적으로는 경제학의 기본적인 개념인 수요와 공급, 탄력성, 시장의 효율성, 외부효과, 기업의 행동, 시장 구조, 생산요소시장, 소비자선택이론을 다룬다.",
GEN0060,경제원론2,3,전공핵심,1,1,보험계리학과,"본과목에서는 경제전체의 성과에 대해 연구하는 거시경제학 분야의 기초를 학습한다.
경제전체의 성과를 측정하는 GDP를 포함한 다양한 지표들의 원리와 방법을 학습하고, 거시경제적 성과의 장단기적 변동의 특성과 그 원인을 탐구하는 한편, 그러한 변동에 대한 정부의 적절한 대응에 대해서 학습한다.",
GEN0063,일반물리학1,3,전공기초,1,1,기계공학과,"- 본 수업은 물리가 쉽다는 생각을 갖을 수 있도록 줄거리 및 주제 파악을 할 수 있게 만드는 수업이다.
- 개념 파악 및 수학을 이용한 물리적 의미를 알고자 하는 수업이다.
- 반복적인 개념을 이용하여 어렵지만 쉽게 이해할 수 있도록 한다.
- 공부하지 않는 학생의 학점은 절대 보장할 수 없다.
- 교수님과 즐겁게 대화할 수 있는 수업이다",304
GEN0064,일반물리학2,3,전공기초,1,2,로봇공학과,"본 과목에서는 과학과 공학을 전공할 이공계 학생들을 대상으로 물리학의 기본 원리와 개념을 다룬다. 주요 내용은 전자기학, 광학 등이다.",204
GEN0066,일반물리학실험1,3,전공기초,1,1,기계공학과,"물리학은 다양한 자연 현상을 과학적으로 탐구하고 이해하고자 하는 학문이다. 이를 위해 많은 관찰과 실험은 필수적이며 획득한 여러 실험 결과는 반드시 이론적인 체계와 비교, 설명되어야 하고 이 두 가지가 성공적으로 이루어질때 비로서 그 결과와 해석은 물리학의 지식 체계로서 인정받게 된다. 본 수업은 이러한 과정을 간단하게 따라가 보는 것으로 기초적인 실험을 통해 얻은 결과들을 일반 물리학 수업 시간 때 배웠던 내용과 비교해 봄으로써 그 주제에 대한 이해를 높이고, 더 나아가 학생들이 실험적 문제 해결 방법에 익숙해 지는데 도움을 주고자 한다.  
The major aim of this class is to perform basic physics experiments, compare experimental results to the thoeries and understand the fundamental physics behind them.  
The fields to be covered in this class are linear and rotational motions, energy and momentum. There will be a quiz cession before starting each week's experiment and pre/post-experiment reports are required to be submitted to teaching assistants. 
",204
GEN0067,일반물리학실험2,3,전공기초,1,2,전자공학부,"일반물리학실험2는 전기자기학, 광학 및 현대물리학 부분의 지식을 실험에 적용하여 직접적인 경험으로 물리학을 이해한다. 
일반물리학 실험1과 달리 일반물리학 실험2는 미시세계에 대한 물리현상을 설명하고 증명하기 위한 실험들로 구성되어있다. 
실험결과를 report로 제출해야한다. 각 실험에서 요구되는 물리학적 이론을 질문을 통해 숙지한다. ",204
GEN0068,일반화학1,3,전공기초,1,1,기계공학과,화학의 기초 지식을 다루는 과목으로 화학에 대한 기본 개념을 확립하여 전공 학습을 위한 기초를 다진다,
GEN0069,일반화학2,3,전공기초,1,1,해양융합공학과,"자연과학을 이해하는데 있어서 기본 교과목인 화학을 이해할 수 있도록 자연과학 및 공학과 관련되어 있는 화학적인 내용을 폭넓게 학습한다. 
원자의 구조, 전자배치 및 주기율표, 화학결합, 결합이론과 분자 구조, 액체, 고체 그리고 분자간의 힘, 화학반응 속도론, 열화학, 등을 공부함으로써 물질의 본질과 특성, 그리고 응용성 등의 화학의 기초지식을 소개한다.",
GEN0070,일반화학실험1,3,전공기초,1,1,건설환경공학과,물질의 구조와 성질 및 상호작용을 거시적 차원과 미시적 차원에서의 이해 및 생활에서 응용되고 관찰되는 여러 화학현상과 화학물질을 이해한다.,
GEN0071,일반화학실험2,,전공기초,1,,재료화학공학과,"이론수업(일반화학1,2)에서 다룬 여러가지 이론과 개념을 각 주제별 실험 실습을 통해 학습해 봅니다. 실험 결과를 분석하여 물질의 구조와 성질, 상호 작용을 이해함으로써 현상과 물질의 연관성을 바라보는 통찰력을 넓혀봅니다.",
GEN0074,일반생물학1,3,전공기초,1,1,해양융합공학과,21세기 첨단 바이오융합분야에 관심있는 공학도에게 생물학 분야를 쉽게 소개하는 강좌입니다.,
GEN0075,일반생물학2,3,전공기초,1,2,100,,
GEN0076,일반생물학실험1,,전공기초,1,,의약생명과학과,"일반 생물학 과목에서 배웠던, 일반적으로 근간이 되는 실험들을 배우며, 각 실험의 배경 지식을 함양하고 실제 실험을 수행하여, 결과를 도출함.",
GEN0077,일반생물학실험2,,전공기초,1,,의약생명과학과,"일반생물학에서 배운 내용과 연계하여 생물의 기본이 되는 DNA의 구조와 기능을 다시 한번 이해하고, 이를 바탕으로 생명체의 분자 기본 물질인 DNA의 조작법과 적용법을 실험을 통해 익히는 과목이다.",
GEN1030,컴퓨터개론,3,전공핵심,1,1,인공지능학과,"""컴퓨터 개론""은 컴퓨터 과학 및 정보 기술 분야에 대한 기본적인 이해를 제공하는 교과목으로, 컴퓨터의 기본 개념, 구조, 동작 및 응용에 대한 기초적인 지식을 다룹니다. 아래는 일반적으로 컴퓨터 개론 교과목에서 다루게 될 수 있는 내용들의 개요입니다.

1. 컴퓨터의 역사와 발전:
초창기 컴퓨터의 등장과 발전 과정
주요 발명가와 기여한 기술의 역사

2. 컴퓨터의 기본 구성 요소:
중앙처리장치 (CPU)의 기능과 구조
주기억장치와 보조기억장치
입출력 장치와 그 역할

3. 컴퓨터 소프트웨어:
운영체제의 역할과 기능
응용 소프트웨어와 시스템 소프트웨어의 차이

4. 데이터 표현과 저장:
이진수 체계와 16진수 체계
문자, 숫자, 그림 등의 데이터 표현 방법

5. 컴퓨터 네트워킹과 통신:
네트워크의 기본 개념과 유형
인터넷의 동작 원리와 구성 요소

6. 알고리즘과 프로그래밍 개념:
알고리즘의 정의와 설계 기법
프로그래밍 언어의 기본 문법과 구조

7. 컴퓨터의 윤리와 사회적 책임:
정보 기술의 윤리적 쟁점과 도덕적 고려사항
개인 정보 보호 및 보안에 대한 이해

8. 컴퓨터 응용 분야의 소개:
데이터베이스 시스템과 관리
인공지능, 빅데이터, 사물인터넷 등의 신기술 소개",
GEN1042,초급중국어,,교양필수,1,,회계세무학과,"글로벌 시대는 전문 어학능력을 바탕으로 국제적 안목을 두루 갖춘 전방위형 인재를 필요로 한다. ˂초급중국어˃는 한양대학교에서 G2교육 강화를 위해 기획한 교과목으로서, 미국과 대적할 만한 신흥강국으로 부상한 중국과의 교류에 있어 학생들이 능동적으로 자신의 활로를 개척해나가는 데 도움을 주고자 개설되었다.",
GEN1082,고급영어회화,3,교양선택,1,1,ERICA 대학,본 강좌는 고급단계의 회화 중심 과정으로 원어민 교수와 함께 보다 전문적이고 다양한 분야에 대한 그룹 프로젝트 및 토론을 통하여 학생들의 영어에 대한 유창성 및 정확성을 증진시키며 궁극적으로는 정보화 시대에 적극적으로 참여할 수 있는 언어 능력을 함양시키는 것을 그 목표로 한다.,
GEN1092,한국근현대사,3,교양선택,1,1,ERICA 대학,"19세기 후반에서 20세기 후반에 이르기까지 대략 1세기 동안의 시기에 한국사의 내재적 발전의 코스가 제국주의 침략과 식민지 지배체제하 및 분단 상황에서는 어떻게 굴절 왜곡되었고, 그러한 굴절 왜곡하에서도 주체적 발전 코스는 어떻게 관철되었는지를 정치, 경제, 사회운동면 등을 종합적・체계적으로 이해함으로써 오늘날의 역사를 올바르게 인식한다.",
GEN1103,대학화학실험,,전공핵심,1,,소재·부품융합전공,"화학실험에서 가장 기본적인 실험 실습과 분석 실험을 포함한 밀도, 혼합물의 %조성 결정, 산-염기 적정, 아스피린의 합성, 흡수분광법 및 기체 법칙에 관한 실험 실습을 진행한다. 또한 기기를 사용한 기초적인 분석 실험을 통해 기기 사용법 및 분석 실험에서 가장 중요한 시료 준비과정에 대해 학습한다. 또한 이론 수업에서 학습한 내용을 실험에 적용하여 얻어진 결과를 해석하는데 적용하는 연습을 한다.",
GEN2000,대학화학,,전공핵심,1,,소재·부품융합전공,"기본적인 일반 화학의 내용을 학습한다. 원자의 구조, 주기율표, 화학 결합, 전자 배치, 분자의 기하학적 구조, 고체, 액체, 기체 등 기본적인 화학 기초에 대해 먼저 학습하고 이 내용을 활용하여 응용 분야의 기초를 학습한다. 용액, 농도, 균형 맞춤 화학 반응식, 몰 등의 정량적인 관점에서 화학에 대한 기초를 학습한다. 또한 유기 화학, 평형 및 전기 화학과 같은 우리 일상 생활에서 자주 접할 수 있는 현상들을 화학적으로 이해하는데 필요한 기초적인 화학 내용을 학습한다.",
GEN2023,한국의전통문화,3,교양선택,1,1,ERICA 대학,한국을 찾는 학문 목적 유학생들이 증가하고 있다. 유학생들이 한국을 찾는 이유는 다양하다. 한국 전통문화는 주제별로 한국의 전통문화를 이해하는데 길라잡이 역할을 할 수 있도록 구성하였다. 유학생들의 필요에 따라 주제를 선택해서 더 깊이 학습할 수 있도록 한 것이 장점이다. 교과목을 배우면서 추가정보를 활용할 수 있다.  ,
GEN2052,미분적분학1,3,전공기초,1,1,기계공학과,"자연과학과 공학의 기초가 되는 1변수 함수의 미분과 적분에 대하여 공부한다.
함수의 극한과 연속, 미분과 적분의 기초개념을 이해하고 여러 함수의 미분법과 적분법에 대하여 공부한다. 평면곡선을 표현하는 여러 가지 방법을 이해하기 위하여 극좌표, 매개변수 방정식과 그 미분 적분법을 공부한다. 마지막으로 무한급수와 테일러급수 등을 학습함으로써 기존의 기본함수로는 해결할 수 없는 여러 가지 문제의 해결법을 제시한다.",304
GEN2053,미분적분학2,3,전공기초,1,2,기계공학과,"자연과학 및 공학의 기초가 되는 미적분학과 해석기하학의 기본적인 이론을 터득하여 앞으로 전공과목을 이수할 때 수학적인 소양과 논리적인 사고로 여러 가지 문제를 처리하는 능력을 갖도록 한다. 미적분학과 해석기하학의 기본 내용 중에서 다변수 함수, 편미분, 중적분, 벡터함수 등 미분적분학1보다 좀 더 확장된 함수와 연관되는 내용을 다룬다. ",207
GEN2061,문화와디자인,3,교양선택,1,1,ERICA 대학,"문화와 디자인은 서로 긴밀한 상호작용에 의해 변화하고 발전해 왔습니다. 우리는 문화의 중요성이 대두되는 시대에 살고 있으며, 디자인은 이제 다양한 분야에서 중요한 역할을 합니다. 많은 이들에게 디자이너가 갖는 감성적 사고뿐 아니라 다양한 사회문화적 역할을 인지하고 그에 적절히 대처하기 위한 소양을 요구합니다. 우리는 이 수업을 통해 디자인 전공자 뿐 아니라 비전공자들도 디자인에 대해 생각해 보고 디자인 개념에 대한 고찰과 각 시대의 디자인을 그 시대의 문화적 맥락에서 해석하고 탐구하려 합니다. ",
GEN3030,대학생물학,,전공기초,1,,화학분자공학과,"이 강좌는 화학분자공학과 학생들""만""을 위한 생물학 개론으로 한국어로 강의가 진행됩니다.",
GEN3031,기초미분적분학,3,교양선택,1,1,ERICA 대학,"미분적분학1을 배우기전에 고등학교 과정의 미적분의 내용을 정리할 수 있도록 하고자 하는 과목이다.

함수의 정의와 성질부터 대수함수(다항함수, 유리함수, 무리함수)와 초월함수(지수함수, 로그함수, 삼각함수)의 성질을 익힌다.
미분과 적분의 정의를 이해하고 여러 성질을 익혀 다양한 함수들의 미분과 적분 문제를 해결하도록 한다.  ",
GEN3032,기초물리학,3,교양선택,1,1,ERICA 대학, 물리학은  우리 주변과 우주에서 일어나는 자연 현상들을 연구하는 학문이다.   자연의 원리들과 가능한 현상들을 이해하고 익히며 우리 실생활에 적용함으로써 과학적인 사고력과 문제 해결 능력 등을 키우고자 한다. ,
GEN3064,고급컴퓨터활용,3,교양선택,1,1,ERICA 대학,사회 진출을 앞두고 있는 학생들에게 직장에서 실질적인 컴퓨터 활용 능력은 필수적이라 할 수 있다. 본 교과목에서는 재정 및 회계업무에 필수적인 스프레트시트 작성에 필요한 고급 기법을 습득하기 위한 수업이다. 기본적인 컴퓨터 활용에 충분히 훈련된 학생들에게 보다 강력하고 실질적으로 컴퓨터를 이용한 활용법을 연습하게 함으로써 탁월한 경쟁력을 지닌 상태로 사회에 진출할 수 있도록 도움을 주는 수업이 될 것이다.,
GEN3065,컴퓨터그래픽응용,3,교양선택,1,1,ERICA 대학,"컴퓨터 그래픽스는 실세계의 화상 정보를 가공해 화상을 조작하고, 다른 데이터 등을 가시화하는 작업입니다. 모양과 색을 수치로 변화하여 디지털로 나타내는 표현 방법을 기반으로 확대, 축소, 회전 등의 변환이 가능하고 표면의 재질감과 투명감 등 다양하고 섬세한 묘사가 가능합니다. 현시대에 맞는 용어로 이러한 작업을 디지털이미지 제작이라고도 합니다. 디지털 이미지(Digital Image)는 디지털 카메라를 이용하여 현실 세계의 사물을 촬영하거나 스캐너를 이용하여 사진이나 그림을 파일형태로 만들고, 전용 디지털 영상 처리 프로세서를 컴퓨터상에서 픽셀 단위의 정보를 갖는 래스터 그래픽 형태의 디지털 이미지로 만듭니다. 일반적으로 이러한 이미지는 벡터 그래픽과 구별될 수 있기에, 편의상 디지털 이미지를 ""이미지""로 벡터 드로윙 그래픽은 ""그래픽""으로 구분합니다. 디지털 이미지와 벡터 그래픽은 모두 컴퓨터상에서 디지털 정보로 처리되므로 ""그래픽(그래픽스)""이라는 용어를 사용합니다. 이미지 색상 조정, 편집을 위한 그래픽 작업, 인화된 사진 보정, 이미지 합성, 웹용 또는 인쇄용을 만드는 디지털 이미지 작업은 포토샵 프로그램을 이용합니다. 디자인관련학과, 광고홍보학과 학생뿐 아니라 일반학과 이공계학과 예체능 학과등 문서작업에 필요한 이미지 작업, 포스터 제작, 웹용 이미지, 동영상편집 등 활용도가 높은 분야 입니다. 본 강의는 이러한 작업들을 흥미로운 예제를 통해 학생들과 연구하면서 응용하고, 이론을 기반으로 그래픽 작업의 과학적 원리에 대한 설명과 실습으로 수강자에게 능숙한 작업이 이루어지도록 학습합니다.  그래픽 자격증을 취득하고자 하는 학생들이 있기 때문에 실기와 이론을 모두 병행하여 진행할 것입니다.",
GEN4008,영시의이해,,전공핵심,2,,영미언어·문화학과,"이 강좌는 학생들의 비평적, 분석적 사고력을 길러 다양한 종류의 영미시를 읽게 하도록 하는 것이 목적이다. 이 수업을 통해 학생들은 영미시를 읽고, 듣고, 토론하고, 감상하는 능력을 기르게 된다. 시인들이 그들의 생각과 감정을 시속에 어떻게 표현하고 있는지 알아본다.",
GEN4031,글로벌이슈,3,교양선택,1,1,ERICA 대학,"본 강의는 영어학습자를 위한 영어전용 강좌로서 최근 국내 및 국외 사회의 주요한 문제(연예 및 오락산업, 세계정세, 경제, 교육, 산업 및 과학)를 다룬 신문, 잡지, 방송, 유튜브 등의 기사 및 보도를 활용해 세계 주요 문제의 현안을 이해하고 문제의 본질을 이해하여 다양한 사회적 문제에 대해 비판적 사고를 갖추는 데 목표를 둔다. ",
GEN4051,초우량기업의조건,3,교양선택,1,1,ERICA 대학,15 분의 산업별 최고의 리더의 인생과 사업의 역정을 통하여 학생들이 다가올 미래사회를 미리 준비하도록 하는 것이다 ,
GEN4079,사회봉사,3,교양선택,1,1,ERICA 대학,"사회봉사가 일부 사람들의 몫으로 여기던 시기에 대학 최초로 한양대 사회봉사단이 1994년 12월 창단하였다. 한양대 사회봉사단은 대학 사회봉사의 기틀을 잡고, 봉사하는 사회분위기 형성에 크게 이바지하였다. 사랑의 실천이라는 건학이념으로 근면,정직,겸손,봉사의 덕목을 갖춘 인재양성이라는 한양대학의 교육목적을 구체적으로 실현하기 위한 새로운 교육과정으로 사회봉사 교과목을 1995년에 신설하여 운영하고 있으며, 2013년 부터는 ERICA 졸업필수 요건으로 지정되어 반드시 졸업 전에 사회봉사 교과목 1학점을 이수해야 졸업이 가능한 과목이다.																					
",
GEN4091,과학기술의철학적이해,3,교양선택,1,1,ERICA 대학,"1. 본 교과목은 과학기술에 대한 철학적 성찰을 통해 기술사회에 적합한 새로운 시민교육을 지향한다.
2. 본 교과목에서는 과학기술에 대한 지식의 확인을 넘어서, 역사와 삶이 과학기술과 어떻게 상호침투해 있는지 고찰한다.
3. 본 교과목에서는 궁극적으로 과학과 사회, 진리와 문화, 객체와 주체, 인간과 비인간이라는 이분법을 어떻게 다루어야 할지 검토한다.",
GEN5052,생활무용,3,교양선택,1,1,ERICA 대학,"본 강의는 자유롭고 개성적인 contemporary dance의 기본 움직임을 바탕으로 진행되는 실기 수업이다.
생활 속에서 움직이는 모든 움직임은 춤이 될 수 있으며 강의를 통해 자신만의 움직임을 찾는 것과 동시에 서로의 움직임을 공유할 수 있다.

생활 무용은, 자신의 감정을 움직임을 사용해 표현하며 일상 생활의 스트레스 해소는 물론 평소 사용하지 않는 신체의 리듬과 균형을 바로잡아 Develope 시킨
에너지를 통해 일상생활에 도움을 준다.",
GEN5087,실용영작문,,전공심화,4,,영미언어·문화학과,"본 강좌는 ˂영작문˃을 선수강한 중급 또는 고급 수준의 학생들을 대상으로 한다. 본 강좌에서는 ˂영작문˃에서 배운 내용을 바탕으로 이력서, 편지, 이메일, 토론 글 등의 보다 실용적인 장르의 글에 익숙해지도록 훈련한다. 또한 peer editing 및 그룹 토론 등을 통하여 다른 사람의 글을 감상하고 비평할 수 있는 능력을 배양한다.",
GEN6020,미분적분학,,전공기초,1,,약학과,"통계 및 응용학문의 기초는 수학을 기반으로 두고 있으므로 수학은 필수과정라 할 수 있다.
응용분야에 필요한 수학으로서 일변수와 다변수 함수에 대한 미분과 적분, 수열과 급수에 대한 개념을 이해할 수 있도록 한다.",
GEN6031,소설과현대사회,3,교양선택,1,1,ERICA 대학,"˂소설과현대사회˃는 이 시대의 단면을 생생하고 매혹적으로 포착하고 있는 다양한 단편 소설을 함께 읽고, 우리가 살고 있는 현대사회의 질문들을 발견하고 호흡하는 수업입니다. 영상과 이미지가 범람하는 시대에 오직 언어로만 구성된 예술인 문학에 몰두하는 일은 결코 쉬운 일이 아닙니다. 누군가에게는 돈키호테처럼 무모하고 시대착오적으로 보일지도 모릅니다. 그럼에도 불구하고, 소설을 읽는다는 것은 지금 여기의 질문들을 일깨우고 그 과정에서 자아와 자신을 둘러싼 현실에 대해서 새로운 통찰력을 얻는 빛나는 체험입니다. 인정과 찬사가 없는 시간을 묵묵히 투자하는 사람들만이 어떤 깊이를 획득하기 마련입니다. 우리는 이 과정을 통해 소설의 인식적, 미학적, 윤리적 가치에 대해 이해하고 자신만의 단단의 사유의 저장고를 만들어 나가게 될 것입니다. ",
GEN6078,한류와한국문화,3,교양선택,1,1,ERICA 대학,"한류의 시작과 현황을 살펴보고, 전 세계적으로 하나의 문화 트렌드로 그 영향력과 영역을 확장하고 있는 한류의 현주소와 한류가 세계 문화예술에 미치는 영향을 살펴본다.

Explore the beginning and current status of the Korean Wave, and understand the current status of the Korean Wave, which is expanding its influence and area as a cultural trend around the world, and the impact of the Korean Wave on global culture.",
GEN6086,생활속의화학,3,교양선택,1,1,ERICA 대학,"화학은 실생활과 관련된 것을 연구하고 응용하는 학문이다. 그러나 이렇게 실생활과 밀접한 관계를 가진 화학이라는 과목을 자연과학과 공학을 공부하는 학생들이 아닌 경우 고교때부터 배울 기회 자체가 주어지지 않는 것이 현재 우리의 교육 과정이다. 따라서 이 과목은 과학, 그중에서도 화학을 한번도 배운 적이 없는 인문, 사회, 경영경제금융, 법학, 음악, 체육을 전공하는 학생들을 대상으로 일상샐활에서 쉽게 접하는 화학에 대하여 친숙한 방법으로 설명 함으로써 물질의 구성 요소에 대하 지식과 물질의 다양한 구성 방법에 대한 폭넓은 시야를 갖게 할 것이다.",
GEN6096,모바일프로그래밍입문,,전공핵심,,,신산업소프트웨어전공,"이 수업에서는 스마트폰 앱을 개발하기 위한 프로그래밍 입문단계로서 개발환경설정 및 기초 Java 프로그래밍, 모바일 앱의 다양한 UI개발을 위한 여러가지 XML 작성방법을 익힌다, 또한 앱에서 사용하는 메뉴, 파일처리, 어댑터 뷰 등을 사용하는 프로그래밍 기법을 익힌다.",
GEN6098,웹퍼블리싱,3,교양선택,1,1,ERICA 대학,"본 교과목은 웹페이지를 제작하는데 사용하는 HTML5와 CSS3 그리고 자바스크립트를 단계적으로 학습하고, 웹 사이트를 직접 만들어본다. 그리고 웹 사이트를 기획하고 구성하는 원리를 학습하며, 데스트탑용 웹 페이지 외에도 스마트 기기를 위한 반응형 웹 제작 기술에 대해 학습하고 실습한다.",
GEN6099,컴퓨팅과데이터처리,,전공핵심,,,신산업소프트웨어전공,"본교과목은 C언어를 기반으로 한 오픈소스 고급 프로그래밍 언어의 한 종류로 인터프리터식 프로그램 방식으로 초보자들에게 쉽고 흥미를 유발할수 있는 소프트 웨어 교과목입니다.
인터프리터식 프로그램은 컴파(번역)일을 하지 않고 직접 프로그램결과를 실행할수 있으며 한줄 단위로 실행하기 때문에 사용자가 쉽게 에러나 실행 결과를 확인할 수 있습니다.",
GEN7009,나를좋아하게하는커뮤니케이션,3,교양선택,1,1,ERICA 대학,"인간관계에서 원활한 커뮤니케이션은 매우 어렵고 인내를 요구하는 과정이다. 진정한 소통은 단순한 기술이나 기교가 아니라 먼저 자신을 알고 행동하는 태도와 자세에서 비롯된다. 개인적인 인간관계나 사회생활에서는 소통 없이는 좋은 결과를 기대할 수 없다. 이미지 메이킹의 목적 중 하나는 커뮤니케이션 능력 향상, 즉 자신과 소통하고 상대방과 소통하고 세상과 소통하기 위함이다.
본 과목에서는 커뮤니케이션은 물론, 자신의 이미지를 찾고 관리하여 자신의 강점과 관심사를 소개하며 스스로 알릴 수 있는 데 도움이 될 수 있는 방법들을 모색하고자 한다.",
GEN8043,독립영화의이해,3,교양선택,1,1,ERICA 대학,"이 수업은 국내외 전반적인 영화산업 및 영화분석에 대한 기본 개념과 지식을 바탕으로 독립영화에 대한 이해를 높이는 것을 최종 목표로 한다. 
이를 위해 국내외 다양한 독립예술영화를 시청하고, 독립영화와 관련된 다양한 개념, 관점, 경향, 이슈에 대해 강의와 토론을 통하여 정리한다. ",
GEN8053,테크놀로지와예술&미디어,3,교양선택,1,1,ERICA 대학,"과거에도 문화와 예술 분야에 테크놀로지가 활용되었지만, 4차 산업혁명의 도입과 함께 예술의 창작, 유통, 소비 등의 전 과정에 지대한 영향을 미치며 급속도로 빠르게 진화하고 있다. 본 교과목에서는 미디어와 예술의 융합 사례를 통해 테크놀로지의 발전이 어떠한 영향을 미치고 있는지 그 시사점을 알아보고자 한다.",
GEN8064,데이터분석과시각화,,전공핵심,,,산업인공지능전공,"R프로그램은 오프소스 프로그램으로 통계, 데이터마이닝 및 그래프를 위한 인터프리터 언어로
최근 빅데이터 분석으로 많이 활용하고 있으며, 5000개 이상의 어플리케이션들이 지원되고 있어 활용가치가 높다.
본 강좌는 처음 접하는 비전공자들을 위하여 R프로그램의 기초를 중심으로 교육을 진행하며, 통계의 원리를 학습해 나갈것이다",
GEN8066,안드로이드앱프로그래밍,3,교양선택,1,1,ERICA 대학,"본 강의는  안드로이드 모바일 앱환경에서  다양한 앱 개발에 필요한 프로그래밍 능력을 익힌다. 
안드로이드 앱을 구현하기 위한  안드로이드 스튜디오(IDE)  개발환경을 이해하고 자바 언어의 문법을 학습하여 실제도 작동할 수 앱 개발 수업이다. 
다양한 기본위젯과 고급위젯의 기능을 이해하고 컨텍스트 메뉴, 대화상자, 사용자 정의 리스트 뷰,, 어댑터뷰, 여러 액티비트 전환 인텐트등을  학습하는 실습 교과이다.",
GEN8067,웹서비스구축,3,교양선택,1,1,ERICA 대학,"이 클래스에서는 웹 서비스를 이해하고, 대표적인 CMS(Contents Management System)인 워드프레스를 활용하여 자신의 웹 서비스를 구축하는 방법을 익힌다. 워드프레스 엔진 설치 및 설정하기, 페이지와 포스트의 등록, 댓글등록, 관리자 화면 설정, 테마 설정 등을 익힌다. 또한 SNS 연동, 검색엔진 등의 다양한 기능을 제공하는 플러그인의 검색 및
설치하고 설정하여 웹 서비스를 구축한다",
GEN8072,블록체인:혁명의시작(클러스터),3,교양선택,1,1,ERICA 대학,"블록체인 기술의 개념과 구조를 학습하고
그 기술을 기반으로 변화될 미래를 예측한다.",
GEN8075,레고세트를이용한창의설계,3,교양선택,1,1,ERICA 대학,"공학 및 인문사회 저학년 학생들을 대상으로 창의적인 문제 해결 능력을 배양하는 것에 목적이 있다. 이를 위하여 로봇을 이용하여 블록 코딩의 기본 개념을 습득하고 문제 해결을 위한 다양한 방법을 직접 설계와 실습을 통하여 경험함으로써 창의적인 사고력을 향상시킨다. 또한 주어진 문제를 정의하고 이를 해결하기 위한 체계적인 문제해결 방법의 능력을 향상시키고 적절한 도구를 활용하는 능력과 현실적인 제한 조건을 고려하여 설계할 수 있는 능력을 배양하고, 팀 프로젝트를 진행하여 의사소통 능력 및 팀 구성원으로서의 팀 성과에 기여할 수 있는 능력을 향상시킨다.
",
GEN8076,4차산업혁명에서의윤리,3,교양선택,1,1,ERICA 대학,"본 교과목에서는 4차산업혁명으로 생겨날 법한 '인간', '주체', '선(善)', '기술' 개념들의 변화를 추적하면서, 이전과 다른 삶의 맥락에서 기술 개발 및 활용에 있어 우리가 어떻게 '합리적'이고도 윤리적으로 판단할 수 있는지를 두루두루 통섭적 방식으로 다루어 본다. ",
GEN8077,영어로만나는YouTube,3,교양선택,1,1,ERICA 대학,  본 과목은 유튜브를 활용하여 우리 사회가 직면한 다양한 이슈들을 다루고자 한다. ,
GEN8080,K-POP댄스,3,교양선택,1,1,ERICA 대학,"본 강의는 자유롭고 개성적인contemporary dance + choreography 의 움직임과 세계적으로 뻗어나가고 있는 k-pop 음악의 트랜드를 더하여 다양한 움직임을 경험하고, 빠르게 성장하고 변화하는 현대사회 속에서 평소 사용하지 않는 신체의 리듬과 균형을 바로잡아 Develope 시킨 에너지를 통해 일상생활에 도움을 준다.
",
GEN9013,영화속디자인이야기,3,교양선택,1,1,ERICA 대학,"영화는 우리의 과거,현대,미래를 관통하며 다양한 모습을 그려낸다. 디자인은 단순한 학문이 아닌 우리의 삶과 직.간접적으로 연결되어 있는 우리의 삶, 그 자체이다. 영화 속 도시의 배경, 주인공의 의상, 가구, 인테리어, 색채 등등 모든 것들이 디자인과 관련이 있다고 볼 수 있다. 디자인은 해당 시대의 가치관, 철학,정치 문화 등을 반영하기에 항상 변화하고 트렌드를 선도해 왔다. 
다양한 시대 미술과 디자인을 영화를 통해 알아보고 다양한 시대적 특징을 통해 과거, 현재, 미래의 다양한 디자인적 요소에 대해서 고민하고 이해해본다. 또한 각각의 관심 영화를 통해 영화 속 디자인 포인트를 찾아 정리 및 공유해보는 시간을 갖는다. ",
GEN9014,나를찾는미술치료,3,교양선택,1,1,ERICA 대학,"미술심리상담의 이론과 실제를 익히고 매체를 통한 기법과 투사그림검사를 통해 심리를 진단하여 본다.																				
",
GEN9016,교양요가및필라테스,3,교양선택,1,1,ERICA 대학,"요가는 마음을 조절해서 마음의 움직임을 억제하여 인간 본래의 고요한 마음으로 돌아가는 상태라고 한다. 마음. 몸. 정신의 융화와 경험의 방법으로 신체적, 정신적, 영적 건강과 안녕을 뜻한다.요가를 통해 몸의 균형과 근육의 인대 탄력, 뇌파의 안정, 심장과 폐기능 강화, 척추 교정과 노화 예방, 만성 피로 및 스트레스 이완, 유연성와 근역을 향상 시킬 뿐만 아니라, 감정의 기복 및 불안 감소, 통제력과 조절 능력, 집중력과 기억력 증진, 심신의 균형과 발전을 극대화 시키는 효과를 가져다 줄 것이다.",
GEN9017,교양태권도및호신술,3,교양선택,1,1,ERICA 대학," 수업과정은 20년 이상의 무술수련과 실전의 경험을 바탕으로 학생들을 위하여 태권도(실전 타격술) 및 호신술(실전 유술- 컴벳주짓수) 기술을 운동역학적으로 이해하고 적응시키는데 있으며, 호신술의 완성을 위하여 신체운동과 과학적 트레이닝 방법으로 체력을 완성함에 있다.
 부연하면, 누구나 태권도 및 호신술 수업 후, 강한 체력트레이닝 방법을 이해하고, 유사시 효율적으로 자기 자신을 방어 할 수 있도록 한다.
",
GEN9018,디지털포트폴리오,3,교양선택,1,1,ERICA 대학,"본수업은 디지털 기술을 접목한 포트폴리오 작성 방법에 있어 웹, 영상, 이미지, 기타 자료들을 처리하는 방법을 배우고  나아가 자신만의 개성있는 포트폴리오를 작성해본다. 이미 미국에서는 입사서류에 sns계정주소를 적는것이 일반화되었으며, 그 사람에 대한 평판을 네트워크를 통해 전문성을 검증하고있다. 따라서 과거의 포트폴리오에 대한 관점을 버리고 시대적 환경에 적합한 개성있는 포트폴리오를 작성할 수 있는 역량을 키운다",
GEN9022,ERICA창의나눔프로젝트,3,교양선택,1,1,ERICA 대학,"[우리가 직접  만드는 자원봉사, 우리가 꿈꾸는 공동체]
본 수업은  자원봉사의 새로운 패러다임을 고민하고 기획하는 이론-실습 결합형 수업이다. 일반(이론) 강의는 팀 프로젝트 활동에 필요한 기초적인 지식제공과 태도형성을 위한 수업으로 담당교수는 물론 지역 활동가 등 교내외 전문가들이 참여한다.
팀 프로젝트(실습)는 지역사회와 지역 내 사회봉사단체가 안고 있는 다양한 문제점을 발굴, 그 해결방안 또는 대안을 제시하는 협동학습으로 약 5인 규모의 팀으로 구성된다.
프로젝트 결과물은 지역사회와 유관 단체에 제공되거나, 사회봉사단의 협조와 지원을 받는 봉사프로그램으로 채택되 어 실천으로 이어진다.
본 수업 참여학생은 본교 사회봉사단이 지정하는 자원봉사 장학 프로그램에 우선 선발 기회를 갖는다.
",
GEN9023,나를찾아가는여행,3,교양선택,1,1,ERICA 대학,"에니어그램 도구를 통하여 자신의 성격유형을 발견하고 각 유형의 특성을 살펴봄으로써 자신과 타인의 관계를 이해하고 성숙을 향해 나아가는 과정이다.
1. 에니어그램으로 자신과 타인의 성격을 파악하고 이해하는 것이 얼마나 중요한지에 대해 안다.
2. 에니어그램 성격유형의 특징 및 장단점 등의 각 성격유형에 대해 체계적으로 학습한다. 
3. 에니어그램을 통해 자기를 성찰하고 자신의 인성을 개발하여 창조적인 삶을 살 수 있도록 돕는다. 
",
GEN9024,동서양철학과인권의식,3,교양선택,1,1,ERICA 대학,"모든 인간이 ‘인권’을 갖는다는 것은 이미 상식이 되었다. 국제적으로는 각국의 인권 수준이 그 국가의 발전 수준을 가
늠하는 기준이 되었으며, 국내적으로는 여성, 성소수자, 장애인, 청소년에 대한 차별 등이 ‘인권’의 이름으로 이슈화되
고 있다. 따라서 ‘인권’에 대한 교육과 이해는 우리 사회의 다양한 문제를 바라보는 시선 형성과 우리 사회의 발전에 기
여할 것이다.
본 강좌에서는 현재의 ‘인권’ 성립에 영향을 준 서양 근현대 철학사상과 동양철학에서 드러나는 인권 의식들을 다룰 것
이며, 이를 통해 ‘인권’에 대한 학생들의 이해를 넓히고자 한다.
**별도의 교재는 없다. 강의전에 강의안을 학생들에게 제시할 것이며, 해당 주제에 관한 참고서적을 소개할 것이다.",
GEN9026,생활속의인권,3,교양선택,1,1,ERICA 대학,"모두가 누려야 할 인권, 인간 존재의 보편적 가치로서 누리고 행사하는 인권이 오늘날 우리 사회의 어떤 요소와 영향을 주고받고 있는지를 알아보며, 이를 통해 나의 인권이 무엇인지 알고, 나아가 타인의 인권을 지키고자 실천할 수 있는 능력을 설계할 수 있다.",
GEN9028,뉴스영어따라잡기,3,교양선택,1,1,ERICA 대학,"최근의 시사 상식과 뉴스 영어 읽기의 생활화를 도모하고자 개설된 과목이다. 어려운 뉴스 영어를 보다 쉽게 접근하기 위해 신문 영어의 특징, 구조 그리고 빈번하게 등장하는 생생 영어 표현들을 익혀 영어를 생활하기 위한 기본적인 발판을 제공하는데 도움을 줄 것이다.",
GEN9032,빅데이터이해와분석(ADsP)(클러스터),3,교양선택,1,1,ERICA 대학,"데이터 터리 및 분석을 통한 데이터의 가치 활용을 이해하여
빅데이터 기획 및 분석 직무에 필요한 지식을 습득하고
실제 데이더 수집 및 분석을 통하여 데이터 분석 전문가의 직무에 대한 이해를 높인다.",
GEN9034,TED_Talks_영어,3,교양선택,1,1,ERICA 대학,"TED Talks can help students make connections, develop their critical thinking, and gain global perspectives on various topics. The talks serve as a launching point for engaging in rich discourse and debate, as well as for students to deliver their own short 3-minute TED-style talks, applying techniques learned throughout the course.

The TED Talks will be interesting and stimulating for students, assisting in the development of their ideas and providing the language skills needed to express themselves effectively. TED is a nonprofit organization that stands for Technology, Entertainment, and Design. TED Talks are videos from influential global thinkers presenting at TED conferences. They offer a wide variety of informative, educational, and inspiring talks on new ideas, covering topics from science to business to global issues. TED Talks are 18 minutes or less and are relevant to a broad international audience.
",
GEN9100,IoT이해와활용,,전공핵심,,,신산업소프트웨어전공,아두이노를 이용한 사물인터넷 프로그래밍을 학습한다. - 사물인터넷에 대한 개념 습득 및 시스템 구성 관련 지식의 습득 - 아두이노를 통한 소프트웨어 개발 능력 습득 - 사물인터넷 기기 제작을 위한 부품 지식을 습득한다.,
GEN9101,K-POP비즈니스의세계,3,교양선택,1,1,ERICA 대학,"케이팝 산업의 폭넓은 이해를 통해 글로벌 엔터테인먼트 산업에 대한 통찰력을 획득할 수 있도록 하기 위한 강의입니다. 
한류 현상과 케이팝 산업의 복잡한 구조를 쉽고 폭넓게 이해할 수 있도록 하고 케이팝의 성공 요소와 동향을 분석하여, 학생들이 산업 내에서 미래를 예측하고 대응할 수 있는 능력을 강화하고자 합니다. 또한, 전략적 마케팅과 아티스트 관리 전략 등 산업에서 중요한 역할을 하는 주제를 다루며, 아티스트 인큐베이팅 시스템을 직접 경험할 수 있도록 실습 트레이닝과 실무 지식을 함양하도록 특강을 진행합니다. ",
GEN9103,가치관과정의,3,교양선택,1,1,ERICA 대학,"가치관과 정의 문제는 현재 동, 서양의 학문 분류상 철학의 주제로 주요 다뤄진다. 이에 학생들은 철학에 대한 기본 정의를 배운 다음, 고대부터 지금까지 인간 사회에서 널리 수용된 여러 가치관들에는 어떤 것이 있는지 공부한다. 학기 초반에는 서양 고대의 도시국가인 ‘폴리스 안에서의 인간’이라는 공동체 중심적 가치관부터 중세 시대의 신-중심적 가치관, 근대의 개인주의-민주주의 가치관, 자본주의적 세속사회와 오늘날의 후기-세속사회의 가치관과 한 가지 대안적 삶으로서의 예술적-미학적 삶이 무엇인지 배우고, 이와 더불어 동아시아에서 주로 형성된 유교적 인(仁)과 도가적 도(道)의 가치관 및 불교의 공(空)의 가치관이 무엇인지 습득한다. 학기 후반에는 이런 다양한 가치관들을 기반으로 삼아 형성된 윤리적-사회적 정의관들에 대해 공부한다. 공리주의, 자유주의, 의무주의, 공동체주의, 사회주의 정의관 등을 배운다. 마지막으로 이런 가치관과 정의론에 대한 이해를 기반으로 삼아 오늘날의 4차 산업혁명시대를 살아가는 바람직한 태도에 대해서도 간략하게 반성해본다.",
GEN9105,고급영어작문,3,교양선택,1,1,ERICA 대학,본 강의는 학생들에게 실무 그리고 학문 분야와 관련된 체계적인 영어 쓰기 능력을 갖추고 향상시키는 데 도움을 준다. ,
GEN9107,관계의기술,3,교양선택,1,1,ERICA 대학,"""한 사람은 하나의 우주이다. 하나의 우주가 다른 우주를 완전히 이해하는 것은 어렵다. 뿌리부터 다른 우리는 같은 종(種)이라 해도 다른 존재이다. 타인은 늘 어렵지만, 타인과 좋은 관계를 유지하기 위해서는 역설적이게도 자신에 대한 이해가 선행되어야 한다. 대인 커뮤니케이션은 인간 관계에 다양한 현상에서 일정한 규칙을 발견하고 이론으로 제시하고 있다. 100%의 원칙은 아니지만 이러한 이론을 통해 대략적으로 인간 관계를 이해하고, 앞으로의 방향을 예측할 수 있다.
이 과목은 딱 맞는 옷을 입은 것처럼 스스로 편안함을 느낄 수 있는 인간 관계의 상태를 찾아가는 탐구이다. 모든 사람들이 적극적이고 폭 넒은 인간 관계를 맺을 수 없고, 그럴 필요도 없다. 인간 관계에서 탐지되는 다양한 변수를 이해하고 이러한 변수들이 작용해 나가는 일정한 규칙들을 발견한다면 한결 편안한 관계맺기가 가능할 것이다.""																				
",
GEN9108,교양스페인어,3,교양선택,1,1,ERICA 대학,"스페인어는 UN의 5대 공용어이자 세계 25개국 4억 이상의 인구가 사용하는 주요 언어입니다. 최근 한국과 중남미 국가들 사이의 교역이 크게 증가하면서 스페인어의 중요성이 커지고 있습니다. 미국은 히스패닉 인구(4천만)가 흑인 인구를 앞지르면서 부동의 제1외국어가 되었습니다. 이처럼 세계화의 흐름 속에 스페인어의 영향력과 중요성은 문화적으로나 정치경제적으로 높아지고 있습니다. ˂교양 스페인어˃ 강의는 처음 스페인어를 접하는 수강생들에게 스페인어의 기초 문법 및 기초 회화를 충실히 학습시킴으로써, 지속적 학습에 대한 자신감을 불어넣고자 합니다. 또한, 생활 속에서 직접 쓸 수있는 회화를 중점적으로 익힙니다. 학습 과정에서 재미있고 다양한 영상자료를 시청하고 스페인어 노래 등을 배움으로써, 스페인어권 문화를 체험하고 이해하는 기회를 갖고 스페인어 학습에 대한 동기부여를 높일 것입니다. 무엇보다도 수강생들이 즐거운 마음으로 새로운 언어와 문화를 접하는 시간이 될 것입니다.",
GEN9109,교양일본어,3,교양선택,1,1,ERICA 대학,"일본어의 입문과정으로 일본어의 문자인 히라가나, 가타카나를 시작으로 발음, 기본문형, 기본어휘를 중심으로 강의하며 일본어회화, 일본어 강독을 위한 기초문법을 익히는 것을 이 강의의 목표로 합니다. 나아가 일상생활에서 접하게 되는 일본어 표현과 문화적 요소에 관하여 학습함으로써 일본을 바라보는 균형 잡힌 시각을 제공합니다.",
GEN9110,교양크로스컨트리,3,교양선택,1,1,ERICA 대학,크로스 컨트리는 근대5종 경기의 하나로 야외에서 자연환경을 그대로 활용하여 달리는 경기를 통칭하는 표현으로 일컬어 진다.,
GEN9111,교양태권도,3,교양선택,1,1,ERICA 대학,"  본 강의는 대한민국 국기인 태권도의 발전과정을 배우고, 신체의 움직임뿐만 아니라 무도의 본질을 이해함으로써 태권도를 통한 심·신 수련의 효과를 제공한다.
  학생들은 본 강의에서 태권도의 기본동작, 품새, 겨루기를 배워 이를 탐구함으로서 움직임에 대한 원리를 과학적이고 체계적으로 익힐 수 있으며, 태권도의 실전 활용가치까지 교수하는 것이 범위에 포함 된다.",
GEN9112,교양프랑스어,3,교양선택,1,1,ERICA 대학,"이 입문반은 프랑스어를 전공하지 않았고 프랑스어를 배운 적이 없거나 처음부터 다시 시작하여 지식과 기술을 새로 익히고 싶은 완전 초보자를 위해 마련되었습니다. 프랑스어 회화에 익숙해지는 첫 번째 단계가 될 것입니다.  

이 수업의 목표는 제 2 외국어로서 프랑스어로 기본적인 의사 소통 능력을 개발하여 나중에 회화 능력을 향상시킬 수있는 강력한 기반을 구축하는 것입니다. 이 수업을 통해 학생들은 일상 생활과 직접 관련된 텍스트를 사용하여 문화적 맥락에서 언어를 경험하는 데 중점을 두기 때문에 프랑스 문화에 대한 지식을 넓힐 수 있습니다.

이 수업은 두 언어의 문장 구조가 비슷하기 때문에 프랑스어 문법에 대한 이해를 돕기 위해 영어로 진행됩니다.

학습 참여도(비율은 미정) = 수업 중 참여도(읽기, 교수의 질문에 대한 답변, 적극적인 경청 및 참여, 질문하기). 숙제(채점되지 않지만)도 학습 참여도에 반영됩니다(완료 여부 확인).",
GEN9113,교양피트니스트레이닝,3,교양선택,1,1,ERICA 대학," 2024학년도 체력트레이닝 즉, 피트니스트레이닝 수업의 개요는 웨이트 트레이닝과 수플레스 트레이닝에 대한 이론적 배경 및 정의와 웨이트 트레이닝 장비와 수플레스 장비를 이용한 트레이닝을 통하여 기초체력 및 전문체력 육성에 중점을 두어 계획적인 강화훈련을 통하여 운동능력(체력; 행동+방위)을 향상시키고자 한다.
 육체적, 정신적 건강을 통하여 대학 생활과 졸업후 취업에 건강과 자신감을 가지고 미래에 도전하며 창조로운 활동에 도움을 주고자 한다.
",
GEN9114,글로벌엔터테인먼트의세계,3,교양선택,1,1,ERICA 대학,"  엔터테인먼트 산업은 국가와 인종, 언어, 문화, 미디어를 초월하여 지속적으로 확장하고 있다. 그동안 서구권이 주도했던 엔터테인먼트 산업은 이제 전세계의 다양한 주체와 시장의 특수성이 반영되어 탈중심화되고 있으며, 미디어의 확장으로 콘텐츠는 다양한 방식으로 변화하고 있다. 
  이 강의는 글로벌 엔터테인먼트의 현황을 살펴보고 엔터테인먼트 산업의 구조를 이해하는 것을 목표로 한다. 다양한 콘텐츠들을 활용하여 엔터테인먼트 산업의 구조와 그 실체를 규명하는 과정이 될 것이다. 엔터테인먼트의 제작, 배급, 마케팅, 향유, 소비에 이르는 과정을 살펴보고, 비즈니스 사례를 통해 성공 전략을 추론해본다. 또한 글로벌 엔터테인먼트를 경제적인 시각뿐 아니라 사회적, 문화적 측면에서 분석하고 그 중심 가치를 확인한다. 
  이 과정을 통해 학생들은 엔터테인먼트 산업의 현황과 실체를 이해하고 엔터테인먼트의 기획과 실무로 연계되는 사업 가능성과 진로의 방향성을 새롭게 모색할 수 있다. ",
GEN9115,기업가정신과미래설계(해동메이커스),3,교양선택,1,1,ERICA 대학,"4차산업혁명시대에 필요한 기업가정신 함양과 창업과 관련된 개인의 역량 분석 및 경영전략 수립 방법, 기업경영에 있어서 조직 관리의 효율성, 그리고 사업계획서 작성방법을 알아봄.",
GEN9116,논리적으로생각하는능력,3,교양선택,1,1,ERICA 대학,"이 수업에서 학생들은 논리적으로 생각하는 기예를 함양하는 여러 과정들을 습득하게 될 것이다. 논리적 사고의 기본이라고 할 수 있는 논증의 기초 개념과 규칙들을 먼저 배움으로써, 토론하고 대화할 때 불필요한 오류에 빠지지 않는 법을 배우고, 더 효과적으로 토론하고 대화할 수 있는 역량을 길러갈 것이다. 이것이 단지 형식적인 공부에만 그치지 않기 위해, 2020년 현재 우리 사회에 논쟁점이 되고 있는 여러 토론거리들을 선정해서 해당 주제에 대한 찬반 양진영의 주장과 근거가 무엇인지 살펴본다. 그리고 그 주장과 근거가 어떤 점에서 타당하고, 어떤 점에서 부당한지 밝혀보는 시간을 가짐으로써, 학생들은 실제 우리의 삶의 여러 영역에서 논리적으로 사고하는 능력을 적용하는 능력도 함양하게 될 것이다. 결국, 우리의 논증의 힘을 삶의 기예로 전환시키는 쪽으로까지 확장시키는 것이 이 수업의 최종 목표라고 할 수 있다.",
GEN9117,뉴스바로보기,3,교양선택,1,1,ERICA 대학,현직 기자와 함께 한 주간의 주요 뉴스를 살펴보고 그 속에 담긴 의미와 맥락을 살펴보는 팀 프로젝트 토론 수업,
GEN9118,다문화와열린사회,3,교양선택,1,1,ERICA 대학,"세계화의 흐름 속에서 우리는 다문화 사회에서 살아가야만 한다. 이에 본 강좌를 통해 다문화에 대한 이해를 높이고, 국가, 인종, 민족, 종교, 성 등이 다양한 다문화 사회에서 조화롭게 살아가기 위해 필요한 역량을 함양하는 데 주안점을 두고 있다.
우리나라의 다문화 현황을 통해 우리나라에서 발견할 수 있는 다문화 사회의 특성을 전반적으로 다루고자 한다. 다문화 사회에서 시민으로 살아가기 위해 갖추어야 할 자질인 다문화 시민의식, 문화적 역량, 그리고 인권의식에 대하여 살펴보고자 한다. 
또한 다양한 이념, 사상, 그리고 가치관이 공존하는 다원주의 사회에서 공동체를 지탱하는 사회자본에 대해 살펴보고자 한다. 아울러 열린 사회를 지향하며, 포스트 코로나 시대에 만연해 있는 혐오와 불평등을 극복하기 위한 방안을 다각적으로 모색해 본다.
나아가 다름과 다양성이 존중하는 열린 다문화 사회에서 평화로운 공존을 위해 요구되는 다문화 교육과 다문화 교육 과정에 대한 폭넓은 이해와 실천을 추구하고 있다.
",
GEN9119,대학생을위한실용금융,3,교양선택,1,1,ERICA 대학,"- 대학생으로서 실제 금융생활에 필요한 다양한 금융상품, 관련 지식 및 금융거래시 유의사항 등을 학습",
GEN9120,도시와건축,3,교양선택,1,1,ERICA 대학,"인류의 정주 역사를 통해 인간의 존재 양상에 따른 건축의 발현 과정과 구축방식을 살피고, 건축이 모여 도시가 형성되는 과정을 이해하여 현재의 건축과 도시공간의 관계 및 구성 원리, 가치 등을 재인식하는 계기를 제공한다. '인간의 삶을 담는 그릇'으로서의 건축의 의미를 이해하는 과정에서 건축적 형태와 가치가 발현되는 과정을 살펴봄으로서 건축의 전반적인 이해와 건축공간을 통한 생활의 변화 가능성을 인식하는 기회를 갖는다. 나아가 건축물 및 외부 공간들이 모여 도시가 형성되는 과정을 살피고, 도시 내의 다양한 공간구성 요소와 공간의 특성을 이해하여 도시공간을 속에서 보다 확대되는 도시생활의 의미를 찾아본다. 
본 과목은 건축 관련 비전공 학생을 주 대상으로 진행하는 교양과목의 특성을 고려하여, 건축 전공학과에서 다루는 세부적인 전문 전공 내용보다는 비전공 학생들의 건축에 대한 일반적이고, 전반적인 내용으로 구성하여 건축에 대한 손쉬운 이해와 흥미로운 접근을 위해 우리의 '일상에서 만나는 건축과 도시'의 관점으로 구성된다. 이를 위해, 건축과 도시의 원활한 이해를 위해 세 가지의 주제로 구성하여 단계별로 학생들이 자신의 ‘도시와 건축’에 대한 생각을 정립해 갈 수 있도록 구성 된다.  
수업은 다음과 같은 단계별 주제수업으로 진행
1. '세계-내-존재'로서의 인간의 존재양상을 통한 건축화와 거주환경 구축의 이해(건축과 도시의 전반적/개념적 이해_인문학적 관점을 중심으로)
2. 건축의 전반적인 이해(건축의 기본적인 개념과 의미, 구축현상을 통한 건축의 전반적인 이해)
3. 건축과 도시의 관계 및 도시건축의 의미/필요성 이해(도시와 건축의 관계, 건축의 집합화로 인한 도시화를 통한 도시건축의 전반적 이해)
*각 주제수업 단계별로, 건축 및 도시 읽기, 문화•예술공간으로서의 건축•도시공간 읽기 등을 통해 도시 속 건축물 및 도시공간에서 나의 생활이 다양하게 영위될 수 있음을 찾아보는 체험과정을 수행한다. 
*˂영화•예술 속 건축과 도시 이야기 찾기˃˂내가 살고 싶은 집 그리기˃ 등의 체험수업을 통해 건축(도시) 공간 속에서 나의 생활과의 관계성을 인식하고, ˂건축•도시 답사/체험˃ 과정을 통해 건축과 도시공간과 친해지기, ˂내가 함께하는 도시건축 이야기˃˂우리동네 지도그리기 및 소개하기˃ 등의 실습/체험 과정을 통해 나의 생활과 도시공간과 관계맺기 등 일상에서 함께하는 건축•도시공간으로서의 실질적인 이해와 생활과의 관계성을 인식하여 보다 확대된 어반라이프를 인식하는 계기를 진작한다.",
GEN9121,동양근현대사,3,교양선택,1,1,ERICA 대학,"동아시아의 중심을 이루고 있는 한국, 중국, 일본은 고대부터 현대까지 독자적인 역사를 형성해 오면서, 한편으로 끊임없이 상호 관계를 맺으며 동아시아 역사를 형성해 왔다. 한국, 중국, 일본은 고립된 존재가 아닌 상호 연계된 존재인 것이다. 이에 본 강좌에서는 서양과의 개항, 중일전쟁, 태평양전쟁, 중화인민공화국 성립 등 역동적으로 전개된 동아시아의 근현대사를 각 나라의 상호연계 속에서 파악하고 이를 통해 앞으로 21세기 동아시아가 나아가야 할 방향성을 파악한다.
",
GEN9122,동양사상의이해,3,교양선택,1,1,ERICA 대학,"19세기말 개항기 이후 우리 사회는 서양의 영향권 하에 속하게 되었고, 이후에 지속된 서구화는 정치, 경제, 교육 등
문화 전반에 걸쳐 이뤄졌다고 할 수 있다. 우리에게 근대화는 서구화의 다름 아니었고, 인권, 민주주의 등의 가치 역시
서구의 그것이었다. 그런데 이런 서구화의 과정에서 우리의 전통적인 사상이나 가치는 서구적, 근대적 사회를 건설하
는 데 저해요소로 취급되는 경향이 있었던 것이 사실이다. 그리고 그 원인은 서구에서 유입된 인권, 민주주의 등이 전
통적인 사상이나 가치와 배치된다는 사고에 기인한다고 할 것이다.
물론 현재 우리가 누리고 있는 인권, 민주주의 등은 필수적인 중요한 가치이며, 이를 지켜내기 위한 과거와 현재의 노
력은 평가받아 마땅하다. 그런데 우리의 전통적인 사상이 과연 이러한 가치와 배치되는가에 대해서는 신중히 생각해
야 한다. 그리고 혹시라도 배치되는 것이 있다고 하더라도, 그러한 사상이 여전히 우리의 의식 속에 잔존하고 있다면,
그것을 무작정 무시하고 배척하기 보다는 그에 대한 정확한 앎이 필요하다. 그래야만 우리 의식 속의 그러한 사상의
잔재를 청산할 수 있을 것이다.",
GEN9123,디지털미디어리터러시,3,교양선택,1,1,ERICA 대학,"디지털미디어리터러시는 메시지를 이해하고 해독하는데 그치는 것이 아니라 디지털미디어가 메시지를 어떻게 구성하고 생산하며 유통하는지에 대한 전반적인 이해력 향상을 포함한다. 그러므로 이 수업은 전반부에 디지털미디어리터러시에 대한 개괄적인 내용을, 후반부에는디지털미디어 분야별 탐색을 진행한다. ",
GEN9125,린스타트업프로세스(해동메이커스),3,교양선택,1,1,ERICA 대학,"현대사회를 살아가는 대학생들에게 취업을 할 것인가, 창업에 도전해 볼 것인가는 심각한 고민이다. 본 교과목에서는 취업과 창업에 공통적으로 도움이 될 수 있는 '린스타트업'을 학습한다.

'린스타트업'은 국내 및 글로벌 기업에서 신규사업 기획 등에 사용되기도 하며, 창업 분야에서는 스타트업 기업들이 리스크를 최소화하며 높은 성과를 내기 위한 목적으로 사용되고 있다. 대학생들에게는 소자본 또는 무자본으로 성과를 낼 수 있는 창업 방법론으로 활용된다.

'린스타트업'을 학습한다면 대학생 생활 중 리스크를 최소화하여 창업에 도전 해 볼 수 있는 방법론을 학습할 수 있으며, 추후 취업 및 다양한 환경에서 활용할 수 있는 실전 경험을 쌓을 수 있다.

본 과목은 대학생 창업동아리에서 시작하여 대기업 취업, 퇴사 후 창업을 경험한 현직 사업가의 실전 및 실무 노하우 중심으로 운영된다.",
GEN9126,문명과건설환경,3,교양선택,1,1,ERICA 대학,"- 본 과목은 환경과학 및 기술(Environmental Science and Technology)에 관한 입문으로, 인간이 개발을 통해 환경과 생태계에 끼친 부정적 영향의 원인과 결과가 무엇인지 알아보고 예방적 수단으로의 자연과학/공학적 자세에 대해 생각하는 시간을 제공하고자 합니다. 
- 특히, 최근 이슈화 되고있는 환경문제와 이에 대처하는 지속가능한 개발의 필요성 및 자연에서 바라보는 환경에 중점을 두고 강의 합니다. 
- 강의는 PPT 자료를 통해 수업하며 강의 후 질의/응답을 통해 사고력을 증진시키고자 하며 강의말에는 환경분야에 주제를 정해 개인별 Term paper를 제출합니다. 이를통해 환경이라는 주제에 대한 문제의식, 내용구성등을 종합적으로 판단하고자 합니다.
- 강의의 주요 내용은 산업화와 개발을 통한 환경오염 및 기후변화등에 대한 문제를 중점으로 살펴보고자 합니다. 
- 문명의 발전에 대한 인문학적인 강의가 아닌 자연과학 및 환경공학의 관점에서 강의를 진행하므로 인문학적인 내용을 듣고자하는 학셍들은 본 수업에 참여하는것을 지양해주시길 바랍니다.",
GEN9127,문화콘텐츠로읽는페미니즘,3,교양선택,1,1,ERICA 대학,"이 수업은 우리를 둘러싸며 부지불식간에 ‘나’의 상징계를 작동시키고 영향을 미치는, 일상에서 즐기고 있었던, 그래서 아무 생각 없이 소비했던 다양한 문화콘텐츠들을 톺아보는 시간다. 
- 이때, 우리는 페미니즘이라는 철학이자 운동을 중심으로 우리 사회의 대중문화에 나타난 젠더 재현을 살펴보고, 이로부터 우리사회의 성인식 문제가 처해온 현실을 알아본다. 
- 대중문화 속에 재현된 여성, 소수자 등의 다양한 양태들이 어떻게 태를 이루며 진행되어 왔는지 살펴보고, 현재 우리사회의 재현이 가진 문제점을 도출해 냄으로써 최종적으로는 “나”의 정체성을 만들어간다. ",
GEN9128,뮤지컬의세계,3,교양선택,1,1,ERICA 대학,"본 강좌는 음악이 갖는 시간성과 공간성에 대한 문제를 생각하면서 서양에서 발생한 뮤지컬이 오늘날 우리에게 어떤 의미인지, 어떤 역할을 하는지 등에 대해 해석하고 설명할 수 있는 능력을 배양한다. 더불어 뮤지컬 작품 속에 반영된 사회적 현상이 음악, 대사, 연기, 무대장치 등을 통해 어떻게 드러나고 있는지를 분석하여 보다 심화된 향유가 가능하도록 유도한다. 이를 통해 현 사회에서 뮤지컬이 무엇을 이야기하고 싶어하는 것인지에 대해서도 탐구한다. ",
GEN9129,미술로시대읽기,3,교양선택,1,1,ERICA 대학,"본 강의는 19세기 이후 중요한 역사적 사건과 사회적 변화를 중심으로 현대미술의 변화 과정을 살펴본다. 모더니티 사회의 형성과 사진기술의 확산, 두 차례의 세계대전, 그리고 이후 대중소비사회의 발전과 같은 중요한 시대적 변화가 현대미술의 조형적 변화에 어떠한 영향을 주었는지를 살펴봄으로써, 현대미술사의 전반적 흐름을 파악하는 것은 물론 미술이 각 시대와 밀접하게 연관된 사회적 산물임을 이해하는 계기를 마련할 것이다.  
 ",
GEN9130,미학입문,3,교양선택,1,1,ERICA 대학,"사람들은 종종 미(美), 곧 아름다움과 아름다운 삶의 중요성을 충분히 이해하지 못한다. 하지만 선사시대 동굴을 발굴해도 초보적인 그림이나 작품이 나오는 경우에서 보듯이, 인간은 아름다운 창작물과 분리되어 살아본 적이 없다. 왜냐하면 거의 대부분의 사람들이, 그 구체적인 형태는 다르지만, 아름다운 것을 추구하며 살았기 때문이다. 이 강의에서 학생들은 아름다움이 무엇인지, 예술이 무엇인지를 묻는 미학에 대한 역사적, 이론적 이해를 통해 아름다움이 무엇이고, 그것이 왜 중요한지를 배울 것이다. 미학 이론의 깊은 이해를 위해서, 역사적으로 위대한 철학자들이 아름다움에 관해 어떻게 생각했는지 파악할 것이다. 또한 학생들의 이해를 돕기 위해 강의 중간마다 필요할 경우 예술작품의 예시를 들며 학생들이 실제적으로 아름다움이 무엇인지 반성할 기회도 제공할 것이다. 이러한 배움을 통해, 학생들은 아름다움이 무엇이고, 그것이 왜 중요한지, 그리고 아름다움을 향유하는 방식에는 무엇이 있는지를 배우게 될 것이다.",
GEN9131,불확실한세상과통계학,3,교양선택,1,1,ERICA 대학,"이 수업은 SPSS 통계 패키지를 활용하여 사회의 각종 현상을 과학적으로 분석하는 방법을 실용적으로 다루게 될 것입니다. 
각종 통계치를 시각화하여 제시해 주는 SPSS는 수학과 통계적 지식이 없는 인문학도와 사회과학도도 유용하게 활용할 수 있는 매우 쉬운 통계 프로그램입니다. 
따라서 이 수업을 수강한 학생들은 사회의 각종 현상을 과학적으로 측정하고, 분석할 수 있게 될 것입니다. 
또한 사회조사분석사 2급 실기 시험을 효과적으로 준비하는데 도움을 얻을 수 있을 것입니다.",
GEN9132,스타트업UI/UX,3,교양선택,1,1,ERICA 대학,"비즈니스 UX / UI는 수업은 사업 아이디어의 비즈니스 모델 이해를 통해 하나의 사업계획서를 만들어 가능 과정 수업입니다. 
비즈니스 모델 이해와 사업계획서의 작성은 바로 사업 아이어를 구현하고 기업의 핵심가치를 모델화 하여 해당 사업을 검증해 가는 것이 가장 중요 합니다. 
기존 시장의 비즈니스 모델과의 차별화된 접근 방식으로 신규사업의 아이디어, 기업의 가치창출, 고객발굴과 벨류에이션을 실습하여 하나의 수익 모델을 창출하는 비즈니스를 만들어 보는 수업입니다. 
아이디어를 중심으로 팀별을 이뤄지는 수업입니다. (1인 신규창업 계획자도 신청 가능)
수업시 배운 내용을 기반으로 하나의 사업계획서를 완성하는 것이 본 수업의 핵심 과정이니 해당과정을 성실히 수행할 수 있는 학생들의 많은 참여 부탁 드립니다. ",
GEN9133,빅데이터의기초(클러스터),3,교양선택,1,1,ERICA 대학,"빅데이터의 개념을 이해하고 데이터의 처리와 분석방법을 통해 
데이터의 가치와 활용을 이해하여 빅데이터 기획 및 분석 직무에 필요한 지식을 습득한다.",
GEN9134,서양근현대사,3,교양선택,1,1,ERICA 대학,""" 본 강의는 근대부터 현대까지 서양문명의 역사를 개관한다. 이를 통해 학생들은 서양문명사의 전개 과정을
이해하고, 과거가 결코 단절된 역사가 아니라 현재와 끊임없이 소통하며 현서양의 정치 문화 사회를 형성하는데 한몫을 해내고 있다는 사실을 배운다. 이 강의는 여행, 일상, 오락, 종교, 결혼, 사랑, 가정, 여가생활, 공론장, 제국의 대중문화 및 식민지인들의 삶을 화두로 ‘작은 것’을 때로는 ‘피지배자’를 통해 유럽 역사를
보려고 한다.   
  수업소개 링크  :  https://youtu.be/9RfZeaLJwUw ",
GEN9135,서양사상의이해,3,교양선택,1,1,ERICA 대학,"서양사상에 대한 이해를 통해, 우리는 서양 문명의 단면을 알 수 있을 뿐만 아니라, 우리 사고에 이미 자리 잡고 있는 서구적 사고방식에 대한 이해도 갖게 될 것이다. 또, 서양사상 내에서 이루어진 합리성에 대한 비판을 검토해 봄으로써 현재 우리의 모습을 돌아보는 계기를 마련할 수 있을 것이다.",
GEN9136,소통의수사학,3,교양선택,1,1,ERICA 대학,"수사학은 언어적 형태의 소통을 연구하는 학문이다. 고대 그리스에서 태동한 수사학은 플라톤, 아리스토텔레스 등이 주목한 학문으로 인간 삶의 필수적인 소통에 대한 지식을 알려주며, 생각과 말과 행동을 조화롭게 하여 올곧은 품성을 갖게 해주는 종합 학문이다. 따라서 본 교과목에서는 수사학에 대한 기본 개념부터 다양한 매체를 통해 수사학이 어떻게 적용되며, 특히 소통의 부분에서 지켜야 할 윤리적 태도도 배우고자 한다.",
GEN9137,소프트웨어와인문비평,3,교양선택,1,1,ERICA 대학,"*본 수업은 소프트웨어를 가르치는 수업이 아니라 인문학적으로 고찰하고 비평하는 수업입니다. 인문계열이나 이공계열 학생 모두 가볍게 수강할 수 있습니다.
*우리는 소프트웨어를 사용하는 것이 아니라 소프트웨어 속에 살고 있다. 소프트웨어는 단순도구가 아니라 인간의 신체에 육박하는 인공보철물로서 작동하며, 인간의 의식과 인성을 근본적인 차원에서부터 바꾸고 있다. 점차 심화되어가는 소프트웨어와 인간 신체 간의 공진화 과정에 대한 탐구가 필요하다. 소프트웨어들이 새롭게 선사하는 컴퓨테이셔널 씽킹의 과정을 훈련함으로써 문서도구와 생각의 방식간의 연관관계를 인문학적인 방식으로 분석, 예측한다. 그동안 소프트웨어를 오로지 그 즉각적인 사용가치를 검토하는 방향으로만 비판했다면 이 강의에서는 소프트웨어를 사용하면서 변경된 우리의 실제 삶과 의식을 성찰하는 훈련을 꾀한다.",
GEN9138,스타트업성장컨설팅(해동메이커스),3,교양선택,1,1,ERICA 대학,"내가 발굴한 고객의 문제를 해결하기 위해 팀빌딩 및 협업을 통해서 비즈니스 모델과 사업화전략을 수립하고, 최종적으로 사업계획서를 작성하고 발표해 보는 창업 실습 및 토론형 수업",
GEN9139,스페인사회와문화,3,교양선택,1,1,ERICA 대학,"스페인 민족의 형성과정과 그들의 문화가 어떻게 다른 문화와 상호적으로 혼합되었는지 알아본다. 현재 교통과 통신의 발전으로 다른 문화와의 교류가 증가하고 이질적인 문화를 수용하는 일이 어느 정도 자연스러워졌지만 아직 진정한 세계화는 이루지 못하고 있는 것이 사실이다. 이 과목을 통해 영미, 중일권에 치우친 편협한 시각을 뛰어넘어 세계를 포괄적, 객관적으로 불 수 있는 넓은 시야를 가질 수 있기를 기대해 본다.  ",
GEN9140,시민의식과불평등,3,교양선택,1,1,ERICA 대학,"민주사회에서 우리는 모두 시민으로 살아가고 있다. 시민으로 살아간다는 것은 시민의 형식적 지위 이상의 내용성이 요구되는 데, 이것이 시민의식이다. 본 강좌에서는 민주사회의 역량 있는 시민을 양성하기 위하여 시민이 갖추어야 할 자질인 시민의식(예. 인간 존엄성, 자유와 평등, 정의, 시민참여, 관용, 시민불복종 등)에 대한 이론 및 다양한 영역에서 실천 가능한 시민의식의 적용 등을 다루는 데 주안점을 둔다. 아울러 본 강좌는 정의와 불평등에 관한 다양한 이슈를 다양한 정의론적 관점에서 조망하고자 한다.",
GEN9141,실용스페인어,3,교양선택,1,1,ERICA 대학,좀 더 실용적인 표현 위주의 스페인어를 배울 수 있는 강좌입니다. ,
GEN9142,실전창업(해동메이커스),3,교양선택,1,1,ERICA 대학,"창업 실무를 학습하고자 하는 창업준비생, 창업을 계획하고 있거나 또는 창업 아이템을 보유하고 있는 예비창업자들을 대상으로, 
성공적 창업 및 사업 전개의 각 단계에서 필요로 하는 주요 창업 실무를 학습하여 자신의 창업역량을 개발하고 증진하도록 한다. 
또한 실무적 실습을 통해 창업가의 비즈니스 관리 실무 역량을 개발할 수 있도록 학습한다.",
GEN9143,애니메이션세미나,3,교양선택,1,1,ERICA 대학,"* 이 강좌는 대면수업이지만, 학교방침 혹은 방역당국의 방침에 따라 변동될 수 있습니다. 
- 보강은 줌 실시간, 혹은 녹화강의로 대신합니다. 
 
* 강의 계획서는 학생들의 수강이 완료 후 학생 수, 인적 구성 등에 따라 변경될 수 있으며, 변경할 경우 2주차에 다시 공지할 예정입니다. 
* 이 강좌는 주로 일본 애니메이션을 대상텍스트로 합니다. 

이 수업은 애니메이션을 단순히 매체적 관점에서 분석하거나 기술적으로 접근하는 것이 아니다. 애니메이션은 사회, 문화 현상의 하나로 배태된 문화적 산물로 탄생하였으며, 따라서 여러 제반 조건들과 함께 환경적으로 분석하는 것을 전제로 한다. 이러한 관점에서 우리시대에 대두된 세대론과 그 특징을 애니메이션을 통해 접근하는 방법을 취함으로써 우리가 현재 서 있는 '지금-여기'의 공간을 이해하고자 한다. ",
GEN9144,연극의세계,3,교양선택,1,1,ERICA 대학,"본 교과목에서는 연극을 중심으로 공연예술사에 대한 지식을 습득한다. 또한 공연예술에 대한 폭넓은 관람 기회를 갖지 못한 학생들에게 공연예술을 직접 관람할 수 있는 기회를 제공하며, 관객으로서 이들 예술을 능동적으로 감상하고 소화할 수 있는 예술 철학적 기반을 학습할 수 있도록 한다. 과거와 현재의 공연예술에 대한 고찰로 인간의 다양한 표현방식을 알아보고 다각적이고 창의적인 사고를 통해 현대를 이해하는 시각을 키우는 동시에 우리 삶에 적용해 보는 기회를 제공한다. 아울러 팀플을 통해 공연에 대한 자신의 생각을 적극적으로 전달하고 남들과 토론을 통해 공유할 수 있도록 해본다. 공연예술 관람을 통해 여러 작품에 대한 식견을 넓히고 비평할 수 있다.",
GEN9145,영문법의이해,3,교양선택,1,1,ERICA 대학,"영문법에 대한 이해를 도모하는 교과목으로서, 정확하고 효율적인 영어 구사를 위하여 구문 및 품사별로 중요한 문법 사항을 설명하고, 그에 관한 문법 문제를 풀이한다. 본 교과목은 문법 이해에 적합한 예문을 제공함으로써, 학습자가 문법 지식을 반복하여 익히고, 다양한 문제를 접하면서 스스로 문법적인 오류를 찾아내고 수정해 나가는 방식에 주안점을 두고 있다. 이를 통해 학습자는 문법 원리에 대한 기본적 이해와 더불어 영어 능력 시험에 대한 실전 능력을 기르게 될 것이다.",
GEN9146,영미사회와문화,3,교양선택,1,1,ERICA 대학,"  본 과목은 영/미의 역사, 문화, 교육 등 영/미 전반에 관한 이해를 도모하기 위해 설계된 과목이다. ",
GEN9147,영화속심리학,3,교양선택,1,1,ERICA 대학,"영화는 인간의 심리를 탐구하고 이해하는 데 매우 유용한 매체이다. ‘2시간의 인생’이라고도 불리는 영화는 우리가 한정된 시간과 공간의 제약 속에서 미처 경험할 수 없는 다양한 인생사를 간접적으로 체험할 수 있게 해주고, 이를 통해 우리는 세상을 더 깊게 이해할 수 있다. 심리학 또한 마음을 연구하는 학문으로, 학자들이 밝힌 다양한 인간의 심리 법칙은 영화 속에서도 그대로 반영되어 나타난다.
다양한 영화들 속에서 찾을 수 있는 마음의 작동 원리는 무엇일까? 본 교과목은 단순한 흥미 위주의 ‘관람’을 넘어서, 영화를 더 깊고 풍부하게 ‘감상’할 수 있는 심리학적 소양을 기르고, 더 나아가 나와 내 주변, 우리 사회를 바라보는 성숙한 시선을 갖추는 계기를 제공한다.",
GEN9148,영화의세계,3,교양선택,1,1,ERICA 대학,"  현대 사회에 있어 영화만큼 대중적인 매체는 없다. 백여년의 짧은 역사를 갖고 있음에도, 영화의 역사는 끊임없이 이어지고 있다. 전쟁, TV의 발명에서 인터넷을 통한 VOD시스템까지, 영화산업을 파괴할 것처럼 보였던 모든 위기를 가볍게 극복하고 있다.  영화 매체가 이전의 전통적인 양식들에서 떨어져나와 자신 만의 영역을 일궈가며 발전하는 과정을 종합적으로 살펴볼 것이다.  ",
GEN9149,운동과웰니스,3,교양선택,1,1,ERICA 대학,"운동을 통한 자기주도적인 건강 관리를 위해서 성공과 행복을 목표를 하고 신체와 뇌를 단련시키는 웰니스를 통 단순한 질병 예방과 수명 연장이 아닌 현대 사회에서의 삶의 질을 향상시키는 자기주도적 운동 실천을 한다, 이를 통해 운동의 가치를 향상시키고 건강과 함께 윤택하고 건강한 사회공동체를 이룰 수 있는 과학적으로 검증한 최적의 운동을 제공한다. ",
GEN9150,웹툰의세계,3,교양선택,1,1,ERICA 대학,"*본 강좌는 강의수업, 조별모임을 통한 ai웹툰제작이 있을 수 있음. 1주차에 구체적인 내용을 설명할 예정임. 
*본 강좌는 내용이 어렵고 지루합니다. 웹툰은 잠들기 직전에 볼 때가 가장 재밌고, 수업으로 들을 때 가장 지루합니다. 이 강좌는 웹툰을 단순히 킬링타임용의 콘텐츠로 소비하는 것이 아니라, 인문학적 사유를 바탕으로 이해하고자 하는 강좌입니다. 따라서 각 주차별 해당 작품을 다소 무거운 주제로 논의되며, 이에 따라 내용이 지루하고 어렵습니다. 강좌 선택시 반드시 유념해주시기 바랍니다. 

*본 강좌는 수강신청이 끝난 후 학생수, 학과 등을 고려하여 개강 후에 약간의 변경이 있습니다. 변경된 강의계획서는 1주차 오리엔테이션에서 학생들의 의견을 청취하고, 그에 따라 수정될 가능성이 있습니다.  따라서 각 주차의 확정된 강의계획서는 3주차부터 제공됩니다. 


**1주 수업 이후 구체적인 텍스트는 변경 가능성 높음. 

웹툰과 그를 둘러싼 환경학적 분석을 통해 웹툰을 문화적 현상으로서 이해하며, 주요 작품 읽기를 통해 인식의 지평을 넓히는 데 목적이 있다.  ",
GEN9153,자연과건축,3,교양선택,1,1,ERICA 대학,"인간의 정주역사는 자연과의 관계맺음으로 시작되어 수세기를 거쳐 현재에 이르고 있다. 자연환경의 중요성은 일부 건축과 도시의 발전 과정을 통해 무시되거나 우선순위에서 밀리기도 했지만, 현재에 있어서는 오히려 건축과 도시의 발전보다 우선적으로 고려되는 경향에 있다. 무엇이 더 중요한 것인가의 문제를 떠나, 자연과의 조화를 이루는 건축(거주)환경 구축의 필요성을 인식하여 자연환경과 조화로운 공존을 모색하는 건축의 다양한 과정과 방법 등을 살펴봄으로써, 자연과 함께하는 미래의 건축환경 구축의 가능성과 자연과의 조화를 추구하는 지속가능한 세계를 지향하려는 인식의 제고 및 필요성, 나의 역할을 논의한다.
본 과목은 건축 관련 비전공 학생을 주 대상으로 진행하는 교양과목의 특성을 고려하여, 건축 전공학과에서 다루는 세부적인 전문 전공 내용보다는 비전공 학생들의 건축에 대한 일반적이고, 전반적인 내용으로 구성하여 건축에 대한 손쉬운 이해와 흥미로운 접근을 위해 우리의 일상에서 만나는 건축의 관점으로 구성된다.
이를 위해, 자연과 건축의 원활한 이해를 위해 세 가지의 주제로 구성하여 단계별로 학생들이 자신의 ‘자연과 건축’에 대한 생각을 정립해 갈 수 있도록 구성 된다.  
첫 번째 주제인 '인간과세계'를 통해 자연 속에 거주환경을 구축하는 과정에서 나타난 인간의 존재양상과 이에 따른 자연 속 건축의 구축현상의 일반적 거주개념과 현상을 이해한다. 
두 번째, '건축을 읽다'라는 주제를 통해 건축의 기본 개념 및 의미 등을 살펴 자연과 인간이 관련을 맺는 건축에 관한 기본적인 이해를 돕는다. 이 과정에서 학생들의 실질적인 건축의 이해를 위해, 자신의 일상과 관련한 ˂내가 생각하는 자연과 건축 이야기˃˂내가 살고 싶은 집 그리기˃ 등의 체험과제를 통해 나와 건축의 관계를 인식한다. 
세 번째 주제인, '자연과건축'을 통해 자연과 건축의 관계를 이해하고 조화로운 공존의 관계 및 가능성을 논의 한다. 다양한 문화예술과 ˂영화 속 자연과 건축이야기 찾기˃ 등을 통한 일상속의 자연과 건축의 관계, ˂자연과 함께하는 우리 동네 이야기˃를 통한 자연환경과 동네(도시)환경의 공존 등의 수업/체험과정을 통해 자연과 건축에 대한 다양한 의견과 생각을 재정립하고, 지속가능한 우리 도시(자연과건축)의 미래를 모색하는 계기를 제공한다.",
GEN9154,장르문학의역사,3,교양선택,1,1,ERICA 대학,"장르문학은 몇몇 마니아들의 전유물일까? 만약 그렇다면 매해 쏟아지고 있는 엄청난 수의 창작물들에 대해서는 어떻게 설명할 수 있을까? 또, 장르문학은 통속성과 선정성을 자극하는 상업적 산물의 뿐일까? 그렇다면 장르문학을 향유하면 느끼는 감동과 미학적 충격에 대해서는 어떻게 설명할 수 있을까? 본 수업은 장르문학에 대한 오해를 해소하고, 그것의 미학적 특징과 구조를 탐색하는 동시에 장르문학이 현대 사회의 발전과 함께 어떻게 발맞추어 왔는지를 살펴보는 작업을 진행한다. 상상력과 이야기본능은 결국 인간의 본질이기 때문에 과거에서부터 현재에 이르기까지 전개된 장르문학의 세계관을 공유함으로서 미래를 향한 상상력을 발휘하는 시간이 될 것이다. ",
GEN9155,전쟁으로읽는유럽사,3,교양선택,1,1,ERICA 대학,"본 강의는 근현대 서구의 전쟁과 사회 전체와의 다양한 상관관계를 종합적으로 이해함으로써 근현대 서구와 지구촌 사회의 주요 흐름과 특성을 파악하는 것을 목표로 합니다. 이 목적을 달성하기 위해, 본 강의는 먼저 20세기 이전까지의 전쟁과 군대, 사회 간의 상관관계의 전개를 문학작품과 영화 등을 통해 다룰 것입니다.  
         																				
 수업 소개 링크  :   https://youtu.be/4nQ-l039vww",
GEN9156,정신건강과현대사회,3,교양선택,1,1,ERICA 대학,"본 강좌는 현시대를 살아가는 사람들이 경험하기 쉬운 직업적 정체성의 혼란, 진로탐색 및 목표설정의 혼란, 관계 갈등, 업무 부담 등의 스트레스를 살펴보고 이에 대응하면서 정신건강을 지킬 수 있는 방법이 무엇인지 안내하고자 개설되었다. 본 강의의 수강자는 현대사회에서 자신을 지키고, 이타심을 발휘하며, 행복하고 건강한 삶을 꾸려가는데 필요한 이론적 지식과 적용 방법을 배울 수 있을 것이다.",
GEN9157,중국사회와문화,3,교양선택,1,1,ERICA 대학,"본 수업은 우리와 지리적으로 가까우며 역사적으로도 오랜 시간동안 교류를 이어왔던 중국의 사회와 문화에 관심을 가진 학부생을 대상으로 개설된 교양과목이다. 국제사회에서 점차 영향력이 증대되어 가고 있는 중국과의 교류는 이제 피하기 어려운 상황이다. 이러한 상황에서 막연한 선입견에서 벗어나, 최대한 객관적으로 중국의 현재를 바라보고 지금의 중국의 현재를 가능하게 한 중국의 역사와 문화를 살핌으로써 중국인들을 이해하고자 한다. 이를 통해 최종적으로는 그들과 소통하고 미래의 변화에 대처할 수 있는 능력을 기르는 것을 목표로 한다.",
GEN9158,철학입문,3,교양선택,1,1,ERICA 대학,"본 교과목에서는 철학이 본디 어떠한 물음을 던져왔고, 어떻게 답을 찾아왔는지를 개관하고, 아울러 오늘날 우리의 철학적 과제가 무엇인지에 관하여 다룬다.",
GEN9159,크리에이티브비디오,,전공핵심,,,신산업소프트웨어전공,"본 교과는 영상편집 프로그램을 활용하여 영상을 편집하는 기술을 배우며, 다양한 기능과 효과를 적용하여 개성 있는 영상을 만들 수 있습니다.
또한 여러 개의 편집도구를 사용해 보면서 편집프로그램별의 특징을 알 수 있습니다.
컴퓨터 속에 있는 자신만의 영상을 편집하는 것은 흥미로우며, 새로운 경험이 될 것입니다. 파일로 간직하지 말고 편집 프로그램을 통해 새로운 영상으로 만들 수 있는 기회를 가지길 바랍니다.",
GEN9160,키치와팝아트,3,교양선택,1,1,ERICA 대학,"예술이 상업화되던 19세기 중반 산업혁명 이후 등장한 키치는 모조와 위조품 같이 대량으로 생산된 싸구려 예술을 가리킨다. 당시 부르주와 계급은 고급문화를 즐길 만한 정신적 여유가 없었는데, 물질적으로는 풍족했으나 문화적으로 공허했던 그들의 마음을 메꾸어 주었던 것이 바로 키치였다. 팝아트는 주로 1960년대 이후 영국과 미국에서 일어난 대중문화 기반의 예술표현 운동을 말한다. 팝아트와 키치 모두 대중문화를 기반으로 한다는 외형적 공통점을 갖고 있지만, 개념은 서로 다르다. 팝 아트가 대중문화를 소재로 추상표현주의를 추구하는 아래에서 위로의 흐름이라면 키치는 고급예술의 효과를 흉내내는 위에서 아래로의 흐름에 가깝다. 양자 모두 오늘날 대중문화를 이해하기 위해 없어서는 안 될 중요한 역사이자 스타일로서 대중문화 이해의 필수적인 요소다.",
GEN9161,토론과협상,3,교양선택,1,1,ERICA 대학," 언어 수행은 사회적 문제해결의 과정에서 핵심적인 위치를 차지한다. 타인과 소통하고 공유하는 과정, 다양한 문제적 상황에서 해결책을 모색하는 과정은, 결국 고도의 언어 구사 능력을 필요로 하기 때문이다. 또한 특정한 사회와 문화는 사회구성원의 사유가 총체적으로 집적된 산물인데 여기서 사유를 가능하게 하는 것은 곧 언어이다. 따라서 개인과 사회는 언어를 기반으로 매개되고 형성되는 것이다. 이와 같이 언어 수행은 개인과 사회에 매우 중요한 가치를 지니지만 고도화된 언어 능력은 정교한 사유와 더불어 꾸준한 훈련이 전제되어야만 발전할 수 있다. 
 이 수업은 사회적 의사소통 능력을 향상하는 데 목적을 두며 이를 통해 자기표현의 역량을 개발하고 다양한 의사소통 능력과 문제해결력을 기르고자 한다. 이를 위해 1) 언어와 사고, 언어와 문화 등 언어에 대한 기본적인 이해를 증진한다. 2) 언어 수행의 제반 요소를 이해하고 이를 실천할 수 있으며 사후적으로 자신의 언어 수행을 점검할 수 있는 역량을 키운다. 특히 공적 발화 형태인 협상, 토론을 통해 적용된다.",
GEN9162,프랑스사회와문화,3,교양선택,1,1,ERICA 대학,"프랑스 문화와 사회의 근본을 이루는 역사, 정치, 교육, 예술, 언어, 지리, 국민성 등 다양한 개괄적 접근을 통하여 프랑스의 문화적 전통과 프랑스인의 사고 및 생활 양식에 관한 지식을 쌓고자 한다. 아울러 세계적인 문화코드로서의 프랑스 와인과 음식, 영화, 샹송에 대해 이해하고, 업그레이드된 글로벌 감각과 매너에 대해 학생들로 하여금 새로운 시각에 대한 자기인식을 심어주고자 한다. 이와 더불어 학생들이 프랑스 문화와 사회, 관광에 대해 알고 싶어하는 내용들을 창의적인 여러 방법들로 도전적인 성취감의 결과물로 이끌어보고자 한다.",
GEN9163,프레젠테이션전략,3,교양선택,1,1,ERICA 대학,"앞으로 학생들은 살아가면서 평가, 선발, 선정, 투자유치 등 중요한 순간에 프레젠테이션을 통해서 청중들을 설득하고 행동변화를 유도할 수 있어야 한다. 
내가 제안하는 사업이 채택되어야 하고, 입사나 입학에 성공해야 하고, 투자유치에 성공할 수 있어야 한다.
본 강의를 통해 조직 내 회의, 보고, 경쟁PT 등 다양한 프레젠테이션 상황에서 청중을 이해시키고 설득시킬 수 있도록 기획하고, 구성하고, 발표하는 데 필요한 기법과 사례를 학습한다.",
GEN9164,한국의문화와역사,3,교양선택,1,1,ERICA 대학,"외국인 유학생 전용 강좌로 유학생을 위한 한국 문화와 역사 그리고 한국어를 배우는 과목이다. 유학생들의 한국 생활에 도움이 되도록 한국의 언어와 역사를 배움으로써 한국의 전반적인 이해를 돕는다. 또한, 유학생들에게 낯선 한국문화에 대해 설명함으로서 한국생활에 도움이 되고자 한자. ",
GEN9165,현대사회와페미니즘,3,교양선택,1,1,ERICA 대학," 이 과목은 사상이자 학문으로서의 여성학을 처음 접하는 학생들을 위한 기초 수업으로서, 인식론이자 정치학로서의 페미니즘 이론과 실천들을 배우고 다양한 젠더 이슈들에 토론하며 함께 생각해보는 수업이다.  이를 위해서 전반부에서는 가족, 일과 노동, 여성과 국가 및 성 주류화 정책 등을 포괄적으로 검토하고, 후반부에서는 사랑, 여성의 몸을 중심으로 성 매매, 동성애, 낙태에 관한 젠더적 관점을 포괄적으로 검토하여 성차별에 대한 사회구조적 이슈들을 함께 생각해 본다. ",
GEN9166,교양심화프랑스어,3,교양선택,1,1,ERICA 대학,"이 회화 과정은 이미 프랑스어에 대한 약간의 경험이 있고 프랑스어에 대한 기본 지식을 습득했지만 아직 프랑스어 사용에 완전히 익숙하지 않은 학생들을 위한 과정입니다. 목표는 이 입문 과정을 통해 프랑스어 학습 여정을 계속 이어나가는 것입니다.

목표는 모든 기술(주로 구두 표현과 이해력)을 연습하고 의사소통 능력을 향상시키는 것입니다. 교육 방식은 서면 및 오디오/비디오 문서를 기반으로 한 활동으로 구성됩니다. 학생들은 사회 생활의 다양한 분야에서 더 잘 이해하고 이해받을 수 있도록 말하기 능력을 향상시킬 수 있습니다.

이 수업은 두 언어의 문장 구조가 비슷하기 때문에 프랑스어 문법에 대한 이해를 돕기 위해 영어로 진행됩니다.

학습 참여도(비율은 미정) = 수업 중 참여도(읽기, 교수의 질문에 답하기, 적극적으로 듣고 참여하기, 질문하기). 숙제(채점되지 않지만)도 학습 참여도에 반영됩니다(완료 여부 확인).",
GEN9167,그림책테라피,3,교양선택,1,1,ERICA 대학,"'그림책 테라피'는 독서 치유의 원리를 이용해서 그림책에 자기 자신의 마음을 비춰보는 실습을 하는 수업입니다. (그림책 테라피에 대한 이론을 배우거나, 특정 지식을 배우는 것이 아니라, 전반적인 삶의 지혜를 다룹니다.) 또한 학우들과의 대화를 통해 다양한 삶의 모습들을 직접적으로 듣고 접하는 체험 수업이기도 합니다. 

수업의 전반적인 흐름은 다음과 같습니다. 
1. 강사가 매주 다른 주제의 그림책을 소개하고, 학생들은 그 그림책에 대한 자신의 생각과 느낌을 나눕니다. 
2. 매주 3~5명씩 조별로 모여, 그 그림책과 관련된 다양한 토론과 활동을 함께 합니다. 
3. 매 수업마다 그 수업을 통해 자신이 새롭게 알게 된 점, 느낀 점 등을 짧게 기록하는 시간을 갖습니다. 

한 마디로 '나는 누구인가?', '어떻게 살아갈 것인가?' 이런 것들에 대해서, 그림책과 학우들과의 대화를 통해 매주 조금씩 더 알아가는 수업이라고 생각하면 됩니다. ",
GEN9169,문화와노동인권,3,교양선택,1,1,ERICA 대학,"직장에서의 노동인권의 경우, 기업체 사장이 직원을 채용하고자 할 때 반드시 지켜야 하는 법적 의무, 취업을 원하는 구직자가 채용되기 전에 입사시험이나 면접 등을 거치는 과정에서 경험할 수 있는 법적 문제, 직장에 근무하는 동안 월급을 제대로 받지 못한 경우의 대처 방법, 일하는 동안 휴가를 이용할 권리, 직장에서 성희롱이나 괴롭힘을 당한 경우의 대처 방법, 육아휴직제도나 가족돌봄휴직제도 등을 통한 일과 가정생활의 조화를 위한 제도, 직장에서 부당하게 징계나 해고, 정리해고를 당한 경우의 법적 문제와 대처방법 등 직장생활에서 발생되는 전반적인 법률 문제와 그 대처방법에 관하여 공부한다. 이러한 문제들은 학생들이 아르바이트활동을 하거나 졸업 후 취업하는 경우 현실에서 직면하게 될 수 있는 문제일 뿐만 아니라, 향후 기업의 중간관리자가 되거나 사업주가 되어 직원들을 관리할 때에도 반드시 알아야 하는 문제이다. ",
GEN9172,장애와미디어교육,3,교양선택,1,1,ERICA 대학,"270만 등록장애인 시대의 발맞춰 장애인의 권익을 옹호하는 미디어의 역할과 기능이 더욱 
중요시 되고 있다. 
이에 본 수업은 장애학(disability studies)과 미디어연구(media studies)의 관점을 빌려 미디어와 장애를 둘러싼 관계 및 역할, 장애재현의 역사, 장애인의 미디어 수용 및 변용, 미디어 산업에서 장애(인)의 위치와 영향력, 미디어를 통한 장애인식개선, 장애인의 미디어 참여 정치를 포함한 다양한 이슈를 국내외 사례와 함께 다룬다. 
수강생은 이러한 학습기회를 통해 미디어와 장애와 관련한 지식과 감수성을 향상할 뿐만 아니라 
 다양성을 존중하는 문화시민으로 성장하는데  필요한 역량도 갖춘다.",
GEN9175,치료음악의세계,3,교양선택,1,1,ERICA 대학,"본 강좌는 음악이 각 시대마다 인간의 필요에 어떻게 부응하며 변화되어 왔는지를 탐색하면서 음악이 가지고 있는 치료적 기능을 이해하는 것을 목적으로 한다. 이를 위해, 음악의 여러 요소들(선율, 리듬, 화성, 형식)에 대해 배우고 이러한 요소들이 가지는 치료에의 적용양상을 탐색한다. 더불어 작곡가들의 삶은 물론 당대의 시대사와 함께 음악작품을 고찰함으로써 음악이 탄생되는 과정과 그 음악이 주는 의미를 여러 각도에서 다채롭게 생각해 본다. 이것을 오늘날 우리의 음악향유에 새롭게 적용하여 음악이 가지고 있는 관계적 주체성, 타자성 등에 대해 생각하며 음악의 치유, 공감, 위로의 힘을 경험한다. ",
GEN9182,국제분쟁과미디어,3,교양선택,1,1,ERICA 대학,"이 수업은 전쟁의 상처에 대한 고찰이다. 
전쟁이란 무엇인가? 인간은 왜 전쟁을 하는가? 어떻게 하면 전쟁의 상처를 최소화할 수 있는가? 이런 질문들에 대한 답을 찾아가는 동안 학생들이 분쟁을 국제정치라는 큰 틀 속에서 이해할 수 있게 하고, 더불어 평화와 공존의 세상을 만들기 위해 자신이 할 수 있는 일에 대해 생각해 보는 기회를 제공하고자 한다. 
국제분쟁 전문 다큐멘터리PD로 세계의 주요 분쟁을 취재한 나의 개인적 경험을 소개함으로써 학생들이 국제분쟁과 전쟁저널리스트들의 활동을 간접 체험할 수 있는 기회를 제공하고자 한다. 
",
GEN9183,디자인으로생각뒤집기,3,교양선택,1,1,ERICA 대학," ‘디자인으로 생각뒤집기’ 교과목은 디자인에 관련된 이론이나 개념을 다루는 수업이 아니다. 거시적 관점에서 보는 ‘디자인’에서 ‘이미지’라는 시각적 기호를 통해 관점을 바꿀 수 있는 경험으로 가득한 인문학 교양수업으로서, 인간에 대한 통찰과 성장에 목표를 둔다. 본 수업에서 다루는 이미지의 사례들은 미술, 영상, 영화, 음악, 문학, 디자인 등 다양한 시각적 요소들로 구성되며, ‘보는 것’과 ‘볼 수 있는 것’의 차이를 관찰하는 것으로 출발한다. 인간에 대한 통찰은 타자와의 관계에 대한 끊임없는 사유와 다각적 관점에서 바라보고 관찰하는 진정한 소통과 공감의 태도를 필요로 한다. 나와 타자에 대한 관심은 미래사회가 요구하는 관계능력을 향상하기 위해 본질에 관심을 두는 태도로서 가치가 있다. 본 수업은 무심히 지나칠 수 있었던 시각적 이미지를 통해 인간 존재에 대한 사색이자 고찰이며, 관점을 변화시킬 수 있는 성장의 여정이다. 

본 수업은 OECD가 미래 사회에 대비해 다가올 2030년대 핵심 역량으로 새로운 가치 창조, 갈등 해소와 통합 등을 제시한 바에 기반하여 시각적 요소와 사색의 가치에 대한 믿음에서 출발한다. 이에 평소에 자주 사용하지 않는 감각들을 재건하여 활용하기 위해 도화지에 채색 도구를 사용하여 자유로운 표현을 시도하고, 도출된 이미지를 통해 개인과 공동체의 진정한 연결(connection)을 직관적으로 체험할 수 있다. 매 수업에서 이루어지는 이 탐구의 과정은 성찰과 소통, 그리고 공감으로 채워지는 긴밀한 교류를 시각적으로 풀어내게 된다. 인간과 삶에 대한 사유에서 도출된 이미지는 사유의 표상이라는 특권을 가지기 때문이다. 

 본 수업의 구조는 아래와 같이 크게 4단계로 구성되며, 창작 활동은 대부분 개인 활동으로 진행되지만, 총 4회의 팀 활동을 진행한다. 강의 계획서에는 계획서 입력 규정상 16강으로 구성되어 있으나 실제 수업은 15강으로 종강하여 전공과목 기말고사 준비의 시간을 돕고자 한다.

 1) 담당교수 강의
 2) 직관화(낙서와 같은 편안하고 자유로운 그림의 이미지 표현)
 3) 개념화(글쓰기를 통해 의미를 부여하는 과정)
 4) 익명의 공유 및 소통(온라인 플랫폼에서 수강생들의 그림과 글을 실시간 공유하며 편안하고      진실한 소통과 공감의 의미 있는 경험)",
GEN9186,인류사회를변화시킨패션의힘,3,교양선택,1,1,ERICA 대학,"인류의 역사와 더불어 존재해 온 패션(옷)은 생존의 수단, 미의식의 발로로써 인간과 불가분의 관계에 있습니다. 특히 현대사회에서 패션은 개인의 정체성 뿐만 아니라 사회,문화적 가치 및 이데올로기를 상징하는 지표가 되어 시각적 커뮤니케이션의 수단으로 강력한 힘을 발휘하고 있습니다. 따라서 패션에 대한 다각적 통찰은 오늘날과 같은 소통과 공감의 시대에 더욱 중요합니다. 본 교과목은 인류 역사속에서 나타나는 패션과 힘의 관계를 학습하고 이것이 정치, 사회, 문화, 예술 등 다양한 방면에서 인류의 삶과 다양하게 발전시킨 원동력의 되었음을 이해하도록 합니다. 또한 패션과 개인, 패션과 사회의 관계를 다양한 시각으로 살펴봄으로써 패션의 효용과 기능을 이해하도록 합니다. 나아가 패션으로서 자아를 표현하고 타인을 이해하며 패션을 깊이있게 통찰함으로써 성숙한 의생활을 위한 소양을 기르며 올바른 패션문화에 참여할 수 있고 성공적인 의생활 영위에 도움을 주고자 합니다.",
GEN9188,크리에이티브제안서기획,3,교양선택,1,1,ERICA 대학,"현대 사회에서 커뮤니케이션 영역의 발전은 눈부시다. 정부와 기업, 단체 할 것 없이 공중을 상대로 하는 모든 조직체는 적절한 커뮤니케이션 없이 존재하기 힘들다. 조직체들이 다양한 공중과의 장기적인 우호 관계를 가지기 위해 노력하는 것이 커뮤니케이션이라고 본다면 커뮤니케이션은 어쩌면 인류 발달사의 가장 중요한 부분 중 하나일 것이다. 
따라서 우리는 이러한 상호작용 속에서 자신이 원하는 바를 얻어내기 위하여 다양한 분야의 이론에 근거한 설득적이면서도 창의적인 메시지를 만들어내는 것이 중요하다. 본 수업은 학생들의 크리에이티브 제안서 기획 능력을 향상시키고자 광고홍보 분야와 마케팅 분야에서 널리 사용되고 있는 아이디어 제안서 작성을 기본으로 하여, 다양한 창의적인캠페인 전략을 기획해본다. 
수업은 다음의 5개의 섹션으로 구성된다: 크리에이티브 제안서의 기본. 커뮤니케이션 이론 학습, 상황 및 타겟 분석. 전략 기획. 전달. 대부분의 사람들은 설득적이면서도 창의적인 메시지는 작은 노력으로 만들어 진다고 생각한다. 또는 참신하면서도 전달력 있는 설득 메시지를 만드는 사람은 남다른 독창적인 재능을 갖고 있을 거라 생각하기 쉽다. 
하지만 다양한 커뮤니케이션 맥락에서 사용되는 설득적인 메시지는 우연하게 번뜩이는 아이디어 보다는 끊임없는 노력과 전략 개발의 결과물이다. 자신의 직관이나 감이 아닌 시장 상황이나 소비자 혹은 목표 공중에 대한 철저한 자료조사를 바탕으로 과학적 분석을 한후, 다양한 경험을 통해 나온 아이디어를 바탕으로 설득적인 크리에이티브 메시지를 만들어 낼 수 있는 것이다.",
GEN9189,현대사회의비판적이해,3,교양선택,1,1,ERICA 대학,"현대(혹은 근대, the modern)는 신분적 예속 혹은 신의 지배로부터 자유로워진 개인이 근대적 민주주의를 실현하고 정치적 자유와 인권을 획득했을 뿐만 아니라 과학기술과 자본주의의 발전을 통해 유례없는 생산력의 향상과 문명의 혜택을 인류에게 가져다주는 성취를 이루었다. 하지만 현대는 이러한 성취와 함께 엄청난 숙제를 인류에게 안겨주었다. 개인의 자유가 확장되면서 공동체의 가치가 경시되었고, 자본주의의 발전은 빈부격차를 낳았으며, 과학기술의 발달은 오늘날 코로나 바이러스나 기후위기로 이어지는 자연의 파괴를 가져왔다. 
이 수업은 현대사회에 대한 비판적 이해를 도모할 뿐만 아니라 이를 바탕으로 한 창의적 대안을 모색하는 데 중점을 두고자 한다. 학생들은 1) 자본주의 경제에 대한 비판적 이해를 통해 이윤추구를 넘어선 대안적 사회적 가치를 모색하고, 2) 기후와 환경위기를 삶 속에서 인식하고 이를 극복할 수 있는 실천적 방안을 탐색하고, 3) 현대사회와 관련된 여러 쟁점들이 어떻게 우리 삶과 관련되는지를 고민하게 될 것이다. ",
GEN9190,현대우주탐사및추진시스템기초,3,교양선택,1,1,ERICA 대학,"English Medium Instruction (영어전용 강의): This course provides an introduction to the concepts and technologies of modern space explorations and systems. Space systems combine engineering, science, and external phenomena. The course focuses on scientific and engineering foundations of spacecraft systems and interactions among various subsystems. The basic nomenclature, vocabulary, and concepts will be given. Main topics include space environment and interactions, overview of space mission design and applications, and space propulsion and launch systems. In particular, students will learn how rockets work and find out about the various missions to the Moon and Mars.Moreover, recent advances in rocket propulsion systems, such as reusable launch vehicles, electrically driven pump systems, methane rocket engines, and 3D printed rocket engines, will be discussed.",
GEN9191,K-POP한국어,3,교양선택,1,1,ERICA 대학,"본 강좌는 K-POP을 통해 듣기∙말하기∙쓰기 능력을 향상시킬 뿐만 아니라, 한국문화까지 접하고 이해하는 것을 목적으로 한다. 살아있는 언어로 이루어진 K-POP의 가사를 이해하기 위해서는 오늘날의 한국 문화에 대한 이해가 선행되어야 한다. K-POP을 듣고 부르며 한국 문화의 토대 위에서 살아 숨 쉬는 한국어를 접할 수 있다.",
GEN9192,아카데믹한국어듣기말하기,3,교양선택,1,1,ERICA 대학,이 강좌는 외국인 학생이 대학 강의 수강 및 학습 과정에서 필요한 한국어 듣기 말하기 능력을 높임으로써 강의 수강의 어려움을 해소하기 위한 것이다. 한국어 듣기 말하기 중심의 학습법을 체득하게 하여 보다 효과적으로 강의를 수강할 수 있는 능력을 갖추게 될 것이다. ,
GEN9193,아카데믹한국어읽기쓰기,3,교양선택,1,1,ERICA 대학,"이 강좌는 외국인 유학생들의 읽기와 쓰기 능력을 향상시키기 위해서 개설한 과목이다. 특히 수업 때 요구되는 자기 표현 , 강의 내용 파악, 자료 이해, 프레젠테이션, 중간·기말 시험 답안 작성, 보고서 작성 등 보다 실질적인 차원에서 이해하고 또 그것을 수행할 수 있도록 내용을 구성하였다. 이것은 결국 이 강좌가 유학생의 커뮤니케이션 능력을 향상시키고 이를 통해 학습 전반에 대한 만족도를 높이는 결과를 기대할 수 있다는 것을 의미한다.  ",
GEN9194,한국어듣기말하기,3,교양선택,1,1,ERICA 대학,"이 과목은 외국인 학생의 한국어 듣기 및 말하기 실력을 높이고 한국 문화의 이해를 돕기 위한 목적으로 개설되었다. 다양한 과제와 활동을 통해 자연스러운 한국어 발음과 문장의 의미에 맞는 억양을 익히고 일상적 구어 표현을 정확히 이해하며 자신의 생각을 효과적으로 표현할 수 있도록 한다. 한국에서 생활하고 공부하는 데 필요한 의사소통 능력을 향상시키는 것과 더불어, 다양한 주제와 관련된 한국 문화를 소개함으로써 한국어에 대한 이해를 깊게 하고 구체적인 상황에서 한국어를 보다 자유롭게 사용하는 데 실질적인 도움이 되도록 한다.  ",
GEN9195,한국어읽기쓰기,3,교양선택,1,1,ERICA 대학,"˂한국어 읽기 쓰기Ⅰ˃은 외국인 유학생의 한국어 읽기, 쓰기 능력이 균형있게 향상시키려는 목적의 교과목이다. 
대학생활에 필요한 한국어 어휘와 표현을 제시하고, 한국어 지문의 독해 능력을 키울 수 있도록 하였으며 읽기 지문을 통해 이해한 어휘와 표현을 글쓰기에 활용할 수 있도록 하였다. 
또한 한국어 글쓰기에 필요한 한국어 문장 구성과 대학 생활을 하는 데 필요한 기초적인 글쓰기 방법들을 배우고 익힐 수 있도록 하였다. 단원별 주제로는 유학생들이 알아야 할 한국 사회 문화 및 대학 기초 교양 지식을 담고 있다. 
",
GEN9196,한국어듣기말하기2,3,교양선택,1,1,ERICA 대학,"이 과목은 외국인 학생의 한국어 듣기 및 말하기 실력을 높이고 한국 문화의 이해를 돕기 위한 목적으로 개설되었다. 다양한 과제와 활동을 통해  일상적 구어 표현을 정확히 이해하며 자신의 생각을 효과적으로 표현할 수 있도록 한다. 한국에서 생활하고 공부하는 데 필요한 의사소통 능력을 향상시키는 것과 더불어, 다양한 주제와 관련된 한국 문화를 소개함으로써 한국어에 대한 이해를 깊게 하고 구체적인 상황에서 한국어를 보다 자유롭게 사용하는 데 실질적인 도움이 되도록 한다.",
GEN9197,한국어읽기쓰기2,3,교양선택,1,1,ERICA 대학,"
이 과목은 외국인 학생을 위한 한국어 집중 과정에 속한 것으로, 〈한국어 읽기·쓰기Ⅰ〉를 수강한 학생들을 대상으로 한다. 이 과목은 외국인 유학생의 한국어 읽기 쓰기 능력을 높이고 한국어 어휘와 표현을 활용하여 글을 쓸 수 있도록 하기 위해 개설되었다. 대학 생활을 하는 데 필요한 글쓰기 방법을 배우고 익힐 수 있도록 하였다. 교과목은 글쓰기 절차에 따라, 좋은 글의 요건,  주제 설정, 개요 쓰기, 다양한 서술 방식을 익히고, 이를 활용하여 자신의 생각을 글로 표현하는 능력을 향상할 수 있도록 구성하였다. 단원별 주제로는 글쓰기 지식, 한국 문화, 교양 지식을 담고 있다. ",
GEN9198,인공지능과머신러닝의이해,,전공핵심,,,신산업소프트웨어전공,"본 교과목에서는 인공지능의 개념과 원리를 학습하고, 머신 러닝의 알고리즘과 기초 원리를 이해하고 활용할 수 있는 역량을 키우는 것을 목표로 한다.",
GEN9199,인공지능기초프로그래밍,3,교양선택,1,1,ERICA 대학,"본 교과목에서는 인공지능에 관심이 있는 학생을 대상으로 4차 산업혁명 시대에 주목받고 있는 파이썬 프로그래밍 언어의 여러 가지 유형의 자료 처리와 제어구조, 파일 입출력 및 라이브러리 등을 학습한다. 이 언어를 사용하여 인공지능을 활용하기 위한 기초 코딩 실습 교육을 진행하고, 더 나아가 머신러닝/딥러닝과 같은 인공지능 분야에 활용할 수 있도록 한다.",
GEN9200,빅데이터와머신러닝,3,교양선택,1,1,ERICA 대학,"본 교과목에서는 4차 산업혁명 시대에 주목받고 있는 빅데이터 머신러닝 기초 이론부터 파이썬으로 실습하는 것을 목표로 한다. 복잡한 프로그래밍은 최소화하고 가장 유명한 데이터들로 판다스, 시본, 케라스, 텐서플로 등 인기 있는 파이썬 라이브러리를 활용한 코딩 실습 교육을 진행하여 빅데이터와 머신러닝 학습에 대한 이해를 높인다.",
GEN9201,엑셀을이용한데이터분석,3,교양선택,1,1,ERICA 대학,데이터 분석에 입문하고자 하는 학생들이 누구나 쉽고 편하게 접할 수 있는 엑셀을 통해서 다양한 기능을 이용하여 업무에 사용되는 실제 예제를 이용하여 데이터 분석 실습을 수행하여 스스로 데이터 분석을 할 수 있는 역량을 배양한다. ,
GEN9202,디지털리터러시와한국어,3,교양선택,1,1,ERICA 대학,"이 강의는 4차 산업 혁명기에 요구되는 디지털 문화 환경에 대한 분명한 이해를 바탕으로 미디어 리터러시 능력을 함양하기 위한 것이다. 급변하는 미디어 환경에서 주체적인 시각을 견지하며 실천적인 리터러시가 가능하도록, 디지털 문화 환경에 대한 올바른 이해와 리터러시에 필요한 기본 학습을 바탕으로 가장 압도적인 디지털 미디어에 대한 주체적인 리터러시 능력을 실천적으로 탐구하여, 리터러시 능력을 제고한다. 이러한 과정을 통해 한국어 구사 능력을 제고할 수 있도록 한다.",
GEN9203,유학생을위한합리적사고와토의,3,교양선택,1,1,ERICA 대학,"이 수업은 한국어능력시험(TOPIK) 3급 수준의 유학생이 '개인, 사회, 세계' 방면의 주제를 통해 한국어 능력뿐만이 아니라 비판적 사고력, 창의적 사고력, 문제 해결 능력 등을 함양하게 하는 데에 목적이 있다.  또한, 유학생들의 비판적·창의적 사고력, 문제 해결 능력을 키우기 위해 주제별로 제시된 지문을 분석하고 개별 발표를 진행하여 한국어의 어휘, 문법, 관용적 표현 등을 이해하고 활용하는 능력을 기른다. 다음으로 조별 토의 및 발표를 통해 차시별로 개인, 사회, 세계 등의 주제를 살펴본 후 자아실현 및 인간다운 삶, 사회의 균형 발전, 인류의 보편적 문제를 해결할 수 있는 방안을 탐구하며 삶에 대한 폭넓은 지식을 쌓는다.  ",
GEN9204,생활속의로봇디자인,3,교양선택,1,1,ERICA 대학,"본 교과는 4차 산업혁명시대의 지능형로봇의 신기술에 부응하기 위한 다학제적 지식과 상상력을 통한 창의 융합형 교과목으로 개발 되었다.
최근 로봇 기술이 우리 생활속에서 다양하게 나타나고 있는 것을 탐색하며 로봇의 개발 배경과 개념을 이해하도록 한다.
로봇개발에 대한 디자인 프로세스를 이해하고 로봇아이디어에 대한 학습자의 창의적인 아이디어를 도출하면서 잠재적 창의성을 자극하고 발현시켜 창의적인 문제해결의 능력과 협업 능력을 경험할 수 있도록 IC-PBL 수업 모형을 활용 및  운영하도록 한다.
",
GEN9205,호모에티쿠스로살아가기,3,교양선택,1,1,ERICA 대학," 인간이 인간답게 살아가기 위해서는 다른 사람들과 조화로운 관계를 맺으며 살아가야 한다. 인간다운 삶을 누리기 위해서는 사회 구성원으로서 마땅히 행하거나 지켜야 할 도리인 윤리(倫理)가 필요하다. 
 4차 산업혁명으로 인한 인간 문명의 변환, 코로나 팬데믹 이후에 일상으로의 회복 및 비대면 삶의 확대 등과 같이 사회구조가 복잡해지고 사회가 급변하게 됨에 따라 인간은 “어떻게 행동하고, 어떠한 삶을 살아야 하는가”라는 근본적인 물음을 제기하게 되고, 이러한 물음의 답을 찾아가는 과정에서 우리는 다양한 갈등을 겪게 된다. 
 본 강좌는 급변하고 예측 불가능한 사회를 살아가면서 직면하게 될 윤리적 문제들에 대하여 성찰하고, 책임감 있게 행동하는 ‘호모에티쿠스(Homo Ethicus)’, 즉 ‘윤리적 시민’을 양성하기 위한 교양강좌이다. 인간이 사회적 존재로서 살아가면서 발생할 수 있는 윤리적 문제들을 다양한 삶의 맥락별로 살펴보고, 윤리적 이론에 입각하여 검토함으로써 ‘윤리적 시민’으로 살아가는 데 요구되는 역량을 함양하는 데 주안점을 두고 있다. 아울러 구체적인 삶의 현장에서 제기되는 윤리적 쟁점, 해당 분야에 대한 깊이 있는 이해, 현안 문제에 적용할 수 있는 윤리 이론, 그리고 윤리적 쟁점에 대한 해결방안을 모색하고자 한다. 궁극적으로 본 강좌는 인간을 인간답게 하는 윤리의 이론적 측면과 실천적 측면을 겸비한 호모에티쿠스를 지향한다.",
GEN9207,비이공계전공자를위한반도체제조공정,3,교양선택,1,1,ERICA 대학,"4차 산업혁명의 쌀이라고 하는 반도체 산업은 국내외 중요한 산업으로 다양한 기회가 있으며 이에 맞는 인재를 요구하고 있다. 특히 국내 반도체 산업은 지속적인 발전을 거듭하고 있으며 공학전공자와 더불어 다양한 분야의 비공학 전문가와 상호 협력을 통해 기회를 만들어가고 있다. 특히 반도체 산업 생태계를 이루고 있는 소재․부품․장비 기업에서 비공학인으로 공학 전문가와의 협력을 통한 다양한 기회를 만들기 위해 반도체 공정의 기초지식이 필요로 한다. 본 교과목은 비공학인을 대상으로 반도체 생태계에서 활동하기 위한 반도체 제조공정의 기초지식을 습득하기 위한 내용을 담고 있다. 반도체 9대 공정(웨이퍼 제조, 산화공정, 포토공정, 식각공정, 증착&이온주입공정, 금속배선공정, EDS 공정, 패키징공정, 계측검사공정)을 물리, 화학, 수학 등의 이공계 지식 없이 이해하고 반도체 제조 단위공정을 설명할 수 있는 목표로 교과목 내용을 구성되어 있다. 본 교과목을 수강 후 비공학인으로서 반도체 생태계에 진출하기 위해 적합한 자신만의 학업을 설계할 수 있다. 또한 이를 위해 산업현장의 전문가의 세미나를 통해 현장의 소리를 듣고 자신만의 경력설계에 도움을 얻을 수 있다.",
GEN9208,생명의비밀,3,교양선택,1,1,ERICA 대학,"현재의 대한민국 사회는 저출산과 인간 수명의 증가로 인해 전체 인구 중 노인인구가 특이적으로 증가하고 있는 추세다. 이렇게 초고령화 사회로 진입하게 되면서 뇌혈관, 심혈관, 근골격계 질환을 비롯한 노인성 질환도 더불어 증가하게 되었다. 이에 따라 사회 구성원 모두에게 전례 없이 생명현상에 대해 보다 전문적이고 깊은 이해가 필요하게 되었다. 한편, 코로나19와 같은 팬데믹으로 인해 바이러스 질환에 대한 사회의 관심도 폭발적으로 증가했으며, 유사한 감염병을 예방할 수 있는 백신의 개발과정과 정보는 더 이상 생명과학 전공자만의 몫이 아닌 세상이 되었다. ‘mRNA 백신’의 작용원리는 인터넷 대중매체에 자주 등장해도 어색하지 않게 되었다. 

생명의 비밀’ 교양과목에서는 이렇듯 생명현상에 대해 보다 깊은 이해를 필요로 하는 사회적 요구에 따라 생명과학을 전공하지 않은 학생들도 좀 더 쉽게 생명현상의 이해에 접근할 수 있도록 유전자 발현 과정의 핵심개념을 중심으로 설명함을 목표로 하고 있다. ‘생명의 위대한 비밀’을 교재로 사용하여 총 16주 동안 생명과학 발전의 근본이 되었던 유전물질의 발견, DNA 구조의 규명, 그리고 유전정보의 해독과정을 전문적이고, 과학적인 측면에서 설명할 뿐만 아니라, 때로는 협력하고, 때로는 서로 치열하게 경쟁하는 과학자들의 뒷이야기까지 함께 소개할 예정이다. 수업 말미에는 현재 이슈가 되고 있는 생명과학 뉴스를 발췌하여 배운내용이 실제로 어떻게 적용되고 응용되고 있는지 살펴봄으로써 자칫 지루하고 어려울 수 있는 생명과학으로의 첫걸음을 보다 가볍게 내딛을 수 있도록 한다.",
GEN9209,시가필요한시간,3,교양선택,1,1,ERICA 대학,"오늘날 시의 쓸모는 어디에 있을까?  어렵고 비밀투성이며, 다가가기 힘들고 낯설다는 것이 현대시에 대한 일반적인 통념일 것이다. 그러나 정말 그럴까? 광화문을 걷다가 무심코 읽은 광화문 글판의 시 한 구절, SNS에서 밈처럼 떠도는 누군가의 시 한 구절에 마음의 힘과 소소한 위로를 얻은 적은 없을까? 『내일 아침에는 정말 괜찮을 거예요』(시요일, 2021)라는 시선집의 제목처럼 자기 자신에게 안부인사가 필요한 시대에 ˂시가 필요한 시간˃은 시를 읽고 글을 쓰면서 의미 있는 삶의 경험을 만들어 보고자 한다. 이 과목은 문학을 내면을 드러내는 렌즈로 활용하면서 시를 읽고, 시에 대해 이야기하며, 시를 변주하면서 자기 자신에 대해 생각해보는 수업으로 전문적인 시인을 양성하기 위한 창작 수업은 아니다. 시를 매개로 우리 스스로가 당면한 문제에 대해 고민해보고, 학습자가‘읽기- 쓰기’를 하면서 자신의 삶을 성찰하며 변화하는 경험을 통해‘참 자기(True Self)’로 성장할 수 있도록 하는 수업이다. 학습자는 8개 내외로 제시한 테마와 시를 통해서, 자기에 대해 탐색하고 자신이 원하는 자신의 모습을 글로 표현해볼 것이다. 이 수업은 시(문학)와 학습자 사이의 심리적이고 정서적인 상호작용에 주목하고자 한다.  ",
GEN9210,교양알렉산더테크닉과자세건강,3,교양선택,1,1,ERICA 대학,"인간의 몸은 스스로를 치유하는 놀라운 능력을 지니고 있기에 올바른 사용을 통해 긴장과 통증으로부터 자유로워질 수 있지만 반대로 잘못된 몸의 사용은 긴장과 통증을 유발시킨다. 알렉산더 테크닉은 이러한 스트레스나 피로의 원인이 되는 불필요하고 비능률적인 몸의 습관, 자세, 고정관념 등을 스스로 인식할 수 있도록 도움을 제공함으로써 몸의 자세나 움직임 등을 향상시켜 나갈 수 있도록 하는 재교육이다. 
알렉산더 테크닉은 F.M.알렉산더에 의해 만들어진 이후 130년간 미국과 유럽 등에서 널리 활용되고 있으며, 많은 사례와 연구를 통해 각종 통증과 만성질환 치료, 인지기능과 고유수용감각(운동감각) 향상 등의 효과를 보이는 것으로 알려졌다. 또한 예일대, 줄리어드음대, NYU, 버클리음대, 영국왕립연극원, 영국왕립음악학교 등 세계적 예술학교에서 정규과목으로 채택하고 있는 훈련법으로, 일반인들의 삶의 질뿐만 아니라 배우, 음악인, 무용가, 운동선수 등 전문인들의 실력 향상에도 기여하고 있다.",
GEN9211,인공지능과딥러닝의이해,3,교양선택,1,1,ERICA 대학," 본 과목에서는 인공지능을 구현하는 가장 최신 방법론인 딥러닝을 소개한다. 딥러닝의 알고리즘과 기초원리를 이해하고 활용할 수 있는 역량을 키우는 것을 목표로한다. 이를 통하여  현 인공지능 기술의 속성에 대한 이해도를 높인다.
본 교과목은 파이썬(Python)언어를 중심으로 수업이 운영되며, 프로그래밍 언어에 대한 이해도가 없을 경우, 수업을 따라오기 위해서는 추가적인 학습이 요구됨.",
GEN9212,지능형로봇프로그래밍의이해,3,교양선택,1,1,ERICA 대학,"본 교과목은 지능형 로봇의 개념과 원리를 학습하고 라이브러리를 활용한 실습교육을 통해 지능형 로봇 프로그래밍을 위한 이해도를 높인다. 또한 지능형 로봇이 어떻게 활용되고 있고, 어떤 문제를  갖고 있는 지 고찰해 본다. 지능형 로봇 프로그램에 입문하고자 하는 학생들이 이론뿐만 아니라 실습을 통해 직접 구현하여 실질적인 구현과 활용법에 대해 익히는 것을 목표로 한다.",
GEN9213,CORE기초통계,3,교양선택,1,1,ERICA 대학,"본 과목에서는 고등학교 과정 ""확률과 통계""의 핵심 개념과 탐구 기능, 문제 해결 방법 등을 다룬다. 수업의 내용은 ""순열과 조합"", ""확률"", ""통계적 추정""의 3개 핵심 개념으로 구성되어 있다. 본 강의에서 학습한 통계의 지식과 기능은 대학교 교육과정을 이수하기 위한 토대가 되고 자연 과학, 공학, 의학뿐만 아니라 경영학, 경제학을 포함한 사회 과학, 인문학 등 다양한 분야를 학습하는 데 기초가 된다. 나아가 본 강의를 통해 수강생들이 창의적 역량을 갖춘 융복합 인재로 성장할 수 있을 것으로 기대된다.",
GEN9214,CORE기초기하벡터,3,교양선택,1,1,ERICA 대학," 본 교과목은 대학 수학(미분적분학, 공업수학)의 수업을 이해하기 위한 기초 과목의 하나이다. 본 강좌
에서는 이차 곡선, 벡터, 공간 도형을 다룬다. 또한 고등학교 과정의 ``기하‘’ 과목을 기반으로 대학 수학의 
미적분학을 이해하고 응용할 수 있는 능력을 함양할 수 있도록 벡터의 기본 개념 및 대학 수학에 필요한 
다양한 응용문제, 그리고 이차 곡선의 개념과 미적분학으로의 응용, 공간 도형의 이해 등을 대학 수학과 
연계한 개념과 응용문제를 다룬다. ",
GEN9215,CORE기초미적분,3,교양선택,1,1,ERICA 대학," 이 교과는 학생들이 미분적분학1을 수강할 때 필요한 수학적 개념과 기술을 제공한다. 수업의 내용은 평균 변화율, 미분, 도함수, 이계도함수, 곡선의 접선, 극댓값과 극솟값, 지수함수, 로그함수, 사인함수, 코사인함수, 부정적분, 정적분, 치환적분법, 부분적분법, 미분에서의 평균값 정리, 적분에서의 평균값 정리 등으로 구성되어 있다. ",
GEN9216,CORE기초물리학,3,교양선택,1,1,ERICA 대학,"물리학의 주요 관심 주제 중 하나는 공간에서의 물체의 운동을 이해하는 것이다. 물체가 얼마나 빨리
움직이는지, 이 운동의 원인은 무엇인지 이해하는 것은 물리학의 모든 분야에서 쓰일 중요한 밑거름이 된다. 공학과 자연 과학을 전공할 1학년생이 수강하게 될 일반물리학1의 토대가 되는 본 과목을 통해 물체의 운동학과 동역학의 기본을 학습한다. 운동을 기술하는 기본 물리량인 위치, 속도, 가속도의 개념을 배우고, 그 내용을 이해하기 위해 필요한 수학으로 미분과 적분, 삼각함수, 벡터 등도 함께 학습한다. ",
GEN9217,CORE기초화학,3,교양선택,1,1,ERICA 대학,이공계 대학 신입생들이 고등학교 과정에서 배웠어야 할 기본 적인 화학 내용을 점검하고 부족한 부분을 온라인 강의를 통해 보충함으로써 정규 학기에 진행되는 일반화학1 및 일반화학2 강의의 기초를 확립하기 위한 교과목이다.,
GEN9218,CORE기초파이썬,3,교양선택,1,1,ERICA 대학,"본 교과목에서는 누구나 쉽게 배울 수 있는 파이썬 기초 핵심 문법을 학습한다. 학습한 문법 중심으로 실제 프로그램
에서 어떻게 활용되는지 응용 프로그램을 완성해 나간다. 이로 인해 학습한 문법을 자연스럽게 복습하게 될 것이며,
기초 문법을 익혀 나갈 수 있다.
",
GEN9219,감성품은로봇이야기,3,교양선택,1,1,ERICA 대학,"본 교과목은 지능형로봇 마이크로(초급)과정을 이수할 수 있는 과목으로  4차 산업시대의 로봇분야를 이해하고 활용하는 교과목으로 설계되었다.
로봇을 이해하고 활용하는데 있어서 인문학적 사고와 감성을 함양할 수 있는 수업으로 기술과 예술의 융합교과이다.
사회 문제(비대면, 기후변화, 1인 가구 등)와 시대 키워드(로봇, 4차 산업혁명, IoT, AI) 등 실생활과 밀접한 분야의 문제를 탐색하며, 공감과 소통을 기반으로 한 디자인씽킹의 프로세스를 이해하며 다양한 사례를 통한 공학과 감성의 로봇이야기를 접해보도록 한다.
",
GEN9220,가상확장현실의이해,3,교양선택,1,1,ERICA 대학,"디지털시대와 메타버스 시대의 개념을 파악하고 가상현실, 증강현실, 혼합현실, 확장현실의 개념을 익힌다. 다양한 사례를 바탕으로 개념 파악을 쉽게 할 수 있도록 진행하며, 언택트 시대 이슈로 인해 주목되고 있는 메타버스의 개념, 홀로그램, 사람과의 상호작용을 체득한다. 또한 요즘 주목되고 있는 가상현실보다 진보된 개념인 메타버스 체험을 통해서 학습한 내용을 확립해 나간다.",
GEN9224,4차산업혁명기술과물리학,3,교양선택,1,1,ERICA 대학,"
4차 산업혁명 시대의 과학기술은 현대인의 삶의 방식을 완전히 바꾸고 있다. 따라서 4차 산업혁명의 과학기술에 관해서 폭넓게 이해하고 이를 활용하는 것은 매우 중요하다. 본 과목에서는 4차 산업혁명란 무엇인지 그리고 그 내용이 되는 과학기술 및 그 기초가 되는 물리학에 관하여 폭넓게 탐구한다. 물리학의 기초가 없어도 수업을 들을 수 있지만 과학기술에 대한 탐구의식 및 고등학교 수준의 수학지식은 요구된다. ",
GEN9225,반도체와우리생활,3,교양선택,1,1,ERICA 대학,"반도체 기술이 등장한지 70여년만에 인간의 기술 문명에 엄청난 변화가 일어났다. 이러한 변화는 앞으로도 이어져갈 것으로 전망된다. 이제 반도체 기술은 우리 일상 생활 구석구석에 영향을 미치고 있다. 본 과목은 반도체 기술을 이해하고, 그로부터 파생된 사회변화와 기술혁명에 대해 살펴본다. 이를 위해 반도체 물성의 이해, 반도체 소자 제작, 반도체 기술 발달의 간단한 역사와 문명의 변화 등에 대해 현대의 대학생이 기본적으로 이해해야 할 수준에서 논의한다. ",
GEN9228,세계시민의식의형성과다문화교육,3,교양선택,1,1,ERICA 대학,"다문화 공동체(국가, 지역사회, 기업, 학교 등)의 형성을 통해 세계인으로서 역량을 기르고, SDGs 목표 중 하나인 불평등 감소를 이루기 위해 다문화 교육이 해야 할 구체적인 목표를 세우고, 문제를 해결할 수 있는 교육적 대안을 제시하는 과정을 통해 문제해결능력을 학습한다. 글로컬의 관점(한국사회의 관점에서) 다문화 교육의 배경과 전개과정을 살펴보고, 다문화 교육이 왜 혁신적인 교육방법의 변화인지를 이해한다. 이를 통해 다문화사회가 안고 있는 문제와 가능성 속에서 다문화시대의 건강한 공동체 형성을 위한 교육적 방법론을 모색한다. ",
GEN9230,데이터베이스기초입문,,전공핵심,,,신산업소프트웨어전공,"본 교과목에서는 학생들은 데이터베이스의 구조와 원리를 배우고 실제 데이터베이스를 활용할 수 있도록 데이터베이스의 설계와 SQL의 작성 방법, 그리고 기본적인 DBMS의 관리 방법을 익히게 된다. 많은 양의 데이터를 효율적으로 저장하고 검색, 변경, 유지하기 위한 데이타베이스의 기본 개념과 설계 기법, 구현 방법 등을 소개하며, DBMS와 관계형 데이터모델을 바탕으로 SQL을 통한 데이터 정의어, 데이터 조작어, 데이터 제어어를 이해하고 가상의 뷰를 생성하기 위한 쿼리를 작성한다. 데이터베이스에 관한 지식은 직접적으로 정보사회의 기술적 측면을 이해하는데 도움이 될 뿐 아니라 나아가 기술기반 사회의 사회문제를 이해하고 해법을 찾는데도 도움이 될 것이다.",
GEN9231,웹프레임워크개발,3,교양선택,1,1,ERICA 대학,"본 교과목은 웹 백앤드를 개발하는 과정이다. 본 수업에서는 부트스트랩, 템플릿의 상속, 게시판의 질문과 답변기능(추가, 수정, 삭제, 댓글), 폼 사용 등 Django의 기초 기능을 배우면서 하나의 게시판 만든다. ",
GEN9232,웹프로그래밍의이해와활용,3,교양선택,1,1,ERICA 대학,"- 온라인 커뮤니케이션이 확장되고 일상화되는 현실에서, 인터넷은 일상의 한 영역으로 자리잡았다.
- 온라인, Web을 구성하는 프로그래밍 언어인 HTML 언어가 어떻게 구성되어져 있으며, 해당 언어를 어떻게 이해하고 활용할 수 있는지 살펴본다.
- 나아가 CSS 언어를 통해, HTML 언어가 얼마나 다채롭게 구현될 수 있는지 살펴본다.
- 이를 토대로, 웹 환경에 대한 이해도를 높이고, 나아가 프론트엔드에 대한 일차적인 이해도를 높일 수 있다.",
GEN9233,자바스크립트프로그래밍,3,교양선택,1,1,ERICA 대학,"본교과목은 웹 개발 입문자부터 실무에서 자바스크립트를 사용할 현업 개발자까지 꼭 알아야 할 자바스크립트 필수 기초 문법을 익힌다. 문법의 기본 사용 방법뿐 아니라 응용예제를 바탕으로 프로그램 기법 및 실무에서 자바스크립트를 어떻게 활용하는지 자연스럽게 익힐 수 있을 것이다. 이를 바탕으로 인터넷 환경에서 필요한 웹 프로그램을 개발할 수 있는 기본적인 프로그래밍 기법과 응용 방법을 실습하고, 웹브라우저에서 실행되는 프로그램 작성해본다. ",
GEN9235,과학이묻고인문학이답하다,3,교양선택,1,1,ERICA 대학,"이 과목은 과학과 인문학, 두 영역의 전문가 사이에서 전개되는 생생한 대화 형식을 통해 본래 하나였던 과학과 인문학 사이의 적극적인 만남과 소통을 유도한다. 
이 수업은 자연과학도가 가지게 될 가장 근본적인 질문들, 그리고 인문학도가 그와 함께 나누게 될 역시 근본적인 질문들을 교환하는 형식을 통해 수강생의 세계관과 사고의 깊이에 개입한다. 
  이 수업은 두 사람의 교수자(공학자와 인문학자) 사이에서 이루어지는 대담 형식을 기본으로 한다.
  매주 제시되는 주제들은 과학이 인문학에게, 그리고 인문학이 과학에게 제시하는 질문과 이에 대한 대답의 대화 형태로 전개되며, 수강생들의 적극적인 반응 및 간접적인 참여를 동시에 유도하는 방식을 취한다. 
  이를 통해 우리 세계가 직면한 문제들을 해결함에 있어 과학도와 인문학도 모두 총체적인 시야를 확보하도록 유도한다. 또한 과학기술적 실용성을 추구하는 방향과 인간 정체성 및 가치관에 관한 근본적인 질문 사이의 괴리를 메워, 다가오는 미래의 위기를 극복하고 해결해 나갈 균형 잡힌 전문가와 사회인을 양성하는데 기여하도록 한다. ",
GEN9237,로봇생각과표현,3,교양선택,1,1,ERICA 대학,"본 교과목은 기초적인 로봇 학습을 중심으로 다양한 사고와 함께 로봇에 대한 생각을 다양하게 표현하는 수업으로 구성되었다. 최근 로봇은 4차 산업혁명이라는 화두 아래 인공지능기술과 연결이 되어 빠르게 개발되고 우리 주변에 등장하고 있다. 이러한 배경을 이해하고 기술, 사회, 인간 상호작용의 교차점을 중심으로 로봇의 다차원적 측면을 탐구하는 것을 목표로 한다.",
GEN9239,공공언어와미디어리터러시,3,교양선택,1,1,ERICA 대학,"본 교과목은 생산자와 수용자의 관점에서 공공언어를 입체적으로 파악하고, 변화하는 정보화 시대의 추세에 맞추어 대학생들의 미디어 리터러시 능력을 향상시키는 데 목표를 둔다. 본 교과는 교정적 차원의 전략 교육을 통해 올바른 소통 방식의 활성화와 공동체성 확립, 질 높은 언어생활을 이끌어 낼 수 있도록 한다. 수업을 통해 공공언어가 갖추어야 하는 요건을 인지하고, 미디어를 통한 다양한 형태의 메시지를 능동적으로 분석하고 비판적으로 이해하며, 정보를 적절하게 활용하고 바람직한 콘텐츠를 생산할 수 있는 역량을 함양한다.
",
GEN9240,퍼스널브랜딩,3,교양선택,1,1,ERICA 대학,"온라인 플랫폼이 발달하고 개인미디어라 할 수 있는 소셜미디어의 등장으로 온라인에서의 커뮤니케이션이 점점 중요해지고 있다. 다양한 매체의 등장으로 매체별로 각기 다른 정체성을 가면처럼 바꿔쓰는 멀티 페르소나에 익숙해져 있는 현대인들은 자기 PR을 넘어 바야흐로 퍼스널 브랜딩의 시대에서 이러한 페르소나를 적절히 관리해 본인만의 브랜딩으로 구현해나가는 것이 중요하다.
따라서 본 강의에서는 브랜드와 페르소나의 개념을 바탕으로 심리학, 경영학, 광고홍보학 등 다양한 관점에서 퍼스널 브랜딩에 대한 이론적 배경을 학습하고자 한다. 나아가 브랜딩 잘하는 기업들의 전략을 적용, ‘나’라는 브랜드로 개발해 직접 퍼스널 브랜딩 채널을 개설하고 지속적으로 관리할 수 있도록 위기관리 등에 대해서도 준비하고자 한다.",
GEN9241,문학상담과글쓰기,3,교양선택,1,1,ERICA 대학,"""문학상담과 글쓰기’ 수업은 학생들이 다양한 주제의 글쓰기를 통해 자기 자신을 다면적으로 성찰할 수 있는 기회를 제공한다. 강사가 주차별 주제에 대한 간단한 촉진 강의를 한 후, 학생들은 각 주제에 맞춰서 글을 쓴다. 그리고 자신이 수업 시간 중에 쓴 글을 조별로 낭독하고, 조별 멤버들은 잘 듣고 있다가 그 글을 듣고 자신이 느낀 점을 서로 나눈다. 

문학상담에서 사용하는 피드백과 셰어링 기법의 특징은 일반적인 글쓰기 합평과 달리, 글의 잘잘못을 따지는 것이 아니며, 순수하게 그 글을 접했을 때의 자신의 느낌과 그로 인해 떠오르는 또 다른 자신의 이야기들을 나누는 것이다. 

이 수업을 통해 학생들은 자신의 삶을 사랑하고, 자기 자신과 타인의 존재에 감사하게 되며, 몰랐던 자신의 가능성과 잠재력을 발견하는 시간을 갖게 될 것이다. ",
GEN9245,창의성계발과창의융합인재되기,3,교양선택,1,1,ERICA 대학,"평생교육의 시대, 4차 산업혁명, AI 인공지능, 디지털 리터러시, Chat GPT 등의 과학 기술의 발전과 빠른 사회 변화 속에서 필요한 인재상으로는 창의융합역량을 갖춘 인재이다. 인간의 기본 심리와 교육심리학의 영역의 인지적 측면에서의 창의성을 다룬다. 창의융합역량이란 창의역량, 자기주도학습역량, 창의적 리더십을 갖추고 학제 간 융합 속에서 창의적 기법을 적용하여 산출물을 만들어 내는 것이다. 교육심리학의 측면에서의 인간의 인지적, 정의적 특성을 이해하여, 창의역량, 자기주도학습역량, 창의적 리더십에 대한 이해를 도모하여 창의적 산출물을 발현하고자 한다. 본 강좌를 수강한 후 학습자는 자신의 역량, 창의성을 발견하고, 인간의 심리적 측면에서의 창의성에 대한 올바른 이해를 토대로 창의적인 아이디어를 발산하고, 창의적 리더십을 갖추는 글로벌 리더로서 역량을 갖추게 될 것이다. ",
GEN9246,초보자를위한인공지능활용,3,교양선택,1,1,ERICA 대학,"기초적인 인공지능 정의과 원리를 설명하고 음성, 이미지, 영상등 다양한 데이터를 기반으로 데이터를 분류하고 인공지능을 학습시킴으로서 인공지능 시스템의 원리를 이해하고 이를 활용할 수 있는 다양한 인공지능 프로젝트를 직접 구현하여 문제해결력, 창의력, 응용력등을 배양한다. ",
GEN9248,건강관리를위한식이조절과운동,3,교양선택,1,1,ERICA 대학,"지난 5년 동안 우리나라 비만 인구비율은 해마다 3%씩 증가하여 이제는 성인 서너 사람 중에 한 사람은 비만이 되었고, 코로나19 이후 과체중 및 비만 학생 비율은 급속히 더 늘어나고 있다. 특히, 20대 여성 고혈압은 61.8% 증가했으며 20대 남성 고혈압은 40.5% 상승한 것으로 나타나 식이조절과 운동의 필요성이 제기되고 건강관리가 중요한 사회적 이슈가 되고 있다.
본 수업은 SDGs의 17개 목표 중‘건강과 웰빙’의 건강한 삶과 웰빙의 장려 차원에서 건강관리를 주 목적으로 진행되는 교양수업이다. 구체적으로 과체중 및 저체중 학생을 대상으로 건강한 신체를 유지하기 위한 방법을 모색하고 올바른 식이조절과 운동방법을 통해 대학생의 삶의 질을 높일 수 있을 것을 기대한다. ",
GEN9249,14가지질문으로시작하는교양통신네트워크이야기,3,교양선택,1,1,ERICA 대학,"인터넷, 센서 부품, 네트워크 장비의 발달로 인간들 간의 소통의 범위와 속도뿐만 아니라 인지 범위까지 급격히 확대되고 있다. 본 교과목에서는 현대인들의 사고와 성장, 생활 형태를 결정짓는 통신 및 통신네트워크(이하 통신/네트워크)에 대한 여러 요소들을 비전공자의 관점에서 살펴보면서 통신/네트워크의 발전이 인간 생활에 어떤 영향을 끼치며, 안전하고 행복한 사회를 구성하기 위해 통신/네트워크는 어떻게 이용되고 있으며 어떻게 발전되어야 하는 지를 함께 고민해 본다. 교과목의 전반부에서는 주로 통신/네트워크의 구조와, 동작과 설계 원리, 성능 한계에 대한 개념들을 소개하고, 후반부에서는 통신/네트워크가 필수적인 기업들의 비즈니스 모형, 안전한 사회 구축을 위한 통신/네트워크의 이용 사례, 미래 통신/네트워크에 대한 고민을 함께 살펴본다. 매주차별 강의는 통신/네트워크에 관해 가질 수 있는 보통의 열네가지 질문에서 시작하여 전자컴퓨터공학전공자들이 아니라도 직관적인 해답에 도달할 수 있도록 구성되며, 해답은 1차적이고 즉각적인 답과 보다 심도 있게 토론되는 2차적인 답이 함께 제시된다.",
GEN9252,수와무한,3,교양선택,1,1,ERICA 대학,"이 수업의 목표는 수학의 기초 개념과 기본적 논리구조를 통하여 수학적 사고를 발전시키는데 있다. 이는 학생들에게 수학적 진리의 이해도와 수학적 사실을 증명 하는 기술을 향상 시키는데 도움이 될 것이다. 주요 논제로는 명제논리, 술어논리, 페아노의 자연수 공리, 실수의 비가산성, 귀류법 증명, 수학적 귀납법 등이다.",
GEN9253,SDGs와ESG로보는지역사회,3,교양선택,1,1,ERICA 대학,"2015년 UN에서 발표한 지속가능발전목표 SDGs와 글로벌 경영 트랜드인 ESG를 이해하고, 그 관점에서 지역사회(안산시)의 현안을 살펴본다.

*지속가능발전목표(SDGs)는 '지속가능한 지구의 발전'을 위한 국제적인 약속으로 '지속가능한 경제성장, 포용적 사회 및 기후환경위기 극복'을 추구함으로써 현재 세대는 물론 미래 세대가 보다 나은 삶을 누실 수 있도록  하고자 함.
* ESG는 지속가능한 지구를 위해 기업이 비재무적인 요소인 Environment(환경), Social(사회), Governance(지배구조) 요소를 함께 고려해야 함을 강조하고 있으며, 전 세계적으로 기업간, 기업내 ESG의 중요성이 높아지고 있음. ",
GEN9254,인간심리와평생학습,3,교양선택,1,1,ERICA 대학,"4차 산업혁명 시대에 요구되는 평생학습의 필요성을 인식하고, 평생교육에 대한 이해를 증진하기 위하여 인간의 기본 심리와 교육심리학의 영역을 다룬다. 교육심리학은 심리학에서 검증된 제 이론을 교육의 현장에 적용하는데 초점을 두고, 교수학습의 효율성을 높이기 위해 학습자에 대한 심리적 특성 및 행동의 변화를 심리학적으로 탐구하는 학문이다.또한, 학습자의 이해(인지발달, 성격, 도덕성, 동기), 학습에 대한 이해(행동주의, 인지주의 학습), 수업에 대한 이해(교수이론, 효과적인 교수법), 생활지도와 정신건강에 대한 이해(생활지도, 상담, 정신건강), 학업평가에 대한 이해(평가유형, 평가도구) 영역에서 이론체계를 확립하고 실제 교실에서 효과적으로 적용할 수 있는 실천적 학문이라고 할 수 있다. 본 수업에서는 평생학습사회에서 인간의 심리, 교육심리학, 전생애적 발달이론 등의 이론에 대한 학습 및 토론을 통하여 교육의 패러다임을 탐구한다. ",
GEN9255,ResidentialCollege리더십특강,3,교양선택,1,1,ERICA 대학,"- 여러 분야에서 훌륭한 리더십으로 학계, 산업계를 이끌어가고 있는 전문가로부터 그들의 지식과 경험을 소개함으로써 학생들의 리더십 향상에 기여함.
- 최근 사회에서 요구되는 리더십과 관련된 핵심 개념과 노하우를 제공함.
- 골프를 통해 학생 개개인의 피지컬 트레이닝과 스포츠 역량 개발을 통해 육체적, 정신적인 건강을 증진시키며, 다양한 커뮤니케이션 및 관계형성의 중요성을 학습 함.
- 학생들의 리더십 함양 및 전문 지식을 제공하여 미래의 리더로서 필요한 능력 향상을 목표로 함.",
GEN9256,기업의신상품기획실무1,3,교양선택,1,1,ERICA 대학,"1. 트렌드에 대한 이해를 기반으로 새로운 상품기획을 한다
2. 기업에서 실무적으로 진행되는 상품기획에 대해서 이해한다",
GEN9257,지속가능사회를위한ESG,3,교양선택,1,1,ERICA 대학,"급격한 기후변화, 계속되는 전염병의 위협을 계기로 경영을 비롯한 사회활동의 지속가능성에 대한 관심이 극대화 되었다. 
전 인류가 세대를 거쳐 오래도록 함께 살아갈 수 있는 ‘지속가능사회’를 위한 지속가능발전목표(SDGs)에 대한 글로벌 합의 이후, 최근 ESG가 기업을 중심으로 시작됐지만 현재는 기업을 넘어 정부, 공공기관, NGO와 교육기관 등 사회 전체영역으로 확산되었다. 글로벌 시민의식을 갖춘 ESG 역량 및 전문성에 대한 기업의 인재수요 증가가 높아졌다. 

본 강좌에서는 ESG 활동의 현황과 사례에 대해 학습하고, 학생 스스로 사회 각 분야에서 실행할 수 있는 ESG전략에 대한 프로젝트를 진행하고, 산업계 전문가가 직접 멘토링하는 과정을 통해 ESG 관련 문제를 인식하고 해결하는 능력을 배양하고자 한다.",
GEN9258,과거로미래를보다:우리가달에가는방법,3,교양선택,1,1,ERICA 대학,"본 강의는 공학, 물리학, 역사의 측면에서 달 탐사에 초점을 맞춘 우주개발과 관련된 내용을 배우는 강의로, 과거 미국의 아폴로 우주선 프로젝트를 중심으로 하여 우주공학의 기술적 도전과 물리적 원리, 그리고 이에 수반된 역사적 의의를 다룬다. 이 강의의 주요 목표는 학생들이 아폴로 우주선을 통해 우주개발의 역사적 경과, 기술적 도전, 그리고 이로 인한 과학적 성취를 깊이 있게 이해하는 데 있다. 특히 본 강의는 다양한 공학과 물리학의 주제를 포함하며, 우주개발의 과거부터 현재까지의 동향을 살펴보고, 미래의 우주 개발에 대한 통찰력을 가지는 것을 목표로 한다. 주요 주제로는 우주개발의 역사와 동기로, 우주 개발의 원천과 과거 프로젝트의 성과 및 도전적인 과제에 대한 이해를 다룬다. 또한 아폴로 우주선의 기술적 특징과 설계에 대한 내용으로, 주요 기술적 특징과 과학적 목표, 그리고 이에 수반된 설계 및 개발의 원리를 살펴본다. 마지막으로 아폴로 우주선의 발사와 달 착륙에 관한 것을 구체적으로 학습하여, 발사 과정과 달로의 도전적인 착륙, 그리고 달 표면 착륙의 의미와 과학적 성과를 다룹니다. 더불어 현대 우주개발의 동향과 미래 전망에 대해 다루어, 현대 연구 및 개발 동향과 미래의 우주 탐사 및 개발 방향에 대한 전망을 살펴본다.",
GEN9260,리더십이론과실제,3,교양선택,1,1,ERICA 대학,"누구나 리더가 될 때도, 구성원이 될 수도 있음
리더십은 어떤 특정분야의 학문이 아니고 사람들과 소통하고 의사전달을 하기위한
느슨한 자격과 같음, 아울러 코칭, 멘토링, 카운셀링 같은 리더십분야를 소개하고
사례를 살펴보고 토의를 통해 느끼는 과목임",
GEN9261,21세기중동과새로운이슬람문화,3,교양선택,1,1,ERICA 대학,"우리는 오랫동안 서양 중심사상(Eurocentrism)에 기초한 “서양사=세계사” 프레임과 중국 중심의 중화관에 갇혀 다른 문화권에 대한 올바른 이해가 부족했다. 그 결과 동남아시아, 중앙아시아, 라틴 아메리카, 인도, 아프리카, 오세아니아 지역의 역사와 문화는 늘상 주변부, 변방, 비주류에 속한 덜 중요한 부분으로 교육되고 인식되어 왔다. 무엇보다 인류문명의 뿌리이고 요람이었던 중동-이슬람 문명권은 심지어 적대적 관점에서 접근하는 심각한 오류가 반복되어 왔다. 무엇보다 신라시대 이후 이슬람권과 한반도의 문화적 접촉과 역사적 교류도 밝혀지고 있어 우리의 관심을 끌고 있는 지역이다. 현재 이슬람 문화권은 인구 20억, 유엔회원국 57개국을 거느린 세계 최대 단일 문화권이고, 자원과 자본을 바탕으로 세계경제에 중요한 몫을 차지하고 있다. 거의 절대적으로 중동-이슬람권 원유에 의존하는 우리나라에게도 이 지역은 가장 중요한 경제적 파트너로 플랜트, 우주항공산업, 할랄산업, 방위산업, 그린수소, 조선, 대체에너지, 식량 안보 분야, 제약-화장품, K-culture 등에서 전방위적 협력관계를 맺고 있다. 이런 배경을 적극적으로 고려하면서 이번 학기 우리 강의에서는 다음과 같은 주제를 집중적으로 다루어보고자 한다. 
1. 이슬람 세계의 현황 파악과 균형있게 바라보기
2. 인류문명의 요람으로서 중동의 역사와 이슬람의 태동과 발전
3. 이슬람 문화와 생활방식의 이해
4. 서구와 이슬람의 갈등과 대립의 원인과 역사 
5. 중세 천년 이슬람문명이 인류사회에 끼친 영향
6. 탈서구적 이슬람 지성사, 세계관
7. 기후변화 대처와 탄소중립으로 가는 아랍의 미래 도시전략",
GEN9262,치유적건축과미술,3,교양선택,1,1,ERICA 대학,"본 강의는 건축을 인문학적인 관점에서 해석하고, 몸과 마음을 치유하는 건축에 대하여 설명하고, 이와 관련된 미술 활동을 통해 스스로 돌보는 체험을 주고자 합니다. 특히 우리시대의 치유와 돌봄의 건축에 대하여 생각해 봄으로써 도시환경에 대한 새로운 시각을 갖게 하고 건축전공이 아닌 학생들에게 새로운 통찰력을 갖게 하는데 강의의 목적이 있습니다.  ",
GEN9263,"AI,내편만들기",3,교양선택,1,1,ERICA 대학,"‘AI, 내편만들기’는 인공지능 초보자를 위한 수업으로 AI 기술들을 살펴보고, AI 도구를 활용하여 부담 없이 인공지능을 접하고 활용할 수 있는 수업입니다. 
이를 위해 AI 이론뿐만 아니라, 학생들이 실제로 도구를 사용하고 경험하면서 더욱 효과적으로 실용적인 학습 경험을 제공하여 AI 접근성을 높입니다. 수업에서 다루는 도구들은 직관적이며 즉시 피드백을 받을 수 있어 더욱 실용적인 학습을 제공하게 됩니다.
‘AI, 내 편 만들기’ 교과의 인공지능 도구를 활용한 실습은 학생들에게 창의성을 발휘하고 문제를 해결하는 능력을 키우는 기회를 제공하게 되며 이는 미래에 필요한 핵심 역량의 기초가 될 것입니다. ",
GEN9264,의사결정편향과빅테크시대의의사결정,3,교양선택,1,1,ERICA 대학,"본 과목에서는 수십년에 걸쳐 다듬어져 온‘행동적 의사결정 이론’을 바탕으로 우리의 일상적인 판단과 의사결정이 어떠한 무의식과 오류 및 편향성의 영향을 받는지를 보다 평이하고 일상적인 사례들을 통해서 살펴봄으로써, 비전공 학생들도 스스로의 의사결정 및 선택 과정에 대한 이해도를 높이고 다양한 편향성에서 벗어나 보다 더 합리적인 의사결정과 선택을 일상 및 업무 상황에서 할 수 있게 도움을 주는 것을 주 목적으로 한다. 아울러 본 교과목은 인공지능을 비롯한 첨단기술이 많은 의사결정과 선택에 영향을 주는 빅테크 시대가 도래함에 따라 이미 발생하고 있거나 발생할 수 있는 새로운 의사결정 관련 편향성과 윤리적 이슈들을 살펴보고, 우리는 이들에 대해 어떻게 대처해야하는지에 대한 성찰의 기회를 학생들에게 제공하는 것을 또 하나의 목적으로 한다.",
GEN9313,BigQuestion:탐구의시작,2,교양필수,1,1,LIONS자율전공학부(전계열),,
I-D0091,영상디자인스튜디오1,,전공핵심,2,,영상디자인학과,IC-PBL교과목으로서의 특징: 영상디자인스튜디오1 에서는 영상의 실무적 목적에 맞게 연출 제작하는 방식을 훈련한다. 영상 제작에 있어서의 문제 상황인 콘텐츠 및 퍼블리싱 플랫폼에 따른 연출 제작방식을 학습자가 주도적으로 분석하여 해결방법을 찾게 된다. 팀 작업으로 커뮤니케이션 및 프리젠테이션 기술을 연습할 수 있다.,
I-D0094,크리에이티브프로토타이핑,,전공심화,3,,디자인공학전공,"인터렉티브, 미디어, 엔터테인먼트 컨텐츠 디자이너를 위한 디자인 프로세스의 전체과정을 아날로그 프로토타이핑을 중심으로 경험하는 IC-PBL 수업이다. IC-PBL 시나리오는 w1 오리엔테이션 시간에 제시할 예정.",
I-D0098,패션디자인기획,,전공핵심,2,,주얼리·패션디자인학과,패션 실무에서 패션디자이너와 패션 머천다이저가 행하는 작업 순서대로 수업을 진행하여 본 수업을 이수 시 경력 디자이너나 머천다이저가 될 수 있도록 한다. 어패럴업체에서 매 시즌 디자인 컨셉잡고 디자이닝 후 샘플작업에 이르는 전 과정을 실습하여 그 결과물을 포트폴리오로 정리한다.,
I-D1019,3D프로덕트디자인,,전공핵심,2,,융합디자인학부,"본 수업은 3D 프로덕트 디자인에 대한 심화 교육을 제공하며, Rhino 3D와 KeyShot을 활용하여 전문적인 디자인 퀄리티를 향상시키는 데 중점을 둡니다. 이 과정은 창의적인 제품 컨셉 개발 뿐만 아니라, 제품 형상과 디자인에 대한 당위성을 이해하고, 전반적인 제품 디자인 프로세스를 배우는 것을 목표로 합니다. 수업은 실습 중심으로 진행되어 이론과 실습을 접목한 학습 기회를 제공합니다.",
I-D1041,패션드레이핑1,,전공핵심,2,,주얼리·패션디자인학과,"패션 드레이핑은 인체 형상의 드레스 폼 위에 옷감을 놓고 직접 재단하는 것으로, 패션 디자인 발상을 자유롭게 표현하기위해, 기초 원형부터 제작, 작품까지 정확하게 얻어낼 수 있는 이상적이고 효율적인 의복 구성 방법이다.",
I-D1076,아이디어발상,3,전공기초,1,1,영상디자인학과,"아이디어와 컨셉 도출에서부터 아이템 개발, 디자인에 이르기까지의 전개과정을 통해 창의적인 사고로 창조하고, 문제를 해결할 수 있는 능력을 배양토록 한다. 이를 통하여 아이디어의 발상 및 과정의 중요성을 학습하고, 디자인에서 예술적 창의력이 고부가가치의 산업임을 인식도록 한다.디지털 멀티미디어 시대라는 빠른 디자인 환경적 변화에 따른 디자인 기본개념을 이해하고, 체계적이며 실제적인 디자인 능력 강화와 영상디자인에 대한 창의적이고 효율적인 디자인 능력을 위한 참신한 아이디어 발상 및 방법을 알며, 아이디어를 디자인화 시킬 수 있는 기초적인 표현 능력을 배양하는데 수업의 목적이 있다.
",
I-D1077,미디어와엔터테인먼트,,전공핵심,2,,영상디자인학과,"본 ˂미디어와 엔터테인먼트˃ 교과목은 미디어를 기반으로 한 영상디자인의 역사와 특성을 다룬다.
다양한 응용사례들을 통해서 학생들은 효과적이 커뮤니케이션 미디어 및 디자인 방법론에 대해 공부한다.",
I-D1078,이미지툴&테크닉스1,3,전공기초,1,1,영상디자인학과,본 강의는 디지털이미지 제작의 기본툴인 Adobe Illustrator와  Adobe Photoshop 프로그램을 중심으로 실습하고 컴퓨터그래픽의 기본개념 및 시스템에 대한 이해를 형성하고 개별적으로 결과물 제작을 통해 활용방법과 문제해결 능력으로서의 디자인적 사고를 할 수 있도록 준비된 강의입니다.,
I-D1079,이미지툴&테크닉스2,3,전공기초,1,1,영상디자인학과,"본 교과목은 `이미지툴&테크닉스1`에서 학습했던 하드웨어와 소프트웨어 전반에 걸친 기초지식을 가지고 디자인의 기본이 되는 원리, 관찰 및 전개를 통하여 다양한 감각과 창의성 및 독창성을 발견하고 또한 이를 실제작업을 통하여 고급 영상 이미징툴과 테크닉을 습득한다
",
I-D1089,영상디자인스튜디오2,,전공핵심,2,,영상디자인학과,"'영상디자인스튜디오2'는 영상콘텐츠의 기획·제작·편집으로 이어지는 실무 프로세스 전반을 수강생들이 직접 경험해 보는 수업이다.
본 수업은 영상컨텐츠 제작현장에서 발생하는 문제들을 수강생들이 해결해 나아갈 수 있는 실무제작 시나리오를 제 공한다.
영상제작의 기초적인 이론과 실무의 흐름을 파악하고 팀프로젝트를 통해 영상제작과정을 경험하는 것이 '영상디자인 스튜디오1'의 목표였다면, '영상디자인스튜디오2'는 보다 미디어 리터러시(Media literacy)의 영역에서
보다 적극적인 영상연출과 제작을 경험하는 수업이다. 궁극적으로는 수강생들의 학습능력과 협업 방법론을 익힐 수 있는 현장학습(IC-PBL) 통해 문제를 해결해 나아갈 수 있는 능력을 함향하는 것을 목표로 한다.",
I-D2007,일러스트레이션,,전공핵심,2,,융합디자인학부,"기초조형 요소인 그래픽디자인은 전통적인 인쇄매체에서부터 새로운 디지털 미디어에 이르기까지 본격적인 실무 디
자인에 입문하기 위한 단계로 시각 전달 매체 디자인의 기본기를 다지는 과정이다. 인문학적 소양과 과학적 사고를 통해 체계적인 시각 이미지 생산의 방법을 연습하며, 또한 감성적 관찰과 창의적 표현을 향상시켜 이후 결과물을 만들어내는 능력을 배양한다. 이에 본 교과는 IC-PBL 교과목으로 현장과 함께 협업함으로써 다양한 정보를 그래픽으로 시각화하는 훈련을 하게 된다. 학생 스스로 문제를 파악하고 그 문제의 답을 해결해가는 과정을 통해 전공분야의 역량을 키워 실무현장에서 필요한 디자이너의 역할과 기업문화를 이해하며 디자이너간의 협업, 의사소통 및 결정과정을 걸쳐
창의적인 디자인 프로세스와 실무를 경험한다. 또한 여러 구성원들과의 상호교류를 통해 창의적 문제해결 능력과 협업 능력을 갖춘 인재양성의 기회를 얻을 수 있다.",
I-D2039,베이직비주얼미디어,,전공핵심,2,,영상디자인학과,"멀티미디어미디어의 개념과 기획, 디자인 등 멀티미디어 디자인 제작을 위한 기초과정 개발 사례를 연구, 학습 한다. 멀티미디어 시대라는 빠른 디자인 환경적 변화에 따른 디자인 기본개념을 이해하고 체계적이고 실제적인 디자인 능력 강화와 멀티미디어디자인에 대한 창의적이고 효율적인 디자인 능력을 배양하는데 목적을 둔다.",
I-D2040,멀티미디어프로덕션,,전공핵심,2,,영상디자인학과,멀티미디어의 인터랙티브한 요소와 다중매체의 활용을 통하여 시각적 커뮤니케이션의 표현적 측면과 기능적 측면의 균형을 맞추어 다양한 매체의 활용을 디자인적인 관점에서 접근하고자 한다.,
I-D2041,디지털타이포그라피1,,전공핵심,2,,영상디자인학과,"이과목은 시각 커뮤니케이션의 중요한 도구인 타입페이스를 사용하는 컨셉 및 방법을 경험하고 습득하고자 한다.
타이포그래피의 역사와 용어에 대해 알아보고, 실제 프로젝트를 진행하면서 새로운 디자인 스타일을 만들어 낼 수 있는 타이포그래피의 가능성에 대해 연구해 본다.
모든 과제물은 항상 수업전날 오후 6시까지 LMS에 업로드해주세요. 다른사람의 작업물을 무단도용(표절)이 의심되는 경우에는 원본제출을 요청하며, 표절임이 밝혀질 경우에는 과제물 점수 0점으로 처리합니다. 과제물 발표는 직접 발표를 권장하나, 한국어에 능숙하지 않은 교환학생의 경우에는 동영상파일로 발표를 준비하여 대체할 수도 있습니다.",
I-D2075,내러티브&인터랙티브프로젝트1,,전공심화,4,,영상디자인학과,"본교과목은 기업의 브랜드의 가치와 이미지를 제고하기 위해 브랜드의 전략적 메시지를 담은 스토리텔링 기법과 사용자의 긍정적인 브랜드 경험을 극대화하는 피지컬 인터랙션 기법의 광고전략과 브랜딩 디자인을 활용한 광고 캠페인 프로젝트의 기획, 제작을 통하여 진보적이고 실용적인 디자인 전략을 배울 수 있는 스튜디오클래스 입니다. 디지털미디어 광고의 핵심 요소는 내러티브와 인터랙션이다. 수강생들은 그 핵심요소의 속성을 학습하며, 편성된 팀과 협동적인 도전 프로젝트을 진행하면서 창의적이고 실상적인 프로젝트의 실용적인 활용 방안을 모색한다. 본 과정은 졸업작품을 위한 필수과목이며 프로젝트 결과는 졸업작품전시회 출품을 기본으로 한다.",
I-D2088,애니메이션워크샵,3,전공핵심,1,1,영상디자인학과,"본 과목은 애니메이션에 대한 기본적인 이해와 이론을 바탕으로 애니메이션 제작 실습 워크샵을 진행하고, 애니메이션 영상의 다양한 시각화 표현기법과 연출의 차별성을 연구하는 수업이다. 
또한 이러한 과정들 가운데 다양한 예시 애니메이션 작품들을 읽고 해석하면서 애니메이션이 예술 혹은 영상산업적 관점에서 대중들에게 어떤 의미와 영향력이 있는지에 대하여 논의해본다.
특히 본 과목은 IC-PBL 과목으로써 애니메이션 이론과 실습을 바탕으로 학습자가 자기 주도적으로 주어진 문제를 해결하는 문제해결형 수업방식으로 진행된다.   ",
I-D2093,크리에이티브프로그래밍1,,전공핵심,2,,영상디자인학과,"인터렉티브, 미디어, 엔터테인먼트 컨텐츠 디자이너를 위한 중급 프로그래밍 수업이다. 명령어, 변수, 조건문, 반복문, 함수, 디버깅 등의 기본적인 프로그래밍의 구성요소들의 개념에 대한 정확한 이해와 이들 요소들을 활용하여 실제적인 미디어 디자인과제를 해결할 수 있는 능력을 훈련하는 것을 목적으로 한다.
나아가 실용적 AI의 확산에 발맞추어 AI 활용 프로그래밍 문제 해결을 병행할 것이며, 프롬프트 엔지니어링에 대해서도 간단히 다루고자 한다.",
I-D2102,생산가구디자인워크샵,,전공핵심,2,,산업디자인학과,"본 수업은 수강생의 자유로운 창조력을 중심으로 강의자가 제시한 주제에 대해 다각도에서 접근해 가구 디자인으로 풀어가는데 목표가 있다. 디자인을 진행하는 과정에서, 자신의 디자인 아이디어를 타인에게 시각적으로 쉽게 전달할 수 있는 가장 기초적인 기법인 핸드 드로잉의 학습을 기본으로 한다. 이어서 2D 혹은 3D 프로그램 툴과의 혼용 학습이 추가적으로 진행될 예정이다. 이 수업의 첫 번째 목적은 아이디어를 구체화해서 표현할 수 있는 메인 컨셉 스케치(형태와 라인 드로잉)를 종이나 태블릿을 활용하여 그리는 것이며 인체공학적으로 적절한 가구의 치수를 선정할 수 있는 능력을 기르는데 있다.두 번째, 본인의 핸드 드로잉 아이디어 스케치를 컴퓨터 2D 그래픽 툴인 포토샵 등으로 옮겨와서 보다 효율적인 컬러링(CMF표현)을 하는 것이다. 이를 통해 본인 아이디어의 사실적인 이미지로 만들어 시각적인 효과를 좀 더 높여, 타인에게 디자인을 제안할 수 있는 것에 주된 목표가 있다. 세 번째, 위의 결과물들을 바탕으로 3D 모델링과 스케일 모형을 제작 후 전반적인 디자인 프로세스를 습득하고 한 장의 패널로 전 디자인 과정을 정리해보는 것을 목적으로 한다. 마지막으로 이 과정을 통해 본인만의 가구 디자인 방법론을 정립하는데 궁극적인 목표가 있다.",
I-D3005,편집디자인1,,전공기초,3,,커뮤니케이션디자인학과,"레이아웃 구성요소인 타이포그래피, 여백, 색채, 사진 및 일러스트를 활용한 다양한 프로젝트 진행을 통해 레이아웃의 기본을 이해하고 응용 가능토록 하여 디자인의 그리드 시스템과 레이아웃, 그리고 타이포그래피와 연계된 종합적 관점에서의 편집디자인을 이해하도록 한다.",
I-D3028,운송기기디자인1,,전공핵심,3,,산업디자인학과,"이 강의는 미래 모빌리티 디자인을 중심으로 진행된다.
정보 산업화에서 시작된 전자화, 디바이스화, 사물인터넷화의 변화가 제품, 패션, 건축 등으로 확산되었고 최근 20여년 간 자동차 산업도 전동화를 시작으로 같은 변화를 겪고 있다. 이는 자동차 산업과 타 분야 간의 융복합 현상을 촉진하고 이를 통해 자동차의 기존 개념이 재정립되고 있다. 고전적 자동차산업의 고유성에 머물던 기성 자동차 제조사들은 도태되는 가운데, 혁신적인 스타트업들이 시장의 혁신을 주도하고 있다.
이러한 페러다임 변화에 따라, 자동차 디자이너에게 요구되는 역량도 변화하고 있기에, 본 강의 취지는 수강생들이 자동차의 고전적 개념을 넘어 다양한 분야의 지식과 디자인 사고법을 통섭적으로 이해하고 모빌리티 디자인 역량을 갖출 수 있도록 하는 것이다.",
I-D3030,CAD1,,전공핵심,3,,산업디자인학과,"제품디자인 과정에서 3D모델링 작업의 결과물은 이미지 제작을 위한 목적과 제작을 위한 설계에 목적이 있다.
제품디자인에서의 3D모델링 작업도 이미지 렌더링 뿐아니라 실제 설계에서 활용될 수 있도록 작업하는 것이 중요하다.
설계 엔지니어링과의 협업를 고려해서 제품디자인 모델링 단계에서부터 설계 엔지니어링과 동일한 프로그램으로 작업하면 업무 능률의 향상을 기대할 수 있다.",
I-D3058,엔터테인먼트미디어디자인1,,전공심화,3,,영상디자인학과,"미디어 플랫폼의 빠른 성장과 변화에 따라 영상 콘텐츠에 대한 수요가 점차 늘어나고 있다. 특히 사진, 동영상, 그래픽, 오디오를 넘어서 인터랙티브, 인공지능을 사용하는 뉴미디어는 창의적 콘텐츠의 영역으로 주목받고 있다. 본 수업은 미디어 콘텐츠 시대의 현주소를 살펴보고 그 속에서 자신만의 영역을 찾아내는 하나의 과정이 되고자 한다. 이 과정을 통해 수강생들은 비주얼 스토리텔링 활용 능력을 단계별로 키워나갈 것이며 효과적으로 실무에서의 디지털미디어 영상콘텐츠를 기획하고 제작하는 연출 능력을 갖추게 될 것이다.",
I-D3088,패션일러스트레이션,,전공기초,1,,주얼리·패션디자인학과,"패션 전공의 기초과목으로 패션디자인의 시각적 표현 능력을 키우는 수업이다.
이러한 능력은 패션 커뮤니케이션의 시작으로 패션디자이너가 되기 위한 필수 과정이다.
이를 위해 다양한 드로잉 방법을 실습하며 인체 프로포션, 포즈 등 인체와 의복의 물리적 구조를 익히고, 착장화 그리기를 통해 의복소재의 다양한 표현기법을 익힌다.",
I-D3100,창의캡스톤디자인1,,전공심화,3,,컬처테크놀로지전공,"본 수업은 'ICT와 헬스케어의 융합 분야'인 디지털 헬스케어 및 의료 인공지능 등을 주제로 팀 프로젝트를 수행합니다.
학생은 교강사와 논의하여 주제를 선정하고, 해당 주제를 토대로 데이터 수집, 분석, 해석의 전반적인 과정을 통해 프로젝트를 진행합니다.",
I-D4044,디지털미디어퍼스펙티브,,전공심화,4,,영상디자인학과,"비디오, 음향, 그래픽, 애니메이션과 텍스트 같은 여러 종류의 매체집합이라 할수있는 디지털미디어에 관해 이해를 하고 인터랙티브 디지털미디어 타이틀의 제작을 목적으로 한다.",
I-D4086,산학협동연구,,전공심화,4,,산업디자인학과,"본 교과의 주요 목표는 학생들이 현업에서 사용되는 (제품) 디자인 프로세스를 습득함으로써 스스로 문제를 파악하고 그 해답을 찾아내는 능력을 기르는 것입니다. 수업은 15주 동안 진행되며, 전공 분야의 역량을 활용하여 디자이너의 역할과 기업 및 소비자 문화를 이해하는 방법을 배우고, 다른 디자이너들과의 협업, 의사소통과 결정 과정을 경험하게 됩니다. 또한 이러한 지식을 활용하여 디자인 시제품을 제작하고, 디자인 효과를 검증하고 사용자 경험을 측정하는 능력을 향상시킬 것입니다. 수강자들은 고학년(졸업학년)임을 고려하여 개인/팀별 졸업 작품을 발전시키는 것을 목표로 합니다. 본 수업은 3학점 모두 영어로 진행되며 꼭 졸업작품의 수준을 높히고자하는 의지가 강한 수강생들만 신청하기 바랍니다.",
I-D5023,디자인과창업,,전공심화,4,,산업디자인학과,산업환경과 기술혁신으로 변화하는 기업과 사회의 변화를 이해하고 취업준비와 동시에 개인의 디자인 마지막 목표인 창의적 디자인을 개발하고 이를 활용화 할 수 있는 방법으로 새로운 컨셉과 개념을 기본으로 하는 디자인을 개발하여 1인 창업을 계획한다.,
I-D5024,캡스톤디자인1,,전공핵심,3,,커뮤니케이션디자인학과,"다양한 전공의 학생들에게 디자인의 원리와 혁신적 문제해결방법을 소개하고, 전공별로 서로 협력하여 제시된 문제를 해결하도록 하는 수업이다. 본 수업은 강의, 사례연구 등과 함께 전공별 팀을 이루어 /실제적 문제해결의 프로젝트로 진행 된다.",
I-D5025,캡스톤디자인2,,전공핵심,3,,영상디자인학과,"영상디자인학과에 개설된 캡스톤디자인 수업으로 영상디자인학과 3학년생만 수강 가능하며
반드시 3인 이상 조별로 수강이 가능하다.
수업을 통해 반드시 하나의 실기프로젝트를 완성해야 한다.",
I-D5027,디자인주도개발프로세스,,전공심화,3,,산업디자인학과,"본 교과는 신기술 융합 디자인 프로그램의 일부로 디자인대, 공학대, 경상대 총 3개 단과대학 학생만 수강 신청이 가능한 수업입니다. 주요 목표는 학생들이 현업에서 사용되는 디자인 프로세스를 활용한 결과물을 완성하는 과정에서 관련 노하우를 습득하고 스스로 문제를 파악 하고 그 해답을 찾아내는 능력을 기르는 것입니다. 수업은 16주 동안 진행되며, 전공 분야의 역량을 활용하여 기업 및 소비자 문화를 이해하는 방법을 배우고, 다양한 전공자들과 협업, 의사소통과 결정 과정을 경험하게 됩니다. 또한 학습자들은 이러한 지식을 활용하여 디자인 시제품을 제작하고, 디자인 효과를 검증하고 마케팅적으로 사용자 경험을 측정하는 능력을 향상시킬 것입니다.",
I-D5028,신기술UX디자인,,전공심화,3,,커뮤니케이션디자인학과,"고객의 습관, 기술, 유행 등 시장 전체가 전 세대 보다 훨씬 더 빠르고 복잡하게 변하고 있으며, 그와 함께 모든 것이 예측 불허인 상황이 되었습니다.
빅데이터기반의 다양한 서비스와 AI, 그리고 로봇은 전통적인 직업의 영역을 이미 대체하고 있으며, 이미 일부 영역에서는 보다 빠르고 나은 결과를 도출하고 있습니다.
본 강좌는 기존 매체를 통한 UX디자인에만 국한되지 않고 근본적인 사용자를 파악하는 방법을 경험하게 하며, 이를 신기술에 접목시키는 방법과 함께 신기술의 도입이 사회적, 윤리적 영향을 미치는 것을 인식하고, 사용자의 프라이버시와 보안을 고려한 디자인 원칙과 기법을 학습합니다. 또한 신기술과 사용자 경험디자인의 관계를 이해하고, 신기술이 제공하는 잠재력과 혁신적인 UX 디자인의 중요성을 학습합니다.",
ICH2001,공업유기화학1,,전공핵심,2,,재료화학공학과,"본 강좌에서는 유기화합물의 기본구조와 공유결합결합에 대한 이해를 바탕으로 알케인, 알켄, 알킨 화합물, 방향족 화합물들의 특성 및 친전자성 부가반응, 친전자성 치환반응 등에 대해 소개하며, 입체화학의 개요와 중요성 및 분광분석법의 개념에 대해 다룬다.",
ICH2002,공업유기화학2,,전공핵심,2,,재료화학공학과,"본 강좌에서는 할로알칸, 알코올 및 에테르, 카보닐화합물, 아민화합물 등의 특성 및 반응에 대하여 강의함.",
ICH3012,전지화학,,전공핵심,3,,재료화학공학과,"본 수업에서는 최근 글로벌 모빌리티 산업에서 가장 중요시되는 전기공급방식인 이차전지와 연료전지에 대해 논하고, 리튬이온 배터리를 충전해 전기차를 움직이는 배터리 방식과 수소를 활용해 전기를 생산하는 수소연료전지 방식에 대해 배운다. 리튬이차전지 배터리와 수소연료전지를 사용하는 차량은 각각 명칭에서부터 BEV(Battery Electric Vehicle)와 FCEV(Fuel Cell Electric Vehicle)로 구분되는데 각각의 작동 기초원리와 용도에 따른 소재선정의 중요성, 최신의 이슈화 되는 있는 items 등에 대해 이론적 학습 후 3개의 팀을 구성하여, 전고상 이차전지 및 연료전지용 촉매기술 개발에 대해서 조사하여 연구보고서, 제안서, 영상물을 제출하여 멘토들과 함께 평가한다. 이를 통하여 향후 현장에서 적용될 수 있는 소재에 대한 이해를 증진시킴과 동시에 이를 위한 전지공정을 이해하여, 학생주도적교육을 실현하며, 학생들이 창의적인 사고와 태도를 함양하게 하도록 쌍방향적인 교육을 하는데 있다.",
ICH4007,환경과학,,전공핵심,2,,건설환경공학과,"환경과 환경오염의 제반특성을 이해하고 환경오염 처리공학 학습에 필요한 기본적 지식을 습득토록 하기 위하여, 환경의 구성, 지구환경문제, 물질순환, 생태계, 환경미생물, 환경화학, 수질오염과 자정 등 환경공학과 환경오염 전반에 관해 공부한다.",
ICT1001,기초확률통계,3,전공기초,1,2,303,,304
IDC2001,경영학입문,3,전공심화,1,1,경영학부,"以中国留学生为对象，将管理学与会计学相关基础概念混用汉语及韩国语授课。

- 管理学与会计学内容中必须理解的概念用汉语进行说明，并具备用韩语进行收听和表达的能力。",
IEN1002,선형대수학,,전공기초,1,,융합공학과,"선형대수학은 행렬로 표현되는 다양한 선형적 문제를 푸는 기본 algebra로, 행렬 연산, 벡터개념, 선형 변환, 직교, 고윳값 등에 대한 학습을 한다.",
IEN1007,미분수학,,전공기초,1,,융합공학과,공학에 대한 효율적인 학습과 이해를 위해 필요한 수학적 실력을 함양한다.,
IEN1010,공학기초수학,,전공핵심,1,,융합공학과,"본 과목에서는 공학을 학습하기 위해 기초적인 수학을 다룬다.
실수와 허수, 삼각비와 삼각함수, 삼각함수의 변환, 사인법칙 및 코사인법칙, 삼각함수의 덧셈정리, 삼각함수의 곱셈정리, 삼각함수의 합성, 무리수와 복소수, 복소수의 활용, 지수함수, 로그함수, 지수방정식, 로그방정식 등을 학습한다.",
IEN2002,정전기학,,전공핵심,2,,융합공학과,"본 과목에서는 (1) 정전기장의 개념을 이해하고, (2) 그 개념을 논리적으로 전개할 수 있는 쿨롱의 법칙, 가우스의 법칙 등을 학습하며, (3) 전기위치에너지, 분극 현상, 발산 정리, 전기 용량 등의 주제를 다룬다. 여러 정전하 분포에 의한 쿨롱의 법칙 및 가우스의 법칙을 이해하도록 한다. 분극 현상을 이해한 후 유전체와 유전율을 다루어 전기용량을 학습하고, 다른 매질 사이에서의 경계조건을 만족하는 정전기장의 연속 또는 비연속 개념을 학습한다.",
IEN2003,전기회로,,전공핵심,2,,융합공학과,"본 과목에서는 선형 시불변 기초적인 전기회로에 대한 개념 및 해석 방법에 대해 배우게 된다. 회로이론에서 습득한 내용을 기반으로 수동소자인 저항, 인덕터, 캐패시터의 특성 및 연산증폭기에 대하여 배우게 된다. 동적회로의 기본이 되는 RL, RC, RLC 회로의 고유응답과 직류전원을 사용하여 회로를 구동 시킬 때의 완전응답에 대해 습득하게 된다.",
IEN2005,정자기학,,전공핵심,2,,융합공학과,"본 과목은 수강생들이 (1) 정자기장의 개념을 이해하고, (2) 그 개념을 논리적으로 전개할 수 있는 비오-사바르의 법칙, 암페어의 법칙, 자기위치에너지, 회전 정리 등을 학습한다.",
IEN2007,프로그래밍응용,,전공핵심,2,,융합공학과,"본 과목에서 객체 지향 프로그래밍 원리와 프로그래밍 기술에 대하여 최근 다양한 분야에서 그 활용도가 높은 파이썬 언어를 사용하여 공부한다. 클래스, 객체, 정보은닉, 상속의 기본 개념을 설명하고, 프로그래밍 패턴을 통한 문제 해결 작성의 실습 과정과 테스트와 디버깅 방법과 개발 환경에 관한 이해를 높인다.",
IEN2010,융합캡스톤기초,,전공핵심,2,,융합공학과,"융합캡스톤기초는 융합공학을 학습하는 과정에서 발생하는 다양한 공학적 문제에 대하여 학생들이 좋은 해결책을 제시하도록 교육한다. 이 수업은 공학적 문제를 다루는 기본개념과 방법론을 학습하고, 연속되는 융합캡스톤입문, 융합캡스톤설계1/2/3/4의 기초를 함양하여 캡스톤설계를 할 수 있는 기초를 갖추도록 학습하는데 목적이 있다.",
IEN3002,융합캡스톤설계1,,전공핵심,3,,융합공학과,전공을 현장에 접목하여 융합적인 캡스톤 설계로 응용한다.,
IEN3003,창의공학특강,,전공기초,1,,융합공학과,"본 과목에서는 최근 관심이 높아지고 다양한 시도가 이뤄지고 있는 창의적 융합공학에 대한 기본 개념을 다루게 된다. 또한 다양한 분야의 창의적인 공학기술에 대한 소개 및 응용 분야, 이러한 기술들을 융합하여 새로운 시스템을 이룬 다양한 케이스스터디를 통해 학생들의 창의적 기술융합에 대한 응용력을 기를 수 있도록 한다.",
IEN3005,논리설계응용,,전공심화,3,,융합공학과,"순차논리회로의 분석과 설계 기법을 배우고 그 응용 사례를 다룬다. 주요 교과 내용은 래치와 플립플롭의 회로 구조 및 동작특성, 순차논리회로의 상태의 개념, 상태 간 천이, 상태 다이어그램, 그리고 플립플롭의 대표적인 응용 예로서 카운터와 레지스터의 설계이다.
또한, 프로그램 가능한 논리소자(PLD)의 특성과 종류를 알아보고 그 응용 회로를 간단하게 살펴본다.",
IEN3006,컴퓨터체제,,전공핵심,3,,융합공학과,본 과목에서는 융합공학의 기본이 되는 컴퓨터공학 관련 컴퓨터구조 및 운영체제 기초에 대해 학습하게 된다. 우선 컴퓨터의 기본 구조 및 동작원리에 대해 배우게 됨으로써 융합시스템에서의 컴퓨터의 역할을 이해하게 된다. 다양한 융합시스템 및 응용 시스템 설계의 기초가 되는 마이크로 프로세서의 기본 구조와 동작 원리를 다루게 된다. 마이크로프로세서를 동작시키기 위한 명령어들을 배우게 되고 High-level 언어로 작성된 프로그램이 마이크로프로세서 명령어로 변환되는 과정을 이해하게 된다. 마이크로프로세서의 핵심 기능인 연산을 담당하는 ALU의 기본 구조 및 동작을 다루게 된다.,
IEN3007,통합공학,,전공심화,4,,융합공학과,2025년도 1학기 개설 강의는 실용적인 측면에서 각종 물리량을 측정하는 시스템에 관한 것들을 다룬다.,
IEN3009,통신공학입문,,전공심화,3,,융합공학과,"통신 시스템 설계에 가장 기본이 되는 여러 가지 신호의 Fourier해석, 잡음의 이해를 바탕으로 통신 시스템에 대한 시간 및 주파수 영역에서의 응답 특성과 SNR 등의 성능 분석을 위한 기본 지식을 이해하고 DSB, AM, SB 등의 진폭 변조 방식과 FM, PM 등의 각변조 방식을 이용한 아날로그 송수신기의 구조 및 성능 비교에 대하여 학습함으로써 통신공학의 기본학습능력을 갖추도록 한다.",
IEN3010,통신공학응용,,전공심화,4,,융합공학과,"본과목은 아날로그 통신 시스템을 기반으로 내용을 바탕으로, 현재 우리 주변에 많이 사용되고 있는 수많은 디지털 통신 시스템의 특징과 원리를 이해하는데 주요 핵심 요지가 있다. 이전 학기에 배운 아날로그 신호처리 아날로그 통신의 기본원리를 다시 리뷰하고, 확률적인 기본 아이디어를 통한 디지털 통신 시스템의 특성을 이해하고, 이를 바탕으로, 디지털 신호 전송에 대한 기본 아이디를 바탕으로 디지털 펄스를 이용한 다양한 디지털 통신의 특성과 휴대폰의 통신 기본 원리를 이해한다.",
IEN4001,융합캡스톤설계2,,전공핵심,3,,융합공학과,본 수업에서는 개별 혹은 팀별 프로젝터를 선정하여 계획하고 실행하여 융합캡스톤입문을 학습한다.,
IEN4002,융합캡스톤설계3,,전공핵심,4,,융합공학과,팀별로 선정하고 계획한 프로젝트를 실행하여 최종 작품으로 완성하고 최종 보고서를 작성함으로써 융합캡스톤설계 과목을 마무리 한다.,
IEN4006,통합공학응용,,전공심화,4,,융합공학과,"공학 경영자로서 알아야 할 기업 경영에 필요한 재무제표, 자산관리, 수익관리 및 회계기초와
기업 평가를 통해 기업가치를 제고하는 방향 및 방법 등을 다루고자 한다.",
IEN4007,융합캡스톤설계4,,전공핵심,4,,융합공학과,최종 보고서 작성 및 피드백,
IEN4010,융합공학과연구실심화실습3,,전공심화,4,,융합공학과,"본 강의는 융합공학과 학생들에게 대학원에서의 연구 주제와 연구 활동 중 기초적인 내용을 미리 학습하고, 체험하게 함으로써 현장실습 능력을 강화하고 진로 설정에 도움을 줄 수 있음",
IME2003,무기재료화학,,전공심화,3,,재료화학공학과,"무기재료화학은 기본 무기화학을 다루며 무기화학의 기초개념의 확립을 위한 과목이다. 강의주제에는 원자 및 분자 구조, 화학 결합, 분자 궤도 이론, 산-염기 개념등이 포함된다. 학생들은 또한 배위 화합물과 배위고분자, 무기고분자재료 를 학습한다. 아울러 나노촉매를 에너지기술에 활용하는 기초와 실제 연구내용을 학습한다. 학생들은 무기 화합물, 무기 반응의 기본 개념과 구조, 특성, 무기복합소재의 에너지 촉매기술에의 활용에 대한 이해를 통해 무기첨단소재의 개발에 필요한 지식을 습득한다.",
INE0051,산업경영공학캡스톤디자인1,,전공심화,3,,산업경영공학과,본 강의는 산업공학도로서 산업 분야의 문제를 정의하고 문제 해결을 위해 시스템을 설계/구현하는 활동을 학습한다.,
INE0052,산업경영공학캡스톤디자인2,,전공심화,4,,산업경영공학과,"캡스톤(Capstone)'은 건축물 맨 위에 올려 놓는 관석을 뜻하는 것으로, 학생들이 대학에서 배운 이론을 바탕으로 자신의 작품을 만드는 과정이다.
최종적으로 제작한 작품을 캡스톤 발표를 통해 심사를 받게 된다. - 캡스톤 발표는 산업경영공학과 졸업 심사를 대체하여 필수적으로 수행해야하는 심사이다. 기업연계 캡스톤디자인 주제 진행
과제: AI 기반 무인관리 시스템 개발, - 지도위원명: 최원서
참여기업: 한국정보산업연합회",
INE1004,경영과학개론,,전공기초,2,,산업경영공학과,"이 강좌에서는 선형계획과 선형계획의 특수 모형들인 수송 모형, 네트워크 모형, 배정 모형, CPM/PERT 모형 등에 대한 이론 및 모형화 기술을 배운다. 선형계획법은 현대 계량 경영 기법인 경영과학(OR/MS)의 여러 기법 중에서도 가장 많이 사용되는 기본 모형으로, 기업체와 공공기관을 포함한 여러 조직에서 활용되고 있다. 모형화 기술로는 정보화 시대의 다양한 문제들을 체계적으로 분석할 수 있는 스프레드시트 모형화 기술과 파이썬 프로그래밍을 통한 수리 모형화 기술을 배운다. 이 교과목은 IC-PBL(Industry-coupled problem-based learning) 교육 방식을 따르며, 실제 운영 시스템에서 나타날 수 있는 선형계획 문제를 정의하고 해결하는 방법을 포함한다.",
INE1005,경영과학응용,,전공핵심,3,,산업경영공학과,경영과학에서 다루는 다양한 기법들을 실제사례위주로 응용하고 이를 통하여 해당기법들의 현실응용능력을 제고하고자 한다.,
INE1008,공급사슬경영(SCM),,전공심화,4,,산업경영공학과,"본 강의는 다양한 산업에 걸쳐 공급사슬(supply chain)을 디자인, 분석, 관리 및 개선하는 데 필요한 주요 개념과 방법론을 탐구한다. 공급사슬은 제조사, 공급업체, 운송업체, 창고, 판매점, 최종 고객 등 다양한 참여자들의 네트워크로 구성되며, 이들 간의 효과적인 상호작용을 통해 최종적으로 고객의 요구를 충족시키는 것이 목표이다. 이 과정에서 기업들은 단순히 자체 경쟁력 강화에 초점을 맞추는 것이 아니라, 거래 파트너와의 협력을 통해 공급사슬 전반의 경쟁력을 높여야 한다.
본 교과목에서는 기업 간 정보 공유, 의사결정 조정(coordination), 프로세스 통합을 통한 협업(cooperation) 등을 중심으로 전략적(strategic), 전술적(tactical), 운영적(operational) 수준에서 공급사슬의 최적화 방법을 학습한다. 강의를 통해 학생들은 현대의 복잡한 공급사슬 환경에서 효과적인 관리와 개선 전략을 이해하고 적용하는 능력을 갖추길 기대한다.",
INE1010,글로벌기술경영,,전공심화,4,,융합공학과,재무제표에 대한 지식을 배우고 재무제표를 통해 기업의 정량적 가치를 평가하는 방법을 학습한다.,
INE1014,산업경영공학개론,3,전공기초,1,1,산업경영공학과,"산업공학의 개념, 학문적 배경, 목표 등을 이해하고 산업공학 전공에서 익히게 될 각종 기법들에 대한 개괄적 소개를 하여 산업공학에 대한 이해를 넓힌다. ",207
INE1016,산업의이해,3,전공기초,1,2,207,,207
INE2006,수리통계,,전공기초,1,,산업경영공학과,"산업현장에서 발생되는 제 문제를 해결하기 위하여 필요한 통계이론에 대한 기초 내용을 전반적으로 다루고, 확률이론, 확률변수와 그 분포, 정규분포, t 분포, 카이제곱 분포, F 분포 등을 다루고, 신뢰구간으로 모수추정하는 방법을 다룬다.",
INE2007,응용통계,,전공핵심,2,,산업경영공학과,"The use of statistical methods in manufacturing, development of food products, computer software, energy sources, pharmaceuticals, and many other areas involves the gathering of information or scientific data. Of course, the gathering of data is nothing new. It has been done for well over a thousand years. Data have been collected, summarized, reported, and stored for perusal. However, there is a profound distinction between collection of scientific information and inferential statistics. It is the latter that has received rightful attention in recent decades. Hence, this course main focus is statistical inference and statistical hypothesis analysis.",
INE2011,데이터구조론,,전공핵심,2,,지능형로봇학과,"In this course, students learn about the fundamentals of data structures and algorithms. The basics of C++ language and the concepts of object-oriented programming is also introduced. Assignments will be given for the students to experience the actual design of various data structures and algorithms.",
INE2018,전산통계학,3,전공기초,1,1,ICT융합학부,"본 과목에서는 확률 변수, 확률 분포, 통계 검정과 같은 확률과 통계에 관한 기초적인 개념과 이론을 공부한다. 나아가 이론적 이해를 바탕으로 파이썬 프로그래밍을 통해 데이터 통계 분석 및 검정 방법을 실습한다. ",
INE2022,생산경영,,전공기초,2,,산업경영공학과,"제4차 산업혁명으로 가속화되고 있는 기업운영 패러다임 변화에 대비하고 선도할 수 있는 인재 교육이 필요함
전통적인 기업운영 프로세스의 전반적인 이해와 4차 산업혁명이 미치는 변화와 영향에 대한 예측과 분석, 이에 대한 기업의 대응방향 설정과 전략의 수립에 필요한 지식과 예지력을 함양하는 것을 목적으로 함
각종 공개매체를 이용한 기업운영에 대한 이해를 토대로 세미나와 토론을 통한 학습자 주도의 수업을 진행함
기업의 현실 문제를 대상으로 현상분석과 미래예측, 대처전략 수립 및 운영방안에 대한 문제해결형 평가를 도입함",
INE2023,C++/JAVA프로그래밍,3,전공핵심,1,1,산업경영공학과,"4차 산업혁명 시대에서 프로그래밍은 현대인의 필수적인 교양으로 자리잡고 있다.
본 강의는 C++ 언어의 역사와 특징을 학습한 후, 가장 널리 활용되는 언어 중 하나인 파이썬(python)을 활용하여 프로그래밍 언어에서 사용하는 다양한 문법을 학습한다. 기본 개념과 다양한 예제 코드 실습자료를 통해 프로그래밍에 대한 지식을 숙지할 수 있을 것이라 기대한다.",
INE2070,감성미학,,전공핵심,2,,디자인테크놀로지전공,"본 수업은 디자인에 관심 있거나, 디자인적인 소양을 배양하고 싶은 공학도들과 미학에 관심 있는 디자인 전공 학생들을 위한 과목이다.
서양미학사의 기초지식과 함께 예술적 소양을 배양하기 위해 한 학기 내내 다양한 프로그램을 경험하게 된다. 특히 디자인공학을 전공하고 있거나 전공하려는 1, 2학년 학생들은 반드시 들어야 할 과목이다. 디자인공학을 3학년 때 시작한 경우에도 반드시 수강하실 것.",
INE2073,스마트제조개론,,전공핵심,2,,산업경영공학과,"스마트제조가 국내외적으로 중요한 이슈로 부상되었고, 그 중요성이 증대되고 있다.
본 교과목은 이런 흐름에 부응하고, 제조분야의 새로운 변화와 요구를 이해하고 이에 맞는 지식과 기술을 다룬다.
스마트제조에 대한 기본개념과 주요 핵심기술에 대한 응용가능성에 대한 내용을 다루어, 향 후 댜양한 산업분야에 적용하고 통합할 수 있는 기본소양과 첨단 스마트제조 분야로의 진출 방향을 모색하도록 한다. 특히, Smart Factory ERICA시설을 체험하고 활용함으로써 현장감 있는 문제해결(problem-solving)능력을 배양하도록 한다.",
INE2074,데이터사이언스의기초,,전공기초,2,,산업경영공학과,"본 강좌는 데이터 사이언스를 공부하고자 하는 학생들에게 필요한 기초지식 쌓도록 하는 것을 목적으로 개설된 강좌이다. 따라서 기본적인 파이썬 프로그래밍과 시각화 방법, 그리고 통계분석방법 등을 학습하도록 한다.",
INE2077,프로그래밍언어,,전공핵심,2,,산업경영공학과,"본 강의는 이론과 실습으로 구분하여 진행한다.
이론에서는 주로 문제 해결에 필요한 컴퓨팅사고(Computional Thinking) 개념을 학습한다.
실습에서는 컴퓨팅사고 개념과 연관된 프로그래밍 문법(Programming Language)을 학습한다.
문제 해결에 필요한 핵심 알고리즘을 학습하고 이를 제조 시뮬레이션 SW 구현에 응용한다.",
INE3015,의사결정론,,전공핵심,4,,산업경영공학과,"Operation research (or management science) helps in solving problems that needs decision.
This course cover topics that include: Linear Programming under Uncertainty - Robust Optimization, Chance Constraints, Stochastic Programming with Resource.
게임이론은 경영과학분뿐만 아니라 경제학, 정치학, 심리학 등 다양한 분야에서 핵심적인 분석 도구로 활용되고 있다. 이론적으로 간단한 상황부터 복잡한 전략적 상호작용까지 다루며, 다양한 의사 결정 상황에서 어떻게 최적의 전략이 도출되는지 탐구한다. 본 강의는 다음 네 가지 주요 주제를 중심으로 진행된다.
1. 완전 정보 하의 정적 게임(static games of complete information): 참가자들이 모든 관련 정보를 알고 있는 상황에서의 전략적 결정을 탐구
2., 완전 정보 하의 동적 게임(dynamic games of complete information): 시간에 따라 변화하는 전략적 상호작용을 다루며, 각 참가자의 순차적인 움직임을 고려하는 전략적 결정을 탐구
3. 불완전 정보 하의 정적 게임(static games of incomplete information): 참가자들이 상대방의 정보를 부분적으로만 알고 있는 상황에서의 전략적 결정을 탐구
4. 불완전 정보 하의 동적 게임(dynamic games of incomplete information): 시간의 흐름에 따라 정보가 변화하며, 이에 기반한 전략적 결정을 탐구
각 주제에 대한 이론적 배경와 함께 실제 사례 연구를 통해 이해할 수 있도록 하고자 한다. 이를 통해 학생들은 경제적 상호작용, 기업 간 경쟁, 협상 전략 등 현실 세계의 다양한 의사 결정 문제에 게임이론을 적용하는 방법을 습득하길 기대한다.",
INE3026,통계적품질관리,,전공핵심,3,,산업경영공학과,오늘날 제조공정에서 품질관리에 대한 인식이 날로 강조 되고 있다. 본 강좌는 제조공정에서 품질관리의 중요한 도구로서 활용되고 있는 통계적 공정관리의 이론과 활용사례를 학습하는 교과목이다.,
INE3044,확률모델링,,전공심화,3,,산업경영공학과,"경영과학(OR) 가운데 선형계획법, 네트워크 이론 등을 포함하는 확정적(deterministic) 모형이 특정한 시점에서 최적화를 주된 목표로 하는 반면, 마코프 과정과 대기이론 등을 바탕으로 하는 확률적(probabilistic) 모형은 시스템의 미래 상태를 확률을 사용하여 예측하는 데에 주안점을 두고 있다. 따라서 확률모형은 최적화 또는 의사결정에 직접 도움을 주는 결과물을 내기 보다는 시스템의 성능을 평가하는 척도들을 제공하는 경우가 많다. 이 강의에서는 시스템의 확률적 분석에 의한 성능평가 결과를 바탕으로 이를 의사결정에 어떻게 활용할 할 것인가에 초점을 두어 진행한다.",
INE3089,실험계획법,,전공핵심,3,,산업경영공학과,"본 과목은 공학적 설계 모델을 세우고 그와 관련된 공정과 제품 내 다양한 요소들을 최적화하기 위한 실험계획법의 여러 이슈들을 다룬다. 수업을 통해, 학생들은 다양한 실험설계 방법론에 대해 이해할 수 있을 것이다. 또한, 특정 실험결과를 효과적으로 분석할 수 있는 하나 이상의 기법들에 대해서도 배우게 된다. 수업에서 다루어지는 주제는 회귀모델, ANOVA 분석, block design, factorial design 등을 포함한다.",
INE3093,공학과심리,,전공핵심,2,,미디어테크놀로지전공,"공학적 기기, 제품, 환경 설계가 인간의 심리 행태와 조화롭게 이루어지기 위해서는 인간의 심리적 특성을 이해하는 것이 필요하다. 본 교과는 인간이 가지고 있는 인지적 특성을 학습하고 특히 인간의 정보 습득 방법, 선택적 주의력, 판단의 오류 과정, 시각적 정보 왜곡, 인지 부조화, 선입견과 편견, 통계의 왜곡, 언어적 인식장애, 인터페이스 설계 이슈, 감성 평가 방법 등을 학습하여 인적 오류를 최소화하고 사용자 감성과 경험을 극대화할 수 있는 공학적 설계 원리에 대해 배우고 주어진 질문에 답하면서 활용방법을 연습한다. UI/UX, HCI, 인지인간공학, 사용자 중심설계, Fail safe 디자인 분야에 반드시 필요한 개념들을 습득한다.",
INE4006,인간공학,,전공심화,3,,산업디자인학과,"인간인자공학과 제품디자인에의 응용에 관한 개론. 인간인자공학에 대한 기초적인 지식의 습득을 기반으로 한 인체측정자료 읽기뿐 아니라, 디자인 프로세스의 수정 및 적용법도 동시에 개발한다. 수강생 개별로 인체공학 개발 프로젝트를 수행하고, 인체공학적인 관점에서 그룹 평가 및 토론을 통해 인체공학에 기반한 디자인 개발을 체험하게 된다. 또한 본 교과목은 확률과 통계, 인체해부학, 생리학, 생체역학, 감성공학, 인지공학, 그리고 인터페이스와 사용성 등 인간중심설계 분야의 기초지식을 일부 포함하여 강의가 진행된다.",
INE4048,인간-컴퓨터시스템설계,,전공심화,3,,컬처테크놀로지전공,"This course is aimed primary at students from a range of backgrounds studying introductory classes in human-computer interaction (HCI), interaction design, web design, software engineering, digital media, information systems, and information studies. HCI requires an understanding of the capabilities and desires of people and on the kinds of technology available to interaction designers, together with a knowledge of how to identify requirements and develop them into a suitable design. This class provides an introduction to all of these areas, teaching practical techniques to support development as well as discussing possible technologies and design alternatives.",
INE4096,사용성공학,,전공심화,4,,융합공학과,"1. 4차산업혁명기를 맞아 기술의 진화 과정에 대한 고찰
2. 기술과 사회발전의 트렌드 분석(PEST분석)
3. 4차산업혁명 시대에서 성공적인 기술의 사업화를 이룬 글로벌 기업에 대한 케이스 스터디",
INE4102,감성UI/UX,,전공심화,3,,디자인공학전공,"본 수업에서는 UIUX디자인의 이론과 적용에 대해 이해하는 것을 목표로 한다.
이를 위해 감성을 포함한 UIUX디자인 관점에서 제품, 시스템, 서비스에 대한 설계 및 평가과정을 학습한다.",
INE4105,산업인공지능,,전공심화,4,,산업인공지능전공,본 교과목은 4학년 전공 심화 과목으로 기본적인 인공지능 방법론(머신러닝 및 딥러닝)을 학습하며 산업 현장의 상황에 따라 적절한 방법론을 적용하는 것을 목표로 한다. 학생들은 강의를 통해 이론적인 내용을 학습하고 개인 또는 팀 프로젝트를 통해 인공지능 방법론을 산업 현장에 어떻게 적용할지 경험한다. 본 교과목은 IC-PBL(Industry-coupled problem-based learning) 교육 과정으로 진행되기 때문에 실제 산업 현장에서 도출된 데이터를 활용하여 문제를 정의한다.,
INE5001,디자인공학캡스톤디자인1,,전공심화,4,,디자인공학전공,"This course is for undergraduate students who are interested in building something new, better, or different.",
INE5006,데이터마이닝,,전공심화,3,,지능형로봇학과,"데이터마이닝(Data Mining)은 방대하고 복잡한 데이터 내부에 존재하는 유용하고 의미 있는 정보를 이끌어 내는 방법을 연구하는 학문이다. 주로 숫자형태의 일정한 데이터구조로 정형화된 데이터를 분석해 왔으나 최근 들어 비정형 데이터 중에서 웹마이닝과 텍스트마이닝의 중요성이 더욱 부각되고 있다. 본 강의에서는 이러한 데이터마이닝의 기본적인 기법들을 배우고 현실의 여러 문제들을 풀어보는 실습을 통해 기법들의 활용능력을 습득한다. 구체적으로는 Clustering, 다중 및 로지스틱 회귀모형, 의사결정나무, k-근접이웃법, 신경망, 베이지안 분류법 등을 다룬다.",
INE5007,UI/UX디자인,,전공핵심,2,,문화콘텐츠학과,"특정한 목적을 달성하기 위해 ‘서비스’를 구매하는 사람들을 ‘사용자’라고 부른다. 이 서비스들은 이전의 시대와 다르게 스크린 상의 인터페이스를 통해 사용자에게 전달되고, 사용자들은 이 가상의 인터페이스를 조작하여 그들의 필요를 채운다. 물건을 구매하는 것보다 서비스를 구매하는 것에 더 익숙해진 사람들은 ‘기능’그 자체를 넘어서 총체적 ‘경험’을 판단하고 만족 여부를 결정짓는다. 이 과목은 사용자들에게 만족스러운 경험을 전달하기 위한 다양한 방법론을 학습하고 실습을 통해 익히는 것을 목적으로 한다. 학생들의 선행 학습 수준과 진도에 따라 수업의 커리큘럼은 변동될 수 있음.",
INE5016,산업경영공학과연구실심화실습1,,전공심화,3,,산업경영공학과,본 강의는 스마트제조와 데이터 분석 분야 아니면 신뢰성공의 연구과제를 연구의 기본 개념 및 방법을 터득한다.,
INE5017,산업경영공학과연구실심화실습2,,전공심화,3,,산업경영공학과,본 과목은 대학원 연구실에서 진행되는 연구주제를 선정하여 이에 대해 개별적으로 진행되는 개별화 수업이다.,
INE5018,산업경영공학과연구실심화실습3,,전공심화,4,,산업경영공학과,"본 강의는 산업공학 및 관련 분야의 연구실 프로젝트에 참여하여 실험적 연구 수행과 문제 해결 능력을 배양하는 것을 목표로 한다. 학생들은 연구실 내에서 진행되는 프로젝트를 수행하며 데이터 분석, 실험 설계, 논문 작성 등의 실무 역량을 기른다.",
INE5019,산업경영공학과연구실심화실습4,,전공심화,4,,산업경영공학과,본 과목은 대학원 연구실에서 진행되는 연구주제를 선정하여 이에 대해 개별적으로 진행되는 개별화 수업이다.,
INT2053,기업법,,전공심화,2,,경영학부,상법을 중심으로 한 기본적인 기업법제에 대한 설명과 더불어 법학을 처음 접하는 학생들의 이해를 돕기 위하여 기초적인 법이론을 상세히 설명하고자 한다. 또한 기업실무에서 발생되는 분쟁사례를 중심으로 기업법의 실제 적용과 해석에 대해 검토해보고자 한다. 교재는 담당교수의 유인물을 중심으로 하되 주요 교과서의 내용도 함께 다룬다.,
INT3021,선물옵션,,전공심화,3,,경영학부,"본 과목은 학생들에게 파생금융상품의 기본적 구조에 대한 이해와 동 파생금융상품을 이용한 금융위험관리에 대한 지식을 학습시키는 것에 그 목적이 있다. 본 과목은 선물, 옵션, 스왑 등의 개별 파생금융상품을 다루게 될 것이며, 이에 대한 이해를 바탕으로 파생금융상품이 금융위험을 관리하는 도구로써 어떻게 사용될 수 있는지에 대한 내용을 강의할 것이다. 또한 본 과목은 입문수준의 재무론 수업을 수강한 학생들을 대상으로 한다.",
ISC3000,현대암호이론및활용,,전공핵심,1,,융합보안학과,"현대 암호이론 및 활용 강좌에서는 학부생들이 현대 암호학의 기본 개념과 알고리즘을 이해할 수 있도록 돕는 것을 목표로 한다. 이 강좌에서는 대칭키 암호와 공개키 암호, 해시 함수, 전자서명, 메시지 인증 코드(MAC) 등의 주요 암호 알고리즘을 다루며, 이를 활용한 다양한 보안 프로토콜을 학습한다. 또한, 암호 시스템 설계의 기본 원칙, 공격 모델, 주요 보안 위협 및 이에 대한 대응 전략을 다룬다. 수업은 이론적 내용을 중심으로 하며, 사례 연구를 통해 실제 보안 문제 해결 능력을 키우는 데 중점을 둔다. 학부생들이 참여하기에 적합한 수준으로 강의가 진행된다.",
ISM2001,미디어제작실습1,,전공심화,2,,정보사회미디어학과,"본 과목은 방송, OTT, 홍보 등 다양한 미디어 환경에서 사용되는 여러 가지 미디어 제작 사례를 통해 미디어 전공자로서 필요한 영상기획안 ,티저,트레일러 제작 방법을 학습하는 수업이다.",
ISM2004,데이터예측모델과기계학습의응용,,전공핵심,3,,정보사회미디어학과,"본 교과목은 미디어 산업 관련 데이터를 검토, 정제, 분석하여 얻은 통계적 결과를 바탕으로, 미디어 산업에 다양한 이슈를 진단하고 예측하는데 초점을 둔다. 본 교과목은 단순히 '데이터를 어떻게 분석할 것인가'라는 방법론적 측면을 넘어선다. 구체적으로, 본 교과목은 (1) 현재 어떤 미디어 이슈가 중요한가? (2) 이를 분석하기 위해 어떤 데이터가 가치 있으며, (3) 어떤 분석 방법론이 적용되어야 하는가? (4) 분석한 데이터는 어떠한 근거를 바탕으로 해석하고 전략을 도출해야 하는가 등 데이터 예측 모델의 A부터 Z까지 꼼꼼히 살펴볼 것이다.",
ISM2007,일상생활과사회구조의이해,,전공핵심,2,,정보사회미디어학과,이 수업에서는 일상적인 행동과 그것에 영향을 주고 형성하는 것들을 살펴볼 것이다. 우리는 여기에 두 가지 목표를 가지고 있다. 우리 삶의 가장 단순하고 당연한 측면을 형성하는 것이 무엇인지 이해하는 것과 일상적인 행동을 조사하는 것이 어떻게 우리가 사회에 대해 더 많은 것을 발견하도록 이끌 수 있는지 보는 것이다. 우리는 이론적 관점과 경험적 연구 모두에서 이것에 접근할 것이다.,
ISM3002,정보사회미디어캡스톤디자인1,,전공심화,3,,정보사회미디어학과,"본 강의는 수업은 학생들의 자기주도적 학습을 고양시키기 위한 강의법입니다. 수업의 내용은 강의자가 학생들에게 특정한 문제를 제시하고, 해당 문제를 학생들 스스로가 해결하는 새로운 형태의 강의입니다.
우리는 한학기 동안 스토리텔링형 데이터저널리즘 기사를 1건을 제작할 것입니다. 그리고 이를 실제 보도로 연결해보는 도전과 미디어캡스톤디자인 대회 행사에 출품할 예정입니다. 강의는 팀 프로젝트 중심입니다. 이 수업은 미래 언론사에서 요구하는 데이터저널리즘 맞춤형 인재 양성에 목표를 두고 있습니다.",
ISM3003,정보사회미디어캡스톤디자인2,,전공심화,3,,정보사회미디어학과,"다매체 환경에 걸맞은 평생교육 관점에서, 저널리즘, 시사, 교양 콘텐츠를 기획하고 제작하는 과정을 경험하도록 한다.",
ISM4001,사회연결망이론과네트워크분석,,전공핵심,4,,비즈니스애널리틱스전공,"본 교과과정은 IC-PBL(Industry Coupled Problem Based Learning)수업으로 진행됩니다. IC-PBL 수업은 학생들의 자기주도 학습을 위한 동기부여가 핵심인 강의 방식입니다. 수업은 학생들에게 실무에서 직면할 수 있는 이슈와 관련한 문제를 제시하고, 해당 문제에 대한 해결책과 대안을 학생들 스스로 개발하도록 장려하는 형식의 강의입니다. 일반적으로 '사회연결망이론과 네트워크 분석'에 대한 강의가 학습참가자의 이론 및 통계(프로그램) 이해에 중점을 둔 교육방식이었다면, IC-PBL 교육 방식을 적극적으로 채택하고 있는 본 강의는 실제 산업 현장에서 나타나거나 관찰될 수 있는 이슈를 파악하고, 현장 실무자와 학생들이 강의실에서 직접 관련 논의를 진행하고, 그 이슈에 대한 실증적 고찰과 솔루션을 제안하는 과정에서 수업에서 배운 사회연결망이론과 네트워크 분석 방법을 적용할 것입니다. 본 교과목은 언론정보대학의 특성을 반영하여 학생들이 (1)(국내 언론사 온라인 뉴스 에디터의 초청강의를 통해) 국내 언론사의 뉴스 생산 메커니즘을 정확하게 이해하고, (2)뉴스 분야별 커뮤니케이션 패턴을 사회연결망분석 방법을 적용해 구체적으로 파악하는 것을 1차 목표로 합니다. 따라서, 뉴스 기사에서 나타나고 커뮤니케이션의 트렌드나 문제점을 실증적으로 확인하고, (3)분석 결과를 바탕으로 통찰력이 있는 의견을 제시할 수 있는 준비된 인재 양성을 궁극적인 목표로 합니다.",
ITE1009,C프로그래밍,3,전공핵심,1,2,300,,
ITE2031,컴퓨터구조론,,전공핵심,3,,지능형로봇학과,"컴퓨터는 최초의 컴퓨터라 불리는 애니악으로부터 지금의 컴퓨터까지 발전되어 왔다. 본 교과목에서는 컴퓨터의 역사
를 먼저 다루고 컴퓨터의 메모리 계층 구조, 입출력 시스템 구조, 프로세서 및 제어 장치의 설계기법에 대하여 배운다. 특히, MIPS 기반의 싱클프로세서, 멀티프로세서, 파이프라이닝 프로세서 설계를 학습한다.",
ITE3003,데이터통신,,전공심화,3,,컴퓨터학부,"인터넷 및 모바일 기술의 발달로 대부분의 전자기기에는 통신 기술이 필수적으로 적용되고 있다. 따라서 데이터 통신 기술에 대한 이해는 공학인으로써 필수적으로 요구되는 분야이다. 본 강좌에서는 데이터 통신 기술의 근간이 되는 아날로그 및 디지털 전송 기술에 대해 학습하고 관련된 핵심 이론들에 대해 학습한다. 특히 인터넷 기반 통신 공학의 기본인 TCP/IP 5 계층 프로토콜 스택 학습을 통해 통신과 프로토콜의 기본 개념을 이해하고, 유무선 통신 시스템의 개략적 발전 역사를 학습한다. 수강생들은 물리계층에서의 다양한 기술들 및 데이터 링크 계층에서의 주요 기술들을 학습하게 되며 case study로써 와이파이 (무선랜) 시스템에 대해 학습한다.",
ITE3004,디지털신호처리,,전공핵심,3,,지능형로봇학과,다양한 디지털 신호처리 방법을. 학습한다.,
ITE4052,컴퓨터비전,,전공핵심,3,,인공지능학과,"컴퓨터 비전은 우리 사회에서 검색, 이미지 인식, 앱, 지도, 의학, 드론, 그리고 자율 주행 자동차 등 다양한 분야에서 응용되고 있습니다. 이러한 응용 프로그램의 핵심에는 이미지 분류 및 물체 탐지와 같은 시각 인식 작업이 포함되어 있습니다. 최근의 신경망 접근 방식의 발전은 이러한 최첨단 시각 인식 시스템의 성능을 크게 향상시켰습니다. 이 과목에서는 컴퓨터 비전을 위한 신경망 기반 딥러닝 방법론에 대한 내용을 탐구합니다. 구체적으로 이미지, 영상 등 시각 형태의 자료를 다루는 방법을 배우고, 토대가 되는 수학이론들과 기본적인 시각 인식 알고리즘들을 살펴봅니다.",
ITE4067,임베디드소프트웨어설계,,전공심화,4,,신산업소프트웨어전공,"모바일 컴퓨팅과 사물인터넷의 발전속에 임베디드 시스템에 대한 이해와 응용 능력이 점차적으로 필수가 되어가고 있다. 이 수업에서는 Lego Mind Storm EV3 를 활용하여 로봇을 제작하고, 또한 로봇을 제어할수 있는 임베디드소프트웨어 프로그래밍에 관하여 수업한다. 임베디드시스템의 일반적인 구성을 이해하고 임베디드 하드웨어를 제어할 수 있는 소프트웨어 프로그래밍 능력을 기르도록 한다. 이를 위해, 강의는 이론적인 내용과 이를 검증하고 익힐 수 있는 IC-PBL프로젝트를 포함하여 진행된다. 컴퓨터학부, 로봇공학과 학생만 수강가능.",
JAP1003,일본사회와문화,3,교양선택,1,1,ERICA 대학,"현대 일본 사회의 여러 문화 현상에 대해 분석하고 그에 대한 역사적 고찰을 시도한다. 
각 주 마다 특정 테마를 선정하여 전통적 문화 형태, 현대의 문화양상을 설명하고 한국과의 비교를 통해 일본 사회와 문화의 특성에 대해 살펴본다. 
일본 사회에 대한 전반적인 사항을 알아보고 현재 일본 사회와 문화 현상을 이해하기 위한 토대를 마련한다. ",
JAP1011,일본어기초1,,전공기초,1,,일본학과,"일본어의 기초문법 및 언어의 배경에 연결되는 문화에 대해서 학습한다.
학습 스타일은 협동 학습이며, 서로 협력하면서 학습을 진행한다.",
JAP1014,일본어문장읽기,,전공핵심,2,,일본학과,"일본어 읽기는 어휘력과 문법 이해를 심화시키며, 독해력을 향상시킵니다. 다양한 문맥에서 만나는 새로운 단어와 표현은 어휘력을 자연스럽게 증가시키고, 실제 문장에서의 문법 규칙 적용을 보며 문법 지식이 깊어집니다. 장문을 읽는 과정에서 정보 추출 능력과 문장 구조 이해력이 강화되며, 일본의 문화와 사회에 대한 깊은 이해를 가능하게 합니다. 또한, 많은 독서는 좋은 글쓰기 방법을 익히게 하고, 실제 일본인이 사용하는 자연스러운 일본어에 익숙해지게 해, 보다 자연스럽고 네이티브에 가까운 일본어 사용으로 이끕니다. 이러한 과정을 통해 일본어 학습의 효과를 극대화할 수 있습니다.
이 수업은 다양한 장르의 문장을 읽음으로써, 다양한 문장 구성과 배경에 대해 이해하고, 일본어 및 일본어 이해를 심화하는 수업입니다. 자신에게 맞는 학습과 확인이 가능하도록 자신의 성과를 포트폴리오로 정리합니다.",
JAP1016,멀티미디어일본어1,,전공핵심,2,,일본학과,"이 수업에서는 최근 일본에서 한국의 인기가 높아지고 있는 것을 배경으로, 일본인이 한국에 매력을 느끼는 포인트를 조사·분석합니다. 특히, 한국에서 유학하고 싶거나 생활하고 싶어하는 일본인 학생들이 겪는 문제점을 밝히고, 이를 바탕으로 한국 유학 가이드북을 작성하는 것을 목표로 합니다. 또한, 조사와 가이드북 작성 과정에서 AI를 활용하고, AI의 사용 방법에 대한 이해를 깊게 하는 것도 수업의 목표 중 하나입니다.",
JAP1017,시사일본어,,전공핵심,3,,일본학과,본 강좌는 실용적이고 실제 기업 사회에서 사용되는 일본어 능력을 함양하기 위하여 일본에서 간행된 신문 및 잡지의 기사를 리딩하고 동시에 이것을 해설하는 교과목이다. 고급 수준의 일본어 능력의 함양과 함께 일본사회와 문화에 대한 이해를 심화시키도록 기사 해설을 비중 있게 다루도록 한다.,
JAP1030,일본어문법1,,전공기초,1,,일본학과,"일본어를 처음으로 접하는 학습자를 대상으로 하는 수업입니다. 일본어 문자와 발음부터 명사, 형용사, 동사까지 학습합니다. 초급자에게 필요한 어휘, 문법, 표현을 익힘으로써 기본적인 부분들에 대해 올바르고 정확하게 이해하여 충분한 일본어 운용 능력을 갖출 수 있도록 합니다.",
JAP2024,일본어작문,,전공핵심,2,,일본학과,"본 수업은 현대 기술의 발전을 반영하여 전통적인 작문 방식과 최신 기술을 결합한 수업 방식으로 진행됩니다. 최근 급속도로 발전하고 있는 번역기와 생성형 AI 등의 언어 기술 툴을 효과적으로 활용하는 능력을 키우는 것을 주요 목표로 합니다.
학생들은 다양한 툴을 사용하여 일본어 문장을 작성하고, 이를 비교·분석하는 과정을 통해 가장 자연스럽고 정확한 일본어 표현을 학습합니다. 이 과정에서 학생들은 일본어의 문법 구조와 어휘 사용을 심도 있게 이해하고, 상황에 맞는 적절한 표현을 선택하는 능력을 기릅니다.
또한, 본 수업은 실용적인 일본어 사용 능력 향상에 중점을 둡니다. 학생들은 자신이 좋아하는 영상 콘텐츠에 일본어 자막을 직접 제작하는 프로젝트를 수행함으로써, 시청각 자료의 맥락을 이해하고 이를 정확한 일본어로 표현하는 능력을 키웁니다.
또한 작문뿐 아니라, 매 주 1~2 편 정도의 최신 뉴스를 보고, 관련 표현을 배우며 일본어 작문은 물론 2024년 일본의 사회, 문화도 함께 익힐 수 있도록 수업을 진행 할 예정입니다.
본 수업은 ""제2외국어 전용 강의""입니다. 수업은 일본어로 진행 예정입니다.",
JAP2033,중급일본어회화1,,전공핵심,2,,일본학과,"講義は、すべて日本語で行います。この授業は、日本語初中級以上のレベルに基づきます。授業のレベルは、JLPT3級以上です。
受講生は、講義を通して、日常生活における日本語のさまざまな表現を学びます。
外国語を習得するためには、インプットだけではなく、アウトプットが絶対に必要です。
そのため、アウトプット中心の授業を行います。実際に日本語を話したり、聞いたりして、日本語に慣れてください。",
JAP2059,일본어음성학기초,,전공기초,1,,일본학과,"본 수업은 IC-PBL 수업인 동시에 제2외국어 일본어 수업입니다. 기본적으로 1학년 학생을 대상으로 하고 있으므로 능숙한 일본어가 아닌 일본어 소리를 학생들이 직접 발음해 보는 체험적 활동 중심으로 이루어집니다. 이 과정에서 주어지는 문제를 해결하기 위한 조별 활동이 이루어지며, 문제해결능력, 창의성, 협업능력을 키워 나가도록 합니다. この授業はIC-PBL授業であり、日本語で行われる第二外国語授業です。日本語の音に関する知識はもちろん、問題解決力、想像力の育成及び協同力を養います。",
JAP3028,실용일본어,3,교양선택,1,1,ERICA 대학,"이 일본어 과정은 중급 단계로 넘어가는 초급 후반 학습자를 대상으로 하며, 실용적인 일본어 능력 향상을 목표로 합니다. 이 과정은 일본 문화와 생활을 경험하면서 언어 기술을 개발하는 데 중점을 둡니다. 수업에서는 배경음악, 일러스트레이션을 사용한 연습, 대화 중 문법 학습, 긴 문장 듣기와 이해, 다문화 이해를 포함한 대화 연습을 진행합니다. 또한 발음 지도에도 중점을 둡니다. 2주마다 다른 주제(집 찾기, 위로 음식, 방문, 언어 학습의 즐거움, 결혼, 여행 중 문제, 직장 찾기)에 초점을 맞추어 일본어의 실용적 사용을 촉진합니다.",
JAP3033,일본문학과영화,,전공심화,3,,일본학과,"이 과목은 영화나 애니메이션으로 만들어진 일본의 문학작품을 다룹니다. 따라서 직접 영화나 애니메이션 그리고 문학작품을 감상하고 각각이 갖는 고유의 매력을 찾아가는 과목입니다.
우리는 영화나 애니메이션을 통해서 훌륭한 문학작품들을 손쉽게 접할 수 있는 시대를 살고 있습니다. 그럼에도 불구하고 여전히 종이로 된 책 앞에서 문장의 의미를 찾으려는 노력을 하고 있습니다. 우리는 이 과목을 통해서 문학작품을 읽고 싶게 만드는 이유를 함께 생각해 볼 것입니다.
수업은 우선 작품을 감상하고 강사가 일본 문화에 관해서 간단한 설명을 합니다. 그리고 나서 강사가 던지는 질문에 답을 하기도 하고, 학생이 스스로 질문을 만들어 내기도 할 것입니다. 그 질문의 답을 찾아가는 과정을 통해서 생각의 범주를 넓힐 수 있을 것입니다.",
JAP3036,일본역사의이해,,전공핵심,2,,일본학과,"일본 현대 사회를 이해하고 미래를 예측하기 위해서는 역사 흐름에 대한 이해가 요구됩니다. 특히 일본 역사는 한국의 역사와 동아시아 세계에 걸쳐 정치, 외교, 종교, 문화 등 여러 분야에 걸쳐 긴밀하게 관계를 이어 왔습니다. 본 교과목에서는 '한국인'으로서 '일본사'를 이해한다는 것이란 어떠한 것인지 염두에 두면서, 일본 역사를 개관하며 현대 한국과 일본 간 역사적 쟁점이나 현안을 이해하고자 합니다.",
JAP3039,고급일본어회화1,,전공핵심,3,,일본학과,"講義は、すべて日本語で行います。この授業は、日本語中級以上のレベルに基づきます。授業のレベルは、JLPT1級以上です。
授業では様々な日本語資料を読み、時事問題などについて考え、解釈してもらうため、受講生には高い日本語能力と思考力が求められます。",
JAP3040,고급일본어회화2,,전공핵심,3,,일본학과,講義は、すべて日本語で行います。この授業は、日本語中級以上のレベルに基づきます。授業のレベルは、JLPT1級以上です。また、この授業は、PBL（Problem-Based Learning）型式に基づくものです。授業では様々な日本語資料を読み、時事問題などについて考え、解釈してもらうため、受講生には高い日本語能力と思考力が求められます。,
JAP3041,일본의지역과문화,,전공핵심,2,,일본학과,"이 수업은 ""일본의 지역과 문화""를 주제로 하여, 학생들이 AI를 활용하여 가상의 일본 여행 계획을 세우는 경험을 합니다. 먼저, 일본의 지리, 역사, 문화에 대한 기본 지식을 배웁니다. 이어서, AI를 이용해 학생들이 관심 있는 특정 지역이나 문화적 특성을 깊이 탐구하고, 그에 기반한 여행 계획을 세웁니다. 여행 계획에는 방문하고 싶은 장소, 체험하고 싶은 문화 활동, 시도해보고 싶은 음식 등이 포함됩니다. 또한, AI를 활용하여 현지 날씨, 교통수단, 숙박 옵션 등의 실용적인 정보도 수집합니다. 최종적으로, 학생들은 자신들의 여행 계획을 반에서 발표하고 서로의 계획에 대해 토론합니다. 이 수업을 통해 학생들은 일본의 다양한 문화를 이해하고, 계획적인 여행 계획을 세우는 방법을 배우며, 동시에 생성 AI의 활용 방법을 이해합니다.",
JAP3065,일본현대사회의이해,,전공심화,4,,일본학과,"본 교과목은 현대 일본사회를 보다 체계적이고 심층적으로 학습하고자 한다. 현대 일본사회를 이해하기 위해 일본사회와 문화, 경제와 정치 등 다양한 주제들을 통해 일본사회의 실상을 통시적, 총체적으로 검토하고 파악하여 일본사회를 더 잘 이해하는 것을 목표로 한다.",
JAP3067,일본문학의흐름,,전공핵심,3,,일본학과,"일본문학을 각 시대별/장르별로 살펴보고 일본문학이 변화해 온 과정을 살펴보고, 그 특질을 탐구합니다.",
JAP3075,일본학과캡스톤디자인2,,전공심화,3,,일본학과,"본 강좌는 사회문제, 전공 등 다양한 분야에 대해서 학생들에게 혁신적인 문제해결 방법을 탐색하는 것을 목적으로 합니다. 학생들은 4-5명의 팀원과 팀을 이루어 교수 지도 하에 다큐멘터리 조사, 현장 학습 및 자율 토론을 통해 연구 과제를 수행하게 됩니다. 본 수업을 통해 학생들은 문제 해결 능력, 협업, 창의력을 키워 나갑니다.",
JAP3076,일본과국제사회,,전공핵심,3,,일본학과,"본 강의는 전후 일본을 둘러싼 국제 환경의 변화에 일본이 어떤한 방식으로 대응해 왔는지에 대해 이해를 돕고자 한다.
특히 일본과 근린 국가 (중국, 한국, 북한, 동남아시아 국가) 와의 여러가지 제 문제 및 일본의 국제 기구에서의 활동 또한 다루고자 한다.
또한 현재 일본을 둘러싼 급변하는 동아시아 국제 문제에 대한 이해 심화를 목표로 하고 있다.",
JAP3078,일본경제와동아시아의협력,,전공핵심,3,,일본학과,본 교과목은 일본경제에 대한 기본적인 이해를 돕기 위한 수업이다. 이를 위해 현재 일본사회의 경제적 현황에 대한 전반적인 경향을 파악하고자 한다. 또한 일본이 동아시아에서 행한 경제협력을 살펴봄으로써 한국경제에 대한 시사점을 생각해 보고자 한다.,
JAP3079,일본기업과장인정신,,전공핵심,3,,일본학과,"현대 일본 경제의 주축을 이루는 주요 기업의 형성과 발전 과정에서 중요한 요소로 작용해 온 장인 정신과 모노즈쿠리에 관해 살펴본 후, 일본적 경영의 특징으로 일컬어지는 집단주의, 종신고용, 연공서열, 기업간 관계 등의 여러 이론 및 이미지와 어떻게 연계되어 있는지를 이해한다. 또한 취업 및 진학 시 필요한 일본 경제 특히 기업가 정신 및 모노즈쿠리의 기반이 되고 있는 장인 정신에 관해 학습함으로써 산학협력에 기반한 현장 맞춤형 융합 인문 교육을 통해 창의적 인재가 되기 위한 소양을 갖춘다.",
JAP4062,현대일본어의이해,,전공심화,4,,일본학과,本講義は、身近な日本語を材料にして、日本語がどのような仕組みで成り立っているのかを分析していく授業です。テキストをもとに、日本語の問題について認識し、それについて考えることで答えを見つけたり、グループワークを通じて解決の方法を考えたりします。 無意識に使っている日本語の奥にひそむ法則性を見つけ出してほしいと思います。,
JFD1001,주얼리기초1,,전공기초,1,,주얼리·패션디자인학과,주얼리(장신구)의 기본 개념과 실습을 위한 이론을 익히고 제작해본다.,
JFD1002,패션그래픽,,전공기초,1,,주얼리·패션디자인학과,Adobe Photoshop/Illustrator 프로그램은 주얼리패션산업에서 필수적으로 다루어야 하는 프로그램으로 그래픽 디자인 작업을 통해 창의적인 아이디어를 쉽고 빠르고 디테일하게 작업 할 수가 있다. 이에 본 수업은 Adobe Photoshop 프로그램의 장점을 활용하여 창의적인 아이디어 발상과 표현 방법 등 구체적인 패션 텍스타일디자인제품을 구현하기 위한 전반적인 모든 작업을 컴퓨터프로그램을 통해 표현될 수 있도록 실습한다.,
JFD1003,주얼리왁스카빙,,전공핵심,1,,주얼리·패션디자인학과,본 수업은 왁스카빙 기법의 이론과 실습을 통해 주얼리 제작 및 생산 방식을 이해하는데 그 목표를 가집니다. 왁스카빙 작업은 주얼리 대량생산을 위한 원형 제작이라는 중요한 작업을 수행하는 제작방법으로 귀금속 전문 업체와 주얼리 작가들에게 금속세공기술과 함께 널리 쓰이는 전문성과 기술을 요하는 작업입니다. 주얼리 작업에 필수적인 정밀주조 기법과 왁스카빙 기법을 활용하여 주얼리 디자인에 적합한 제작 방식을 터득함으로서 조형적 아름다움과 기능성을 두루 갖춘 주얼리를 디자인 및 제작 할 수 있도록 합니다.,
JFD1004,주얼리기초2,,전공기초,1,,주얼리·패션디자인학과,"주얼리기초2에서는 비철금속인 동을 주 재료로 다루어 재료가 가진 성질을 알아본다.
세공에 필요한 기본적인 테크닉에 대한 이론적 지식을 배운다. 이를 주얼리 제작에 적용하면서 테크닉을 이해하고 습득한다.",
JFD2002,3DCAD디자인2,,전공핵심,2,,주얼리·패션디자인학과,"현 4차산업을 이해하고, 각종 산업에 실질적으로 사용되는 디지털을 활용한 디자인의 접근을 다방면으로 진행한다. 산업은 기술의 발달로 새로운 기술력이 등장하면서 더욱 창의적인 디자인 수요가 요구되고 있으며, 이에 발맞춰 실무 능력을 높이고 맞춤형 디자인을 설계하고 생산 활용을 높일 수 있는 방안을 접목함에 따라 현 산업에서 요구되는 전문성을 준비하고자 한다.",
JFD2003,아트패션소재표현,,전공핵심,2,,주얼리·패션디자인학과,최근 트렌드에 적합한 패션소재들의 경험을 통해 다양하고 창의적인 표현기법들을 연마한다. 전문적인 디자인 전개방법 및 표현기법을 습득하여 향후 패션 디자이너로서의 실무 능력을 향상시키는 것에 목표를 둔다.,
JFD2005,3DCAD디자인3,,전공핵심,2,,주얼리·패션디자인학과,"라이노3D(Rhino 3D)와 지브러시(ZBrush) 소프트웨어를 활용한 초중급과정의 3차원 모델링을 학습한다.
패션주얼리 디자인의 필수인 3D 모델링의 전반적인 과정을 학습하며 이를 활용한 패션주얼리의 표현 및 제작과정을 연구한다.
다양한 3D모델링 작업과 실무제작 과정을 학습하여, 관련 디자이너로서의 디자인 해결능력과 경쟁력을 높인다.",
JFD3006,주얼리디자인2,,전공핵심,3,,주얼리·패션디자인학과,"주얼리의 개념, 디자인 흐름, 패션과의 관계 등 관련 기본 지식을 습득한다. 이를 바탕으로 자료조사과정을 거쳐 개인별 디자인 컨셉을 정해 디자인을 해보며, 해당 디자인에 적용 가능한 재료, 제작기법 등을 조사하고 실험한다.
자료조사, 컨셉 설정, 디자인 전개, 제작을 통해 실물 제작 과정을 경험함으로써 주얼리 디자이너로서의 역량을 기른다.기른다.",
JFD3007,가방디자인3,,전공핵심,3,,주얼리·패션디자인학과,"가방 디자인은 예술과 실용의 결합으로, 창의적인 감성과 통합 적인 실무 능력이 필요한 분야이다.
가방을 만드는 실습을 통하여 가방의 구조를 이해하고 디자인 진행 과정을 학습한다.",
JFD3008,패션장식디자인1,,전공핵심,3,,주얼리·패션디자인학과,"현대 패션에 있어서의 장식의 개념, 범위, 역할 그리고 장식이 주는 패션에서의 고 부가가치적이고 심미적인 가치를 인식하고 창의적인 디자인 및 제작 실습을 통해 주얼리· 패션의 표현 영역을 확대하고자 한다. 특히 최근 패션 브랜드는 의류 뿐만 아니라, 가방, 신발, 주얼리에 이르기 까지 다각화 양상을 띄고 있는 만큼, 패션에서 장식이 갖는 역할과 제품에 대한 창의적인 디자인이 더욱 요구되고 있다. 본 수업에서는 섬유, 금속 등의 다양한 재료의 기법을 익히고 창의적인 융합과정을 거쳐서 참신한 패션 장식의 영역을 확대하고자 한다.",
JFD3009,텍스타일디자인스튜디오,,전공핵심,3,,주얼리·패션디자인학과,전문적인 시장 조사 및 트렌드 분석을 바탕으로 패션 산업에 적용 가능한 폭 넓은 어패럴과 패션악세서리에 적용될 텍스타일디자인 제품을 개발한다. 또한 디자인 트렌드와 컨셉이 적용된 다양한 디자인 이미지를 제품에 접목 시킬 수 있는 실무능력을 연마한다.,
JFD3010,3D패션CAD,,전공심화,3,,주얼리·패션디자인학과,"본 교과는 4차 산업 발전에 따른 3D디자인 활성화에 발맞춘 실무적 능력을 함양하여 글로벌 인재로 나아가는 기반을 갖출 수 있도록 한다. 학습자는 2D 디자인과 3D 의상 제작 원리와 활용도에 대해 이해하고, CL0 소프트웨어를 통한 2D 작접 및 3D 렌더링에 필요한 프로그램 툴을 학습하여 학습자 개인의 vIRTUAL dESIGN 제적을 완성하는 실습수업으로 진행된다.",
JFD3011,패션장식디자인2,,전공핵심,3,,주얼리·패션디자인학과,"˂패션장식디자인2˃ 수업은 신체를 장식하는 패션 의류 및 소품에서 쓰여지는 장신구를 포함하는 장식 요소들을 디자인하고, 실제 디자인 및 제작 과정, 활용 기획까지의 과정을 실습함으로써 창의적이고 개성 있는 장식 아이템을 만들기 위한 실기 수업입니다. 2학기 패션장식디자인 수업에서는 금속 재료를 주된 사용과 함께 디자인에 적합한 타재료의 활용에 주목할 것입니다. 또한 하나의 장식 디자인을 활용하여 다양한 아이템으로 발전시키는 과정을 통해 주얼리 및 장식 디자인 작업의 기본적인 프로세스를 익히고 창의적으로 활용할 수 있도록 하는 것을 목표로 합니다.",
JFD4002,크리에이티브패션디자인1,,전공심화,4,,주얼리·패션디자인학과,"크리에이티브 패션디자인은 패션디자인 실기와 이론 지식을 바탕으로 IC-PBL M 유형으로 진행되며, 팀별 디자인 컨셉에 따라 학습자 개인의 작품으로 제작, 완성하여 졸업 작품을 준비하는 수업이다. 패션/의상 디자인 개발과 완성이 진행되는 전 과정을 통해 디자인 감각을 키우고 크리에이티브 패션/의상 디자인 제작에 관련된 기술을 습득하여 작품을 완성한다. 3년간의 패션디자인전공 학습을 바탕으로, 개개인의 잠재능력을 개발함과 동시에 아이디어의 구체화를 통한 크리에이티브한 작품을 제작하는 것이 본 수업의 궁극적인 목적이 있다.",
JFD4007,오트쿠튀르의상제작,,전공심화,4,,주얼리·패션디자인학과,"본 교과목에서는 인체와 의복구성, 패턴과 봉제 방법 등에 대한 지식을 기반으로 다양한 오트쿠튀르 의상들을 제작해 보고, 다양한 기법을 익혀 실무 제작 능력을 배양한다. 다양한 디자인 의도를 표현할 수 있는 패턴의 원리 및 변형 방법을 배우고, 실제 테일러드 재킷과 팬츠 제작을 통해, 패턴, 재다, 봉제까지의 의복구성 전 과정을 실습함으로써 패션산업 전문인으로서 필요한 창조적 감각 및 실제적 기술을 함양한다.",
JMC1008,커뮤니케이션학의이해,,전공기초,1,,정보사회미디어학과,"본 과목은 빠르게 변화하는 미디어 환경을 고찰하며, 커뮤니케이션 본질에 대한 이해를 바탕으로 미디어가 우리 사회 에 미치는 영향을 살펴보는 수업이다.",
JMC2000,디지털미디어사회의이해,,전공기초,1,,정보사회미디어학과,첨부파일 참조,
JMC2012,매스커뮤니케이션론,,전공핵심,2,,정보사회미디어학과,"인간과 AI가 공존하는 시대이다. 급변하는 AI 기술 환경 속에서 미디어 산업 뿐 아니라 기존의 ‘커뮤니케이션’ 개념과 이론도 큰 변화를 겪고 있다. 그렇다면, 챗GPT로 대표되는 AI 알고리즘 시대에 기존의 매스 커뮤니케이션 이론은 어떻게 변화하고 있으며, 그 변화를 어떻게 이해해야 하는가? 이 과목은 핵심적 매스 커뮤니케이션 이론에 대한 심도깊은 이해와 더불어, 최근 챗GPT와 알고리즘 사회의 미디어 기술과 사회변동을 이해할 수 있는 이론적 틀과 사례들을 소개하고 토론한다. 주요 내용은 커뮤니케이션학의 이론적 패러다임의 이해, 미디어 효과 이론, 기술결정론, 대중문화이론, 지능정보사회론(AI&알고리즘 사회), 소설미디어론, 규범이론 등으로 이뤄져 있다.
이 수업을 통해 학생들은 디지털 기술 변화 속에서의 미디어 생산자, 콘텐츠, 이용자의 , 거시적 사회변화를 다양한 이론과 연구들을 통해 심도깊게 이해하고, 이를 미디어 현장 사례들을 분석, 비판하는 능력을 키우게 될 것이다. 이 과목을 수강하는 학생들은 1) 관련서적의 열독과 수업 중의 토론과 발표에 적극적으로 참여하여야 하며, 2) 국내외 커뮤니케이션 현장 사례들을 조사, 분석하는 과제를 수행해야 한다.",
JMC2017,저널리즘의이해,,전공핵심,2,,정보사회미디어학과,"저널리즘은 신문과 방송을 통해 수행되는 전문적 보도, 시사, 논평 등을 가리킨다. 하지만 지금 시대에는 사실상 거의 모든 종류의 공개적 매체활동이 저널리즘적 의미를 지닌다고 할 수 있다. 사람들은 한두 가지 뉴스만을 활용하지 않고 다양한 대안적 출처에 접근할 수 있게 되었으며, 스스로 저널리즘 행위를 일상적으로 실천할 수 있는 수준에 이르렀다. 이와 같은 조건은 기존의 전문적이고 직업적인 저널리즘에 중대한 도전을 낳는다. 이는 기성 저널리즘의 위기, 정보 환경의 무질서를 낳기도 하지만, 새로운 저널리즘의 활성화와 함께 정보 환경의 풍부화를 이끌기도 한다. 이와 같은 양면적 조건 아래에서 우리는 어떤 저널리즘을 기대하며 진실을 향해 가기 위한 노력을 기울어야 하는지에 대해 깊이 있게 고민하고 실천하는 시간을 갖는다.",
JMC2029,글로컬영상콘텐츠제작,,전공심화,2,,정보사회미디어학과,"본 수업은 TikTok을 포함한 숏폼 영상 콘텐츠의 가치를 이해하고, 더 나아가 숏폼 영상 콘텐츠를 실무적 활용할 수 있는 역랑을 기르는 데 초점을 둔다. 커리큘럼명에서도 알 수 있듯, 본 수업은 숏폼 영상 콘텐츠를 이론적, 실무적 이해하고 활용하는 방안을 고민하는 기회의 장이 될 것으로 기대한다.",
JMC2030,미디어제작의이해,3,전공기초,1,1,미디어학과,"기술의 발전과 다양한 영상 콘텐츠 플랫폼의 등장으로 촬영 기기와 기법도 다변화되었다. 학생들은 변화하는 방송 및 영상 촬영 환경에 적응할 수 있는 역량을 키워야 한다. 본 수업은 학생들이 영상 콘텐츠 분야에서 촬영의 중요성을 이해하고, 실제 방송 환경에 적용할 수 있는 촬영 기법을 습득할 수 있는 기회를 제공한다. 이를 위해 본 수업은 과거부터 현재까지의 방송 및 영상 촬영 산업에 사용된 다양한 촬영 기법을 학습하고 실습할 기회를 제공한다. 특히, 본 수업은 고급 영상 제작 기법을 익히는 첫 단계이다. 따라서 향후, 전문적인 수준의 영상 콘텐츠를 만들고자 학생들은 필히 수강할 것을 추천한다. ",
JMC3021,영상커뮤니케이션,,전공심화,3,,글로벌전략커뮤니케이션전공,"With technological changes the ways in which people use visual images have radically altered. Nowadays, visual images are not only the concern of aesthetic issues associated with art, but have moved into the realm of communication studies. In this context, historical, physiological, perceptual and cognitive aspects of visual communication will be studied in this course.",
JMC3023,뉴미디어론,,전공핵심,3,,정보사회미디어학과,"뉴미디어론은 최근의 디지털 사회 및 산업적 패러다임 변화를 이해하고 이에 따른 사회, 문화, 경제적 쟁점들을 도출한 다음에 이를 적극적으로 해결하기 위한 교과목임
특히 2024년도 1학기 뉴미디어론 수업은 IC PBL 교과목으로서 최근 높은 중요성을 인정받고 있는 숏폼 콘텐츠 산업이 활성화되는 시점에 미디어 산업에 대한 영향을 포함해 다양한 사회, 문화, 경제, 심리적 쟁점들이 무엇인지 시나리오를 제시한 다음에 이에 대한 해결 방안을 모색하고자 함",
JMC3030,커뮤니케이션연구방법,,전공핵심,3,,정보사회미디어학과,첨부파일 참조,
JMC3038,미디어와창의성개발,,전공핵심,4,,정보사회미디어학과,창의성은 일부 소수의 특별한 사람들만 갖고 있는 특별한 재능은 아니며 노력에 따라 얼마든지 개발이 가능한 재능이다. 이에 이 과목에서는 다양한 아이디어 발상 기법들을 소개하고 이러한 기법들을 실제 문제에 적용할 수 있도록 함으로써 창의적 문제 해결 능력을 제고하고자 한다.,
JMC4004,언론과대중문화,,전공심화,3,,정보사회미디어학과,"이 수업은 대중문화에 대한 체계적인 이론적 논의와 급변하는 디지털 미디어 환경하의 대중문화의 트렌드와 주요 이슈에 대한 탐구와 논의를 중심으로 이뤄진다. 학생들은 이 수업을 통해 다양한 대중문화물(TV, 영화, 음악, 유튜브, 스포츠, 게임, 코믹 등)에 대한 심도깊은 이해와 비판 능력을 키울 수 있을 것이다. 특히 최근의 넷플릭스, 유튜브문화, 페미니즘, k-pop 팬덤 등에 대한 현장조사 & 사례 분석 등이 이뤄질 것이다.",
JMC4022,미디어정책과규제,,전공심화,4,,정보사회미디어학과,국내 미디어 정책과 관련된 사항을 학습한다.,
JMC4030,미디어콘텐츠기획론,,전공심화,4,,정보사회미디어학과,"본 강좌는 미디어 콘텐츠의 개념과 산업을 이해하고, 미디어 콘텐츠 기획과 실행 전략을 위한 지식을 이론과 사례를 통해 습득하도록 구성되었다. 수강생은 다양한 지식을 통해 미디어 콘텐츠 기획과 실행 과정을 체계적으로 이해하고, 습득한 지식을 미디어 콘텐츠 실무에 응용할 수 있는 능력을 향상시킬 수 있을 것이다.",
JMC4032,미디어와스포츠,,전공핵심,4,,정보사회미디어학과,"일상의 문화로 자리잡은 스포츠는 크게 직접 경기장에 방문하여 경기를 관람하는 것과 TV, 온라인 등 미디어를 통해 간접적으로 스포츠를 소비하는 것으로 구분할 수 있다. 미디어가 발달하면서 올드미디어를 통한 스포츠 콘텐츠의 소비보다는 소셜미디어를 통해 스포츠를 소비하는 경향이 짙어지는 만큼 콘텐츠의 중요성 증가하고 있다. 이 수업에서는 미디어를 활용한 스포츠 콘텐츠를 분석하면서 그 특성과 산업 전반을 이해하고 콘텐츠를 기획하는 것을 목적으로 한다.",
JOU1001,인간커뮤니케이션의이해,,전공핵심,2,,정보사회미디어학과,"이 강좌는 사람들의 관계, 사회활동, 사회현상의 형성, 유지, 발전 및 해체에 핵심적인 요소로 작용하는
인간 커뮤니케이션 대한 포괄적인 기본 지식을 쌓고, 실용적으로 활용할 수 있는 능력을 배양하는데 목적을 둔다. 이를 위해 인간 커뮤니케이션과 관련한 현상, 연구, 이론, 개념, 역사, 연구 성과, 이슈, 아이디어, 주장을 강의, 발표, PPT, 동영상, 영화. 토론, 읽기 자료 등을 통하여 공유하고 비판적으로 이해하고 정리한다.",
JOU1004,커뮤니케이션측정과통계분석,,전공핵심,3,,정보사회미디어학과,커뮤니케이션 조사방법과 SPSS 통계프로그램 이해를 도모한다.,
JOU3060,엔터테인먼트비즈니스,,전공심화,3,,정보사회미디어학과,"1. 여가 시간과 소득의 증대, 삶의 질 향상에 대한 염원 등으로 인해 사회, 경제적으로 의의가 증대되고 있는 엔터테인먼트 비즈니스의 구조를 파악한다.
2. 디지털화와 국제화의 흐름 속에서 엔터테인먼트 산업이 앞으로 어떻게 전개될 것인지를 고찰하며 엔터테인먼트 비즈니스를 육성하기 위한 정책에 대한 이해를 높인다.
3. 각 부문별 엔터테인먼트 비즈니스의 산업 구조 파악한다.",
JOU3066,스피치커뮤니케이션의이해,3,전공기초,1,2,미디어학과,,
JPN4000,근대일본과서양세계,,전공심화,4,,일본학과,"일본과 서양과의 관계에 주목하고 이와 관련하여 어떻게 근대화과정이 진행되었는지 살핀다. 특히 포르투갈, 네덜란드, 영국, 프랑스, 미국에 대해 일본이 어떠한 관점을 가졌는지, 역사적으로 어떻게 전개되었는지 현대사회와 연계하여 의미를 분석한다.
구체적인 사건과 그 사건에 어떻게 대처하였는지 그 과정을 자료를 분석하여 정확하게 이해하도록 한다.",
KOR1004,한국어의발음,,전공핵심,2,,한국언어문학과,"한국어의 발음을 음성학적 측면과 음운론적 측면에서 다루어, 언어 일반에 대한 이해를 깊게 하고 한국말에 대한 감각을 새롭게 한다. 이를 위하여 말소리의 분류와 표기 방법을 익히고 실제 언어생활의 발음 문제 등을 관찰한다. 나아가 외국어로서의 한국어 말소리의 특징을 이해하고 구체적인 자료 분석을 통해 말소리의 언어적 규칙성을 이해하며, 한국어교육 현장에서 활용할 수 있는 교육 방안을 탐색한다.",
KOR1006,한국어교육론,,전공핵심,4,,한국언어문학과,"이 과목은 한국어 교육에 대한 전반적인 이론과 방법을 다루는 교과목으로, 외국인 학습자에게 한국어를 어떻게 효과적으로 가르칠 것인지에 대한 원리와 전략을 다룬다. 또한 언어학과 교육학에 대한 깊은 이해를 토대로 한국어 교육자로 성장하는 데 필수적인 자질과 능력을 함양할 수 있도록 한다.",
KOR1007,작가탐구의실제,,전공심화,4,,한국언어문학과,이 수업은 현대문학 이론과 방법론을 바탕으로 실제로 작가론을 쓰는 것을 목표로 한다. 이론 수업을 진행한 뒤 그것을 바탕으로 학생들이 개별적으로 작가론을 써보고 발표와 토론을 통해 보완해 나가도록 한다.,
KOR1012,고전문학과스토리텔링,,전공심화,3,,한국언어문학과,"본 강좌는 고전문학과 스토리텔링의 기본 개념과 원리를 소개하고 이를 바탕으로 고전 서사를 스토리텔링하여 고전 서사를 창의적으로 해석하는 능력을 기르는데 목적을 둔다. 고전 작품의 구조와 의미를 분석해주고 이를 토대로 스토리텔링을 함으로써 고전문학이 현실문제와 동떨어진 과거의 유물이 아니라 우리 삶과 사회를 흥미롭게 재조명할 수 있는 창(窓)이 될 수 있기를 기대한다.
전반부는 이론 수업으로, 후반부는 발표 수업으로 진행한다.",
KOR1014,한국문학의이해,,전공기초,1,,한국언어문학과,"이 과목은 한국언어문학과 1학년 학생들을 대상으로, 다음의 3 주제로 진행된다.
1. 현대문학에 대한 개괄적인 이론과 개념을 중심으로 진행되는 강의 2. 실제 한국문학 작품 텍스트를 대상으로 한 강의 .3. 문학 작품에서 출발한 아이디어를 팀별 테마로 변형, 확장시켜 팀프로젝트를 발표하는 수업
이런 3가지 접근법은 문학을 바라보는 다음 3가지 관점과 연관된다.
첫째, 문학을 시`공간을 초월해 보편성을 확립한 문학의 보편적 차원과, 둘째, 지금 여기의 구체적이고 다양한 문학작품의 실제라는 현실성의 차원, 셋째, 문학은 활자매체를 벗어나 다양한 미디어로의 전환, 다양한 견해를 통한 비판적 이해, 이와 결부된 상상력의 변화를 통해 창의적으로 확산되는 것이라는 향유와 수용의 차원.",
KOR2001,국문학개론,,전공기초,1,,한국언어문학과,"고대에서 개화기까지 우리땅에서 생긴 각 장르를 통시적으로 고찰한 결과 한국문학의 전통과 전개과정과 생성, 변이, 적응에 대해서 공부를 한다. 이로서 한국고전문학에 대한 전반을 올바르게 이해하고 평가하며 이웃나라의 문학과 관련을 지어서 그 전개와 성격을 이해한다. 요컨대 `이것이 국문학의 흐름이고 정신이다`를 공부한다.
이로써 한국 고전문학에 대한 전반을 올바르게 이해하고 평가하며 이웃나라의 문학과 관련을 지어서 그 전개와 성격을 이해한다. IC-PBL 수업으로 진행하여 국문학개론의 실용화를 꾀한다.",
KOR2002,국어학개론,,전공기초,1,,한국언어문학과,"국어학개론은 국어학 전반에 걸친 기본적인 이론을 총괄한 입문서이다. 학생들은 이 수업을 통해 음운론, 문법론, 의미론, 국어사 등의 이론을 접할 수 있으며, 이 경험은 앞으로 한국어 전반을 이해하는 초석이 될 것이다.",
KOR2006,현대소설론,,전공핵심,2,,한국언어문학과,"소설(novel)은 한국은 물론 세계 여러나라에서 오랫동안 창작되고 향유되어왔다. 이 과정 속에서 ‘명작’ ‘필독서’ 목록으로, 반드시 읽어야할 ‘고전’으로 자리매김되어왔다. 이 명작으로서의 소설은 단순히 의무나 지적 과시의 대상이 아니라, 우리 삶의 현재성, 사회성, 역사`정치적 현재, 개인의 내면과 퍼스널리티, 전세계에서 공유한 세계와 현실의 감각의 동시성과 보편성 등과 어떤 연관을 맺고 있는지 실제로 살펴보고 성찰할 필요가 있다. 특히 이미 글로벌화한 문화환경에서, 소설을 ‘한국만의 국민국가의 문학’으로 좁히기보다, ‘세계의 현대’ 소설의 다양한 영역으로 확장하는 것이 필요하다. 이미 우리의 삶 자체가 세계화한 영향력 속에 있고, 문화습득과 향유 역시 글로벌한 환경에서 이루어지기 때문이다. 따라서 한국언어문학과의 현대소설론은, 한국만의 현대소설이 아니라 한국을 포함한 세계문학을 대상으로 삼고자 한다. 따라서 이 과목은 세계명작으로 불리는 고전 중 일부, 그리고 지금 현재 세계적으로 가장 사랑받는 베스트셀러 세계문학 작가의 작품 일부를 선택해, 과거의 명성과 현재의 재미의 이유를 심층적으로 살펴보도록 한다. 작품 선별은, 1˃현재의 세계문학의 베스트 셀러, 2˃세계문학의 고전(영화 원작), 3˃한국 문학이 골고루 포함되게 한다. - 세계문학고전의 경우, 영화와 함께 봄으로써, 영화와 소설로 세계문학의 클래식을 만날 기회를 갖도록 하고자 한다. 이를 통해 한국뿐만 아니라 세계문학에서 소설이 무엇이고, 어떤 내용을 다루고 있는지, 그것이 우리를 둘러싼 현재의 삶과 어떤 연관을 맺고 있는지를 작품을 통해 접근한다.",
KOR2057,옛문학의아름다움,,전공핵심,2,,한국언어문학과,"‘옛 문학의 아름다움’은 우리나라의 고전시가 작품을 감상하고 이해하는 과목이다. 고전시가는 그것이 창작된 시기가 과거일뿐 현재의 수많은 문학 작품 및 문화산업에 지대한 영향을 미치고 있다. 그러므로 ‘옛 문학의 아름다움’ 수업을 통하여, 그 동안 제목으로만 알고 있었던 작품을 직접 읽고 감상하면서 그것의 효용성을 발견한다. 또한 문학 작품에 담겨 있는 미적 분위기를 발견하여, 선인들의 문학정신과 함께 한국인의 미의식 및 정체성을 탐구한다.",
KOR2058,구비민속문화론,,전공핵심,2,,한국언어문학과,"민속문화는 한 민족이 보편적으로 공유하고 있는 전통문화이자 민족의 문화이다. 민속은 가장 보편적인 인간의 생활양식이기에 어떤 문화보다도 큰 힘을 지니고 있다. 그러한 힘이 산업적, 사회적 관심과 어울리면 강력한 힘을 발휘할 수 있다. 우리의 민속문화가 지닌 창조성과 보편적 우수성을 배워서 오늘의 문화를 풍부하게 살찌우고 민속 문화를 현대적으로 재창조하는 문제를 고민해본다.",
KOR2075,미디어리터러시와언어생활,,전공핵심,2,,한국언어문학과,"본 수업에서는 리터러시에 대한 정의가 시대에 따라 어떻게 변화해 왔는지 살펴보고, 대면적 소통보다 디지털을 통한 비대면적 소통이 활성화되는 이 시기에 우리에게 필요한 미디어리터러시 역량을 다양한 측면에서 탐구합니다.",
KOR3012,현대문학사,,전공핵심,2,,한국언어문학과,"이 수업은 대략 세 가지 주제와 과정으로 진행된다. 첫째, 한국현대문학사란 무엇인가에 대한 정의, 전제, 관점을 살피는 일, 둘째, 통시적으로 전개된 현대문학사의 실제 과정을 탐구하고 이해하는 일, 셋째, 이러한 한국현대문학사의 실증적 전개과정을 역사화하는 시각을 갖기를 목표로 한다.",
KOR3022,국어문법구조,,전공핵심,2,,한국언어문학과,문법은 문장을 형성하는 규칙이다. 이러한 규칙에 대하여 연구하는 학문 분야를 문법론이라 한다. 문법론은 단어의 구조를 연구하는 형태론과 문장의 구조를 연구하는 통사론으로 나뉜다. 이 수업에서는 형태론과 통사론의 기초학습과 더불어 국어학 전공자로서 갖추어야할 문법 지식에 대한 심화학습을 병행할 것이다.,
KOR3054,고전소설의이해,,전공핵심,3,,한국언어문학과,"한국 고전 소설의 유형별 작품을 강독하며 고전 소설의 역사를 이해하고 고전 소설에 반영된 작가의 문제의식 나아가 선인들의 발자취를 살펴본다. 그리고 고전 소설을 통해 자아 및 현대 사회를 성찰하고 미래를 전망하는 동시에, 고전 소설을 재해석할 수 있는 가능성을 모색해 본다.",
KOR3075,스토리와장르전환,,전공심화,3,,한국언어문학과,"스토리와 장르전환(응용서사론)은 서사의 구조와 특성에 대한 이론을 학습하고 그것이 활용된 현대의 다양한 문화 창작물을 이해하고 분석하는 것을 목표로 한다. 고대의 신화나 전설로부터 현대의 소설, 영화, 드라마, 만화, 애니메이션, 광고 등에 이르기까지 우리는 이야기(서사, 스토리)를 만들고, 즐기고, 또 그것을 통해 타인과 소통한다. 본 수업은 이러한 이야기를 구성하는 공통된 법칙과 이론을 학습하고, 다양한 현대의 문화창작물을 대상으로 분석, 활용하는 학습하고자 한다.",
KOR3076,고전수필읽기,,전공핵심,3,,한국언어문학과,"본 강좌는 한국 고전 수필 가운데 문학사적 의미가 있거나 문학적 성취가 뛰어난 작품을 대상으로 한다. 일기문, 기행문, 서간문, 설(說) 등과 여성 수필을 포함한다. 한국의 대표적인 고전 수필을 감상하여 옛사람의 삶과 사랑, 인생 태도를 나누고 '진정한 나를 찾기'에 대해 생각해 본다. 아울러 글쓰기를 연결하여 배움으로써 글쓰기 실력 향상에 실제적인 도움이 되도록 한다.",
KOR3084,웹미디어와문학의창작유통공유,,전공심화,3,,한국언어문학과,"폭넓은 개념의 문학이 문화를 대표하는 시대에서 문학이 문화의 한 부분을 차지하는 시대로의 변화는 둘 사이의 관계에 대한 이해를 필요로 한다. 새롭게 출현한 다양한 문화 양식과 문학은 서로 긴밀하게 관계하면서 기존의 문학 양식과는 다른 세계를 보여준다. 이런 점에서 문화에 대한 이해는 곧 문학에 대한 이해가 되며, 문학의 현상황은 물론 그 전망까지도 가늠할 수 있는 기회가 될 것이다.",
KOR3085,중·근세국어강독,,전공심화,3,,한국언어문학과,"우리가 역사를 배우는 이유는 무엇인가? 그것은 아마 과거 없는 현재가 존재하지 않기 때문일 것이다. 언어도 마찬가지이다. ‘해+쌀’은 왜 ‘해쌀’이 아니라 ‘햅쌀’일까, ‘소+아지’는 왜 ‘소아지’가 아니라 ‘송아지’일까? 언어에 관심이 있는 사람이라면 우리말에 이와 같이 비문법적인 현상이 나타날 때 그 이유가 궁금했을 것이다. 이러한 현상은 비단 단어의 합성에만 나타나는 것이 아니라 음운, 형태, 통사, 의미 등 언어 범주 전체에 걸쳐 나타난다. 그 이유는 언어가 역사성을 가지고 있기 때문이다. 즉, 언어가 시간의 흐름에 따라 변하고 있다는 것이다. 이 과목은 우리말의 역사적 변화를 통시적으로 살펴봄으로써 현대국어에 나타나는 여러 가지 문법 현상에 대한 이해의 폭을 넓힐 수 있도록 도울 것이다.",
KOR4007,문예비평론,,전공핵심,3,,한국언어문학과,"문학을 이해하기 위하여 문학비평의 이론을 연구하고 이를 실제 비평에 적용하는 방법을 학습한다. 문에비평이론과 관련하여 역사주의비평, 형식주의비평, 심리주의비평, 사회문화비평, 원형비평 등의 비평유형과 러시아형식주의비평, 신비평, 구조주의비평, 마르크스주의비평 등 현대의 다양한 비평유형들의 이론을 탐구하고 이를 실제 문학작품에 응용하는 방법을 모색하도록 한다.",
KOR4009,국어의미론,,전공핵심,2,,한국언어문학과,"본 수업에서는 언어학 속에서 의미론의 위치를 살펴보고 의미의 본질을 설명하는 다양한 가설과 유형을 소개합니다. 의미의 성분 분석을 통해 단어 의미를 더욱 체계적으로 생각할 수 있는 방법뿐 아니라 단어와 문장의 다양한 의미 관계, 의미 변화의 원리, 발화 의미의 특징 등을 살펴봅니다.",
KOR4019,국어화용론,,전공심화,3,,한국언어문학과,"국어화용론에서는 발화와 텍스트의 해석과 기능에 대하여 공부한다. 주요 내용은 발화와 텍스트의 해석에 관여하는 담화 맥락 요소, 해석의 절차, 대화 함축, 지시, 화행 수행 기능, 상호작용적인 대화 행위, 대화 구조 등을 포함한다. 이론적인 접근과 동시에 국어 발화, 텍스트, 대화 자료에 대한 실제 분석을 통하여 학습을 심화하고 학교 수업에 대한 적용 방법을 모색한다.",
KOR4032,출판기획론,,전공핵심,3,,한국언어문학과,"이 강좌는 컨텐츠 기획에 대한 강좌이다. 사회에 진출한 학생들이 반드시 거쳐야 할 컨텐츠 작성과 기획보고서 작성에 대해 한 실전 강좌이다. 강의 타이틀은 출판 기획론이다. 그러나 출판사 잡지사는 물론이고 일반 기업이나 연구소 등에 입사한 후 마케팅, 경영, 일반 행정 업무 등 모든 사업계획을 세울 때 각종 보고서와 기획서를 어떻게 쓰느냐를 살펴보고 배우는 실용 과목이다. 주로 인문학 계통의 학생들이 이 수업을 듣지만 인문 비전공 학생들에게도 권할 만한 꼭 필요한 실용 과목이다. 실용문 글쓰기 수업도 과정 안에 들어 있다. 글쓰는 스킬이 중요한 것이 아니라 전체를 설계하고 기획하며 실행에 이르는 전 과정을 직접 훈련해 가며 실력을 키워가는 과목이다. 이 프로세스를 한 번 제대로 경험하면 그 어떤 기업에서의 어떤 도전도 능숙하게 적응해 낼 수 있다.",
KOR4067,영상문화론,,전공심화,4,,한국언어문학과,"사회의 변화는 문학의 변화를 동반한다. 후기현대사회를 지배하는 변화의 동인은 영상 매체다. 말에서 문자로 문자에서 영상으로 매체가 변화하면서 문학에 대한 이해도 변화하고 있다. 영상 매체의 발달은 문학을 넘어 문화에 대한 이해를 폭넓게 촉발시켰으며, 근대 이후 문학이 누려온 중심적인 지위를 이제 문화, 그 중에서도 영상문화가 대신하고 있다. 이러한 시대 변화는 영상문화에 대한 체계적인 이해를 필요로 한다. 본 교과목은 영상문화의 주요 쟁점을 통해 우리 시대 문화예술의 정체성을 구현하는데 도움을 줄 것이다.",
KOR4068,문학과대중문화,,전공핵심,4,,한국언어문학과,"문화의 자장 속에서 문학의 자리를 탐구하며 우리 시대 대중문화의 양상을 살펴본다. 본 교과목은 문화를 형성하는 복합적 요소를 학습하고 다각적 사례를 통해 대중문화에 구현된 시대성과 예술성을 탐색하는 과정이다. 대중문화와 연관된 주요 문화 이론과 주제를 학습하는 한편, 장르별 텍스트를 폭넓게 감상하며 문화비평의 시각을 갖도록 한다.",
KOR4076,한국문학과심리치료,,전공심화,4,,한국언어문학과,"본 교과목은 한국문학을 심리학적 측면에서 분석하여 문학과 삶과 현실의 상관관계에 주목한다.
또한 문학의 범주를 넓혀서 문학 작품 뿐만 아니라 다양한 문화텍스트 속에 담긴 심리코드를 밝혀내고 그것이 함의하는 내용이 무엇인지를 생각해 본다. 그럼으로써 한국의 문학을 새로운 시각에서 재음미하고, 현실과의 간극을 좁히고 그 유용성을 높이도록 한다.",
LIS1001,전공탐색과설계1,3,전공기초,1,1,LIONS자율전공학부(전계열),"본 과목은 LIONS칼리지 자율전공학부 1학년 학생을 위해 개설된 전공필수 교과목으로 학생들의 대학생활 적응을 지원하고, 전공선택을 위해 필요한 자기(self)와 전공 및 직업에 대한 인식 확장을 목적으로 한다. Pride와 분반 별 적극적인 상호작용을 통해 LIONS칼리지 소속감과 대학 몰입(engagement)를 제고한다.  ",
LIS1002,전공탐색과설계2,1,전공기초,1,2,LIONS자율전공학부(전계열),,
LIS1003,LIONS혁신적질문과탐구,2,전공기초,1,2,LIONS자율전공학부(전계열),,
LIS1004,LIONS융합프로젝트,2,전공핵심,1,2,LIONS자율전공학부(전계열),,
LIS1005,성장과발달의심리적이해,2,전공핵심,1,1,LIONS자율전공학부(전계열),,
MAE2001,재료과학1,,전공핵심,2,,재료화학공학과,"재료공학의 입문 과정으로서 물질의 구조와 물리적, 화학적, 기계적 특성과의 관계를 알아보고,
필요로하는 특성을 얻기위한 재료의 디자인과 제조방법 등에 관한 기본지식을 함양하는 데 있다
이수업은 영어 전용 강좌이다..",
MAE2002,재료과학2,,전공핵심,2,,재료화학공학과,"금속재료, 고분자재료, 세라믹스재료의 내부조직과 특성을 다루며, 이들 재료의 제조방법과 사용환경에서의 조직변화 그리고 특성변화에 관하여 내용을 상세히 다룬다. 그리고 복합재료, 자성재료, 반도체재료, 광학재료의 특성과 제조방법에 관하여 강의 한다.",
MAE4004,재료강도학,,전공핵심,3,,재료화학공학과,"본 교과목은 금속재료를 중심으로 재료의 기계적 성질을 다룬다. 거시적으로는 재료의 탄성변형과 소성변형 이론, 미시적으로는 전위 등의 재료 내부의 결함과 변형 중에 작동하는 강화기구에 대한 이해를 통해 재료의 변형 거동을 기술한다. 또한 파괴, 크리프, 피로 등의 다양한 조건에서의 재료의 기계적 성질을 소개한다.",
MAT1002,확률및통계개론,3,전공기초,1,1,수리데이터사이언스학과,본 강좌는 영어전용강좌로 진행됨. ,
MAT2003,선형대수,,전공핵심,2,,컬처테크놀로지전공,"선형대수학은 선형계, 벡터, 행렬 및 벡터 공간의 연산에 관련된 수학의 한 분야이다. 선형 대수의 개념과 방법은 대부분의 수학 분야와 응용 분야(과학, 공학, 경제학, 의학, 사회학 등)에서 널리 사용되며, 특히 선형 대수의 중요성과 적용은 AI 및 빅데이터와 같은 현대 응용 분야에서 점점 더 많이 대두되고 있다. 선형대수학은 주어진 문제(선형방정식)와 그 해법을 행렬을 통하여 다루는 학문이며 이에 대한 다양한 응용성을 갖고 있다.",
MAT2005,해석학,,전공핵심,3,,수리데이터사이언스학과,이 교과목은 학생들에게 엡실론-델타 방법을 이용하여 미분적분학1에서 학습하는 내용에 이론의 토대를 소개한다. 정의와 증명은 이 교과과정 내내 강조될 것이다.,
MAT2009,미분방정식,,전공핵심,2,,수리데이터사이언스학과,"미분방정식을 이해하고 미분방정식과 관련된 다음과 같은 여러 문제들을 다룬다. first-order ODEs, second-order linear ODEs, series solutions, Laplace transforms, Fourier series, PDE 등을 다룬다.",
MAT2012,고등미적분학,,전공핵심,2,,수리데이터사이언스학과,"이 교과목은 벡터 해석을 다룬다. 벡터해석에서 사용되는 기법은 수학 뿐 아니라 물리학, 공학, 경제학 과 컴퓨터 그래픽등 다양한 분야에서 응용된다.",
MAT2017,확률통계론,,전공핵심,2,,교통·물류공학과,교통자료를 처리 분석하는 능력 배양을 위해 확률 및 통계학의 기초이론 및 응용에 관해 학습한다,
MAT2020,이산수학,3,전공기초,1,1,컴퓨터학부,"이산 구조를 갖는 object를 count하는 기본 방법과 지식을 익힌다. 특히, 이때 사용되는 수학적 논리를 이해하고 익숙해지는 것을 목표로 한다. 또한 그래프 이론의 기초 지식을 학습하며, 알고리즘 등의 응용 문제를 공부한다.",
MAT2027,데이터처리,,전공핵심,2,,산업인공지능전공,"데이터처리는 데이터의 변환에 관한 교과목으로 데이터의 정보를 효율적으로 처리하고 분석 또는 표현할 수 있는 것을 목표로 한다. AI분야에서 데이터 전처리는 AI학습에서 기본적으로 필요한 부분이며, 탐색적 자료 분석 기법을 기반으로 자료에 대한 충분한 이해를 통한 정교한 모형 적합이 중요하다. 본 교과목에서는 데이터 전처리, 탐색적 자료 분석, 자연어 처리 등을 다루고자 한다.",
MAT2030,공학수학,,전공핵심,2,,융합공학과,1학년에서 배운 기초수학을 바탕으로 다양한 함수와 그 함수들에 대한 미분과 적분에 대해 학습한다.,
MAT2077,IT응용수학,,전공핵심,2,,지능형로봇학과,"산업에서 연구개발을 수행 할 수 있는 기초 능력을 함양하고자 함. 단순히 수식과 이론 뿐아니라 연구개발 시 개발환경 셋팅, pytorch 프레임워크 문법, 기본적인 python 등을 배우고
이를 기반으로 배운 이론을 실제 구현하여 토이 형태로 실습을 진행하여 연구개발의 기초 능력을 쌓음. 과목 마지막에는 간단한 프로젝트를 수행하며 본 수업을 통해 익힌것을 활용 하고자 함.",
MAT2078,확률이론,,전공핵심,2,,수리데이터사이언스학과,"확률론은 확률과 확률변수에 대한 이해를 바탕으로 하는 수학적인 분야이다. 확률론은 다양한 분야에서 활용되며, 통계, 컴퓨터 과학, 경제학, 운영 연구 등에 중요한 기반이 된다.
이 수업에서는 확률 개념과 이론을 소개하고, 확률 모델링 및 추론에 대한 기본적인 도구와 기법을 학습시킨다.",
MAT2079,데이터사이언스프로그래밍,,전공핵심,2,,지능형로봇학과,"본 강의에서는 데이터 사이언스 분야에서 널리 사용되는 Python/R 언어를 배우고, 능숙하게 사용할 수 있도록 하여, 수학/통계학을 공부하는데 필요한 코딩 기초를 배우고자 한다. 또한 실제 데이터를 활용한 프로그래밍 실습을 통해 데이터 분석 능력을 함양하고자 한다.",
MAT2080,데이터사이언스를위한선형대수,,전공핵심,2,,수리데이터사이언스학과,"이/공학에서 등장하는 다양한 data는 행렬 형식으로 표현된다. 본 과목은 SVD, ICA, PCA, DMD, NMF 등의 선형대수 기반 알고리즘을 통하여 행렬 형태의 data로부터 중요한 정보를 추출하는 방법을 다룬다. 본 수업은 IC-PBL로 진행되며, 조별 활동과 최종 발표를 해야 한다.",
MAT3008,수치해석,,전공핵심,2,,컴퓨터학부,수치해석은 복잡한 수학 문제들을 더 간단한 산술 연산 및 논리 연산들을 이용하여 풀 수 있도록 수식화하는 기법이다. 이 강의에서는 수치해석의 기본 지식 및 도구들을 컴퓨터 공학 전공인 학생들에게 소개한다.,
MAT3012,수리통계학,,전공핵심,3,,수리데이터사이언스학과,본 강좌는 영어전용강좌로 진행됨.,
MAT3013,현대대수학,,전공핵심,3,,수리데이터사이언스학과,"현대수학의 기초가 되는 대수학은 공리계 밑에서 추상화의 방법을 도입하여 여러 가지 기본이 되는 대수계의 구조와 성질을 규명하는 과목이다. 본 과목은 집합론과 정수론을 이수한 후 공부할 수 있는 과목으로서 군의 기본적인 성질, 대칭군, 순환군, 정규부분군, 군준동형사상, 군의 직적자기 동형군, 가해군, Stlow 정리, 유한Abel군 등을 다룬다.",
MAT3030,일반위상수학,,전공핵심,3,,수리데이터사이언스학과,도넛과 컵이 합동은 아니지만 위상적으로는 동형이다. 이것이 무슨 뜻일까요? 위상수학은 연속적인 변형에 의하여 불변인 도형의 성질을 연구하는 학문이다. 본 수업을 통해 빅데이터 세상에서 위상수학의 중요성에 대해 토론하고 한 집합상의 멀고 가까움의 개념인 위상을 도입하고 연속적인 변형에 의해 변하지 않는 위상적 성질에 대해 배운다.,
MAT3032,다변수해석학,,전공핵심,3,,수리데이터사이언스학과,이 교과목은 수업목표는 유클리드 공간의 주요 개념과 정리를 엄격하게 공부하는데 있다.,
MAT3034,과학계산입문,,전공심화,3,,수리데이터사이언스학과,"과학계산(Scientific computing)은 과학, 공학, 사회과학, 생명과학 등의 문제를 수학적 모델을 기반으로 하여 컴퓨터로 해결하기 위해 필요한 이론, 기법, 도구 등을 다루는 학문입니다.
과학 계산에서는 해결해야 할 응용문제의 주제에 대한 지식과 다양한 수치 분석 기법을 기반으로 한 수학적 모델링 능력, 효율적인 컴퓨팅 기법이 요구됩니다.
본 교과목에서는 과학계산의 기초가 되는 수학과 수치 알고리즘 등을 다룹니다.",
MAT3070,빅데이터분석,,전공핵심,3,,수리데이터사이언스학과,"본 수업은 IC-PBL 수업(영어강의)입니다.
다양한 산업 분야에서 생산되는 빅데이터에서 유의미한 결과를 해석해내는 데이터 분석 능력 뿐 아니라 데이터의 해석 능력을 배양하는 것이 중요한 이슈가 되고 있다. 이에 본 수업에서는, 학생들이 기초 기계 학습 기법의 원리 및 기초 통계 개념에 대한 이해, 파이썬/R 기반 전산실습을 통해 코딩 기술을 습득함으로 데이터 분석에 대한 전반적인 이해 정도를 향상시키고자 한다.",
MAT3071,범주형자료분석개론,,전공핵심,3,,수리데이터사이언스학과,"본 강좌는 영어전용강좌로 진행됨. 범주형 자료분석에 필요한 통계적 기본요소들을 소개하고 통계적방법의 사용법 및
결과의 해석을 강조한다.",
MAT3072,수리데이터사이언스연구실심화실습2,,전공심화,3,,수리데이터사이언스학과,본 교과목은 학생들이 수리데이터사이언스학과 교수의 연구실에서 수행하는 연구에 직접 참여하여 개별 연구 활동을 통해 수리 데이터사이언스 연구 분야에 대한 실질적인 연구 경험을 습득하는 과목이다. 학생들은 연구실의 연구 분야에 대한 경험을 쌓아 대학원 진학이나 취업 방향에 대해 탐색해 볼 수 있고 연구 보고서 작성을 통해 논리적으로 사고하는 자질을 기르게 된다.,
MAT4009,그래프론,,전공핵심,3,,수리데이터사이언스학과,그래프는 가장 간단한 수학 구조를 갖는 개념 중 하나다. 따라서 그래프론은 수학 뿐 아니라 컴퓨터공학 같은 다양한 분야에서 응용된다. 이 교과목에서는 그래프론의 기본 내용을 다룬다.,
MAT4015,확률및통계,3,전공심화,1,1,건축공학전공,"확률 및 통계는 공학, 자연과학, 인문/사회과학, 의학 등 모든 분야에서 널리 이용되고 있습니다. 이 수업에서는 통계학의 기본적이고 중요한 개념을 다루고 자료정리 및 분류하는 방법을 학습합니다.",
MAT4073,확률론,,전공기초,2,,컴퓨터학부,"이 수업에서는 다양한 컴퓨터과학 분야에 필수적인 기초 확률 이론을 배운다.
특히 확률 변수의 개념과 관련된 기초 이론들을 익히는데 중점을 둔다.",
MAT4081,수리데이터사이언스캡스톤디자인1,,전공심화,3,,수리데이터사이언스학과,"수리데이터사이언스전공에서 초석을 쌓고 기둥을 세워 마침내 나름의 지붕을 쌓아올려본다는 마음가짐으로, 선별한 주제에 관한 자기주도적 연구, 실험, 조사를 진행하고, 그 결과를 발표하여 하나의 수학적인 문제 해결 능력을 함양한다.",
MAT4083,수리데이터사이언스캡스톤디자인2,,전공심화,4,,수리데이터사이언스학과,"캡스톤디자인은 학생들이 전공수업에서 배운 전문지식을 바탕으로 산업현장 또는 사회에서 요구하는 실무 영역의 문제들을 창의적으로 해결할 수 있는 역량을 기르며, 특히 4차 산업의 핵심 기술인 빅데이터, 인공지능관련 프로젝트를 발굴하고, 융합적 사고와 창의적 문제해결 능력을 갖춰 시대 변화에 맞는 인재로 양성될 수 있도록 함양한다.",
MAT4087,고급선형대수및응용,,전공심화,4,,수리데이터사이언스학과,"선형대수는 기계학습의 많은 부분과 깊이 연관되어 있다. 예를 들어, 특이값 분해(Singular Value Decomposition)는 압축과 차원 축소에 응용되며, 그래프의 선형대수는 스펙트럼 군집화 (spectral clustering)에 응용된다. 이 강좌에서는 전술한 두 가지 주제에 대해 공부한다. IC-PBL 활동으로는, Singular Value Decomposition을 이용해 사진을 압축하여 용량을 줄이는 프로그램을 제작한다.",
MAT4088,머신러닝,,전공심화,4,,수리데이터사이언스학과,"본 수업은 IC-PBL수업입니다. 이론과 함께 실제 자료 분석을 통한 개인 혹은 팀별 프로젝트 진행을 병행합니다. 본 수업에서는 비지도 학습의 방법론 및 적용, 회귀 및 분류를위한지도 학습, 앙상블 학습, 모델 평가, 특징 선택 및 차원 축소를 포함한 기계 학습 기술의 입문 과정입니다. 학생들은 머신러닝의 이론과 자료 분석을 위한 알고리즘을 Python의 소프트웨어 구현을 통해서 배웁니다.",
MAT4089,최적화이론및응용,,전공심화,4,,수리데이터사이언스학과,"최적화는 공학 시스템(항공기, 자전거 프레임, 인공지능 시스템 등)의 설계에 깊이 연관되어 있다. 여기서 목적은 주어진 제약(비용, 무게 등) 하에서 특정 지표를(효율, 안전성, 정확성 등) 최적화 하도록 시스템을 설계하는 것이다. 이 강좌에서는 공학 시스템들의 설계를 위한 실용적인 알고리즘에 초점을 맞춰 최적화를 소개한다.",
MAT4090,회귀분석,,전공심화,4,,수리데이터사이언스학과,"해당 수업은 SMART-F 유형 수업입니다.
회귀 분석은 통계학에서 실제 데이터를 분석하는 가장 기본적인 접근방법으로, 데이터에 대해 독립 변수와 종속 변수 간의 기능적 관계를 식별하는 통계 방법입니다. 본 수업 과정에서는 단순 회귀, 다중 회귀, 회귀 진단, 더미 변수 사용, 변수 변환, 변수 선택 절차, 다중 공선성, 로지스틱 회귀분석 등의 이론 내용을 학습합니다. 또한, 통계 소프트웨어를 사용하여 다양한 데이터를 분석하는 실습을 진행하고자 합니다.",
MAT4091,딥러닝의기초및응용,,전공심화,4,,지능형로봇학과,"빅데이터와 함께 4차 산업의 메타기술인 딥러닝은 컴퓨터가 주어진 환경으로부터 스스로 학습하는 기술로서 인공지능의 생각하는 컴퓨팅 기술이다. 최근에 자연과학 및 공학, 사회과학, 의료, 다양한 산업으로 확산되고 있다. 딥러닝은 다양한 응용성을 갖고 있을 뿐만 아니라 이론적으로 선형대수, 최적화이론, 확률 및 통계 등 고급수학을 기반으로 하고 있다. 본 교과목에서는 딥러닝의 기초개념과 알고리즘 및 응용, 컴퓨팅을 다루고 실제 도메인 데이터 적용에 대해서 다룬다.",
MAT4094,수리데이터사이언스연구실심화실습1,,전공심화,3,,수리데이터사이언스학과,"다양한 바이오 데이터를 활용한 데이터 분석 실습을 진행할 계획이며, 이를 통해서 코딩 및 분석 결과에 대한 해석 능력을 향상하는 것을 목표로 한다.",
MAT4095,수리데이터사이언스연구실심화실습3,,전공심화,4,,수리데이터사이언스학과,본 교과목은 학생들이 수리데이터사이언스학과 교수의 연구실에서 수행하는 연구에 직접 참여하여 개별 연구 활동을 통해 수리 데이터사이언스 연구 분야에 대한 실질적인 연구 경험을 습득하는 과목이다. 학생들은 연구실의 연구 분야에 대한 경험을 쌓아 대학원 진학이나 취업 방향에 대해 탐색해 볼 수 있고 연구 보고서 작성을 통해 논리적으로 사고하는 자질을 기르게 된다.,
MAT4096,인공지능기초,3,전공기초,1,1,수리데이터사이언스학과,본 교과목은 수리데이터사이언스학과 신입생의 학과 전공에 대한 이해를 돕고 파이썬의 활용에 대한 자신감을 키우고 학우들간에 함께 문제를 풀어가는 경험을 제공하자 하는 교육과정으로 구성되어 있습니다.,
MCD1001,디자인테크놀로지융합의이해,3,전공핵심,1,2,303,,304
MCE1001,배터리소재화공입문설계,2,전공기초,1,1,배터리소재화학공학과,,
MCE2001,기초열역학,,전공핵심,2,,재료화학공학과,"어떤 반응이 자발적으로 일어나는지 혹은 평형을 이루고 있는지는 가장 기본이 되는 중요한 명제가 된다. 기초열역학에서는 여러 반응의 평형상태가 주요관심사다. 이로부터 재료화학공학에서 일어나는 화학반응 및 물리적 현상을 예측하고 조절할 수 있게 된다. 수식적 해석, 물리적 의미가 강조되고, 또한 많은 문제를 해결하는 것이 중요하다. 여러 열역학 법칙들을 다루고, 통계열역학, 기체 반응 등에 대한 내용을 공부한다.",
MCE2004,배터리/신소재/화학공학입문,3,전공핵심,1,2,배터리소재화학공학과,,
MCE3001,재료화공열역학,,전공핵심,3,,재료화학공학과,"본 교과에서는 냉동과 액화를 비롯하여 기액평형, 용액열역학 이론과 응용, 화학반응평형, 상평형 및 열역학 공정의 분석에 대하여 학습한다.",
MCE3002,유기합성실험,,전공핵심,3,,재료화학공학과,"유기합성은 원하는 유기화합물을 사용화 되어있는 출발물질을 이용하여 단계적으로 합성하는 일이다. 이와 같은 유기합성은 제약, 천연물, 염료, 농화학, 화장품, 고분자 및 전자 재료 등의 기초연구와 산업현장에 널리 사용된다. 유기합성의 단계는 최종물질선정, 합성전략, 출발물질 및 중간체 선정, 합성도면 작성 및 참고문헌조사, 실험을 통한 최적화 등의 과정을 따라서 진행된다.",
MCE3003,미세조직실험,,전공핵심,3,,재료화학공학과,"미세조직실험 교과목을 통해, 실제 금속 및 고분자 소재를 관찰하고 미세구조에 따른 기계적 특성 변화를 고찰하는 능력을 배양한다. 합금 제조 실험으로 Al-Cu 합금을 직접 제작하고, 제작된 합금의 상분율에 따른 미세조직을 관찰하며, 경도 측정을 수행한다. 고분자 제조 및 시험으로 ASTM 규격에 맞추어 고분자 시편을 제작한 후 인장시험을 진행한다. 이를 통해 인장 강도, 항복강도, 영률 등의 개념에 대해 학습하고, 고분자 시편의 물성을 확인한다. 스테인리스강의 변형 전후의 광학현미경 관찰을 통한 미세조직 분석과 X-Ray Diffraction을 이용한 상분석을 통해 재료의 변형시 일어나는 현상을 미세조직적 관점으로 학습한다.",
MCE3004,재료화공캡스톤디자인1,,전공심화,3,,재료화학공학과,"본 강좌에서는 기능성 고분자재료의 합성, 분석 방법 및 응용에 대하여 교육한다. 특정 물질의 제조에 관한 과제가 주어지고, 이 과제를 해결하기 위하여 어떻게 실험을 계획하고 수행해나갈 수 있는지에 대해 다룬다. 또한, 과제결과 정리 및 결과발표 능력을 배양한다.",
MCE3005,분광기기분석실험,,전공핵심,3,,재료화학공학과,"기초 화학공학실험의 설계, 수행, 결과 해석, 및 토론 등을 익히기 위한 화학공학관련 기초실험을 수행한다. 본 강좌는 6-8 명이 한 조를 이루어 실험에 필요한 기초적인 이론지식 및 원리를 탐구하고 습득한 후, 이를 바탕으로 실험을 설계하고 수행하며 얻어진 결과물을 다양한 분광분석법을 이용하여 분석, 해석하는 내용으로 진행된다.",
MCE3008,고온반응속도론,,전공심화,3,,재료화학공학과,"물질간의 반응은 기체의 반응과 같은 단상 반응, 기체-고체, 기체-액체 간의 반응과 같은 다상 반응으로 구분된다. 다상 반응은 반응계면을 경계로 하는 물질이동 및 화학반응 단계로 이루어지며, 반응조건에 따라 전체 반응속도를 지배하는 단계가 존재한다. 본 과목에서는 기체 및 액체와 같은 유체 내 물질전달 특성, 반응계면에서의 화학반응 mechanism을 이해하고, 전체 반응속도를 결정하는 율속단계의 결정, 또한 이에 따른 반응속도의 표현법과 이를 응용한 실제 공정에서의 case study를 익힌다.",
MCE3010,전자소재실험,,전공핵심,3,,재료화학공학과,"재료화학공학에 있어 기본적이고 거시적인 특성을 나타낼 수 있는 열역학적 특성 및 그 응용에 관한 과목이다. 실험내용으로는 전기저항 특정실험, 가공경화 및 재결정실험, 시효경화 실험, 재료의 환원 실험
재료의 침탄실험, 인장실험등이 있다.본 교과목은 금속재료 및 전자재료의 제조 원리 및 과정을 이해하고 다양한 분석을 실시함으로써 재료의 구성을 보다 명확히 이해하는 것을 목표로 한다. 그럼으로써, 미세조직실험과 재료물성분석실험을 연속선상에 위치하며 이론 수업시간에 학습한 내용을 바탕으로 한 금속재료 및 전자재료의 체계적인 실험실습 및 응용을 목표로 합니다.",
MCE3012,재료화학공학과연구실심화실습2,,전공심화,3,,재료화학공학과,"이 수업은 반도체 분야에 관심이 있는 학생들이 반도체 전공분야 실험실에서 인턴경험과 상담을 통해서 취업이나 진학에 도움을 주는 수업이다.
연구참여 중인 학생을 위한 강의이며, 현재 연구참여 중이거나 연구참여 계획이 있는 학생만 신청 바랍니다.",
MCE4001,재료화공캡스톤디자인2,,전공심화,4,,재료화학공학과,"재료화학공학전공 학생이 실제 산업현장에서 부딪히는 문제를 해결할 수 있는 능력을 배양하기 위하여 졸업시 학부과정동안 배운 이론을 바탕으로 하나의 작품을 기획, 설계, 제작하는 전 과정을 경험할 수 있도록 하는 종합설계 교육프로그램임. 성과물은 졸업논문 및 포스터, 매뉴얼작성, 시작품 등으로 만들어져 평가됨.조별로 작품을 기획, 설계하고 제작하는 과정을 통하여 창의력을 배양하고 상호 협동 능력을 증진하여, 학부에서의 교육을 산업현장에서의 실무 대처 능력에 연계하는 과정을 익힌다.",
MCE4003,소재물성분석실험,,전공심화,3,,소재·부품융합전공,"본 교과목에서는 나노전자소자의 개념과 동작원리를 학습하며, 나노소자를 제작하는 공정에 대하여 강의한다. 박막증착에서 시작하여 패터닝 공정을 통한 나노소자 제작 공정을 이해하며, 이를 기반으로 실제로 간단한 소자를 제작하는 실습을 수행함으로써, 나노소자 공정에 대한 전반적인 이해를 도모한다. 또한 제작된 소자의 분석법에 대하여 학습하고 실제로 제작한 나노소자의 물성과 특성을 분석하는 실습을 수행하여 소자 평가능력을 함양한다.",
MCE4005,나노공정실험,,전공핵심,4,,재료화학공학과,"나노스케일에서 생성되는 나노입자의 합성에 관한 기본 공정 및 원리를 이해하고, 소재의 물성 및 특성 등의 주요변수로 고려되는 온도, 농도 등의 공정제어를 통해 양질의 나노소재를 합성한다. 이후 생성된 나노소재에 대한 물성분석을 시행함으로써, 공정변수와 물성 사이 관계에 대한 기본이해를 돕는다. 또한 화학공정 중 단위공정의 일부분을 차지하고 있는 열전달, 물질전달 및 제어에 관한 다양한 실험을 수행하여 현장에서 직접 적용할 수 있는 실험적 경험을 습득한다. 본 실험에 앞서 필요장비의 이론을 pre-report 형식으로 제출하여야 실험에 참여할 수 있게 함으로써 장치에 대한 기본적 이론을 미리 습득하게 하고 실험결과물 속에 실험한 결과 데이터를 분석하게 함으로써 얻어진 자료를 정리하는 방법을 습득하도록 한다.",
MCE4009,원자수준박막공정개론,,전공심화,4,,재료화학공학과,"원자수준박막공정개론은 최첨단 로직/메모리 반도체 공정 전반에 사용되는 핵심 박막 공정 기술이다. 본 강의에서 다루는 원자수준 박막 공정은 원자층 증착법, 원자층 식각법, 원자층 패터닝(선택적 원자층 증착법)이 포함된다. 따라서 학생들은 본 강좌를 통해 표면공학 이론 및 원자층 증착/식각/패터닝 공정 기술의 이해를 위해 필요한 지식을 습득한다.",
MCE4011,유기반도체공학,,전공핵심,4,,재료화학공학과,"유기·고분자재료의 전기적 성능을 재료의 전자 혹은 분자구조적인 측면에서 이해하고 이들의 구조적 물성과 유기반도체의 성능간의 상관관계를 강의한다. 또한 유기반도체소재를 이용하여 유기전자소자의 다양한 응용분야인 유기발광소자, 유기트랜지스터, 정보저장소자, 태양전지 등에 관하여 강의한다.",
MCE4012,에너지저장변환공학,,전공심화,4,,재료화학공학과,"- 화학공학트랙 전공과목으로서 에너지화학공학, 화공재료공정에 관심있는 4학년 학생들을 대상으로 함 - 에너지 신산업에 활용되는 에너지저장변환이론과 소재, 시스템을 이해함.
- 전지의 에너지저장과정을 이해하고 2차전지의 소재 및 제작공정 학습함.
- 신재생에너지 분류 및 주요 기술원리를 학습하고 각 기술을 이루는 소재 및 소자에 대해 이해함.
- 수소를 이용한 연료전지에 대한 기초를 학습하고 연료전지의 개요 및 다양한 연료전지의 종류에 대해 학습하며, 전기적 방식의 수소생산에 대하여 학습함.
- 에너지저장변환, 신재생에너지 기술과 관련된 최근 연구동향을 학습함.",
MCT2005,뮤직테크놀로지,,전공핵심,2,,신산업소프트웨어전공,"뮤직 프로덕션 업무에 활용되는 기본적인 테크놀로지와 업무 단계에 대해 학습하고, 음악, 음향학, 악기 구조론 등 뮤직 프로덕션의 기본이 되는 연관 분야에 대해 학습한다. 또한 믹싱콘솔, 레코더, 마이크로폰, 스피커 등 기본 구성 시스템의 기능과 역할에 대해 이해와 함께 컴퓨터 기반의 MIDI, DAW(Digital Audio Workstation) 등을 이용한 녹음과 편집, 믹싱 등의 테크닉에 대해 학습을 통해, 음악 제작을 포함한 다양한 미디어 프로덕션에서 요구되는 프로덕션 테크닉에 대해 학습한다. 수업은 강의식 수업과 수업중 시연, 그리고 학생들의 실습과 과제 수행으로 구성된다.",
MCT2006,게임프로그래밍언어,,전공핵심,3,,신산업소프트웨어전공,"이 수업은 Unity 게임 엔진 환경하에서 C # 프로그래밍 언어를 가르칩니다. Unity를 사용하여 2D 게임을 개발함으로써 학생들은 변수, 메서드, 컬렉션, 논리, 루프 및 패턴을 포함한 C # 언어의 기본 사항과 객체 지향 프로그래밍의 핵심 개념을 학습합니다. 강의는 영어로 진행됩니다. 팀프로젝트가 있습니다.",
MCT2007,모바일게임프로그래밍,,전공심화,2,,스마트ICT융합전공,"디지털 사회가 도래하고 가장 각광받은 기기는 휴대전화이다. 휴대전화는 통화 기능뿐만 아니라 컴퓨터가 하던 역할까지 하게 되었고, 휴대 기기라는 장점과 특징을 살려 컴퓨터로는 할 수 없던 다양한 기능을 내장하게 되었다. MP3, 카메라, DMB, 화상 통화, GPS 등의 기본적인 기능뿐 아니라 다양한 애플리케이션을 활용 가능한 기능까지 포함하게 된 것이다. 그러면서 휴대전화, 핸드폰이 아니라 스마트폰(smartphone) 이라 불리게 되었다. 본 수업에서 스마트폰에서 돌아가는 2D 모바일 게임을 만드는 법을 실습을 통해서 익히게 될 것이다. 수업 진행 계획은 강의 전반 8주 동안 이론 부분을 다루고, 이후에는 수강생을 2~3명씩 한 팀으로 나누어 구성하고, 각 팀이 산업계에서 필요로 하는 게임을 개발하는 것을 목표로 한다. 팀별로 학습하고 문제를 해결해 나가는 과정을 주기적으로 발표하고 피드백 한다. 학습자의 역할이 많아지면서 스스로 문제를 해결할 수 있는 능력을 갖추게 되고, 사회에 나가서도 직접 문제를 해결할 수 있는 전문가 역할을 할 수 있게 된다.",
MCT2009,의료인공지능,,전공심화,2,,컬처테크놀로지전공,"본 수업은 인공지능의 개념에 대해 다루며,
그 중에서도 의료 분야에서 활용되고 있는 인공지능의 개념 및 사례를 다룹니다.",
MCT3003,웰니스디자인,,전공심화,4,,컬처테크놀로지전공,"디지털 헬스케어는 코로나로 인한 비대면 서비스의 필요성이 대두되면서 더욱 이슈가 되고 있는 분야입니다.
본 수업에서는 디지털 헬스케어와 관련된 기초 지식을 배양하고 최신 트렌드에 대해 다룹니다. 또한, 팀 프로젝트를 통하여 실용적인 디지털 헬스케어와 관련된 아이디어를 내며 융합적인 사고를 배양할 수 있도록 합니다.",
MCT3006,무대공간분석과디자인,,전공심화,3,,컬처테크놀로지전공,"실시간(Real Time)으로 진행되는 다양한 공연예술과 전시, 이벤트 등과 같이 관객과 컨텐츠가 직접 조우하는 독특한형식을 지닌 공연예술 분야에서
관객과 함께 중요한 제작요소인 무대공간의 구조적, 예술적 의미를 학습한다.
가장 원초적인 예술형태로 이해되는 공연 예술의 특징과 구성, 이를 위해 필요한 다양한 인문학적, 기술적 제반요소들에 대해 학습하고, 이를 통해 차세
대 다중예술 분야에서 핵심적 위치를 차지할 것으로 예측되는 공연산업의 필수적 기술요소 를 계획하고 디자인 할 수 있는 역량을 키운다.",
MCT3009,인터렉티브공연디자인,,전공심화,3,,컬처테크놀로지전공,"여러 분야의 전통적 예술분야와 빠른 속도로 발전하는 디지털 기술이 결합하여 예전에 상상하지 못했던 새로운 형태의 융합형 예술 포맷이 창조되고 있으며, 다중이 실시간으로 경험하는 퍼포밍 아트 분야도 이와 같은 흐름에 적극 동참하고 있다. 관객과 퍼포머의 동시적, 유기적 공감과 관객과 퍼포머의 창작 경험/ 역량의 다양화를 통해, 참여자들이 가상의 경험을 통해 자신의 역량을 발휘하는 새로운 개념의 예술형태를 기획하고 디자인하는 것을 목표로 한다. 이러한 기반 기술은 참여형 엔터테인먼트의 한 형태로 발전 하였지만 다양한 예술 교육, 교육 및 시뮬레이션 분야에도 응용 가능성을 쉽게 발견할 수 있다.",
MCT3010,의공학및뇌공학의이해,,전공심화,3,,컬처테크놀로지전공,"본 수업은 의공학 및 뇌공학 분야의 전반적인 개념에 대해 다룹니다.
다양한 의학 분야에서 공학적인 기술이 어떻게 활용 되는지를 이해합니다.",
MCT3011,사용자경험및사용성,,전공심화,3,,컬처테크놀로지전공,"This course is aimed primarily at students from a range of backgrounds studying human-computer interaction (HCI), interaction design, web design, software engineering, digital media, information systems, and information studies. A UX and usability study requires an understanding of user and business requirements, the kinds of metrics, and test and data analysis methods available to improve user experience and usability. This course focuses on the understanding of UX and usability as well as hands-on experience of a team-based UX and usability study.",
MDT2001,디자인소프트웨어실습,,전공심화,3,,디자인테크놀로지전공,"본 수업은 컴퓨터 소프트웨어가 산업디자인의 설계와 생산에 어떻게 활용되는가를 파악하고, 그 이로적 기초지식으로 3D 설꼐 프로그램 NX 형상모델링에 대하여 학습한다.",
MDT2004,MR&미디어,,전공핵심,2,,디자인테크놀로지전공,"혼합현실(Mixed Reality, MR)은 오늘날 여러산업에 다양한 형태로 적용되고 있다. 이러한 기술은 3D 컴퓨터그래픽스, 실시간 렌더링 및 인터랙션 시스템을 기반으로 하여 사용자 중심의 콘텐츠 경험을 가능하게 한다. 본 수업에서는 혼합현실 제작에 앞서 선행 학습되어야할 게임엔진 유니티의 기초 활용법을 탐구하며, 콘텐츠 기획에서 부터 제작 과정 전반을 경험하는 것을 목표로 한다.",
MDT2009,디자인공학드로잉&2D실습1,,전공핵심,2,,디자인테크놀로지전공,"디자인 사고력을 통한 수많은 아이디어를 빠르게 표현하고 정리할 수 있는 기초적인 드로잉 기술과 전개방법을 습득하고, 이를 데이터베이스화 하는 능력과 방법을 터득한다. 아울러, 컴퓨터드로잉과 그래픽스의 기본인 2D 프로그램(Illustrator)을 자유자재로 활용할 수 있는 툴 운영능력을 익혀 다양한 프로그램에서 효율적인 방법과 기술을 적용하도록 한다.",
MDT3003,가상인터페이스디자인,,전공심화,3,,디자인테크놀로지전공,"현실 공간을 기반으로 다양한 시각정보를 증강하는 AR기술은 사물과 환경에 대한 인식을 새롭게 확장한다. 이는 게임, 엔터테인먼트와 같은 콘텐츠 산업 뿐만 아니라 건축, 제조, 생산 현장에서도 다양하게 활용되어 물리적 환경과 디지털적 대상을 매개하는 방식으로 활용된다. 본 수업에서는 이러한 증강현실 개발에 필요한 기능들을 유니티 게임엔진을 중심으로 실습하며, 가상환경의 매체적 특징을 반영한 인터페이스를 구현하여 하나의 완결된 사용자 경험을 구축하는 것을 목표로 한다.",
MDT3005,융합기술과이노베이션디자인,,전공심화,3,,디자인테크놀로지전공,"융합기술혁신이라는 주제를 중심으로 한 HCI, 게임 & 엡 컨텐츠, 헬스케어, UI/UX,
융합교육컨텐츠, IOT컨텐츠, 이노베이션제품 & 운송기기컨텐츠, 공연기획 & 무대장치컨텐츠, 테마파크 & 엔터테인먼트 컨텐츠 및 공간기획 등을 팀작업 프로젝트를 진행함 관련 기업들과의 네트웍을 연결하여 현장학습을 병행하여 관련주제별 현장 전문가
맨토 인프라를 도입하여 적극 활용 함.",
MDT3009,융합서비스디자인설계,,전공심화,4,,디자인테크놀로지전공,"대학수업에서는 4차 산업혁명 시대에 맞는 창의융합 형 인재양성을 위해 학생들의 독창적인 창의성을 기를 수 있는 새로운 내용의 교육과정의 필요성 요구. 최근 ICT와 다른 기술의 융합이 가속화 되면서 주력 산업을 비롯하여 제조업과 서비스 산업에서 IT를 활용한 가시적 성과가 창출되고 있는 추세이다. ICT 융합은 기술발전, 국가정책 수요증대, 일반 국민의 니즈 확산을 기반으로 안전, 건강, 교육, 복지, 환경 등 인간생활과 밀착된 분야로 확대되고 있다. 이에 따라 ICT학부에서는 UI/UX 기획 및 설계 방법을 살펴보고 환경별 다양한 서비스 유형과 종류를 도출하여 향후 서비스 활성화를 위한 R&D 방향에 대해 연구해보고자 한다. 또한 이러한 활동으로 인해 학생이 수업의 주체가 되어 수업내용에 관한 연구의 방향성과 문제들을 찾아내고 학생들 스스로 사고와 해결을 위한 방안을 모색하고 그 과정을 통해 토론기술, 창의력, 문제 해결력등을 익힐 수 있으며 직접 전공과의 산업과의 연계되는 융합서비스디자인의 실행전략을 통해 향후 진로계획에 도움이 되리라 예상한다.",
MDT4001,디자인마케팅과컨설팅,,전공심화,4,,디자인테크놀로지전공,오늘날 디자인이라는 것은 인간이 겪는 대부분의 문제들을 해결할 수 있는 거대한 도구가 되었습니다. 이에 디자인을 다각적인 측면에서 바라보며 기본적인 이론을 토대로 다양한 경험을 하도록 하여 학생들이 앞으로 사회로 나아가 크고 작은 문제들을 해결하는 창조적 역량을 키우게 하고자 합니다.,
MDT4004,신산업융합디자인,,전공핵심,2,,디자인테크놀로지전공,"융합디자인을 활용한 미래디자인의 방향을 조망하고 이를 수행할 수 있는 주관적 통찰력 및 디자인 수행 역량을 학습합니다.
이를 위해 디자이너에게 요구되는 신산업융합디자인의 핵심 요소 학습과 이해를 바탕으로 독창적인 디자인 제안 능력을 키우기 위해 시장 환경에 대한 실제적인 리서치의 개념화와 이를 기반으로한 추상적 이미지의 기능적, 시각적 구체화를 중심으로 자신만의 디자인 수행 방법을 습득합니다.",
MDT4007,스마트실감형어플리케이션개발,,전공심화,4,,디자인테크놀로지전공,"실감형 어플리케이션 개발을 위한 기본 구조 정립와 사용자 중심의 이해를 통한 설계방식을 학습하여 어플리케이션 개발의 기획능력을 학습한다.
다양한 산업시스템 및 제품디자인, 공공디자인 분야에 운영되고 있는 소프트웨어 중에서 실감형(AR/VR) 시스템을 접목할만한 아이디어를 발굴한다. 실감형(AR/VR) 컨텐츠와 더불어 최신 동향기술 등을 이해하고 어플리케이션에 접목하는 기획 능력을 함양한다.
다양한 분야의 스마트 어플리케이션을 개발하기 위해서 기획 프로세스를 배우고, 사용자 중심에 맞는 UX/UI등을 창의적으로 디자인 할 수 있도록 이론 및 탐구수업을 진행한다.",
MED2010,유전학,,전공핵심,3,,의약생명과학과,유전학의 이해,
MEE1002,CADD,3,전공기초,1,2,기계공학과,,
MEE1004,고체역학응용설계,,전공핵심,2,,기계공학과,"이 수업은 기계공학 내에서 핵심 주제 중 하나라 할 수 있는 강체의 역학을 다룬다. 이 수업의 수강생들은 2학년 1학기 고체역학 과목에 뒤이어 정역학적 하중을 받는 구조물 내에서의 응력, 변형률, 강도에 관한 개념과 이론을 공부하게 된다. 수업의 진행은 교강사에 의한 강의와 IC-PBL 활동의 조합으로 이루어진다.",
MEE1007,기계캡스톤디자인1,,전공심화,3,,기계공학과,"본교과는기계전공을하는학생들이지도교수지도아래기존에배운기계공학의기초과목들을기반으로하여설계팀을구성하고각팀은창의적인설계작품을독자적인기획,설계,제작및시험평가를통하여완성한다.",
MEE1008,기계캡스톤디자인2,,전공심화,4,,기계공학과,"1. 본 교과에서는 재료역학, 열역학, 동역학, 유체역학, 시스템설계 등의 제반 기계공학의 핵심 과목들을 이수한 학생들이 자체적으로 설계팀들을 구성하여 기계공학 및 기타 연관 전공분야들의 지식을 응용하는 설계 과제를 수행한다. 공학적 창의작품을 만들어 실제문제 중심의 팀협동 해결 방식으로 창의성과 산업기술성의 공학적 능력을 제고하도록 한다.
2. 기업연계기반 과제인 (주) 엠웨이브스의 '신개념 전동기기를 이용한 Free-piston engine 친환경 발전기'를 수행한다. 산업체가 직면하고 있는 문제를 기업체와 학생들의 교류를 기반으로 해결하고 특허출원, 기술사업화 등 성과물을 도출함으로서 산업체와의 개발 경험의 습득 기회를 부여한다.",
MEE1010,기계공학개론,3,전공기초,1,1,기계공학과,"본 과목에서는 앞으로 4년 동안 배우게 될 기계공학 전공지식의 가장 기본적이고도 중요한 이슈들을 세미나 형태로 학습한다. 기계공학과는 하나의 전공 내에서도 굉장히 다양한 세부전공이 존재하며 (자동설계, 재료설계 및 신뢰성, 지능설계, 신소재 및 혁신설계, 터보기계, 열전달, 엔진 및 광계측, 유체공학, 전산응용설계 및 유체공학, 에너지 및 환경공학, 가상역학, 마이크로기전시스템, 나노입자 제어, 정밀계측, 진동, 나노지능형 가공, 하이브리드 소재성형), 따라서 학부생들은 대학생활에서 자기주도적으로 본인의 흥미와 적성에 맞는 전공교과목을 취사 선택할 필요가 있다. 본 과목은 신입학한 기계공학과 대학생들을 대상으로 이러한 기계공학 전공이 어떠한 내용들을 다루는지 폭넓게 이해할 수 있는 기회를 제공하고자 한다.",
MEE2006,기계공학입문설계,,전공핵심,2,,디자인공학전공,"이 수업은 ""기계공학""과 ""기계 시스템 설계""에 대한 기초를 배운다. 또한 공학도로서의 기초 자질에 대해서도 다룰 것이다.",
MEE3007,유체역학,,전공핵심,2,,건설환경공학과,Understand basic fluid properties and apply three basic important laws to the problems of fluid mechanics,
MEE3012,열역학,,전공핵심,2,,기계공학과,"Introduction to the concept of energy and transformation of energy: the first and second law of thermodynamics, pure substance, thermodynamic properties, conservation of energy for closed and open systems. Entropy and the second law of thermodynamics; the increase of entropy principle, entropy change of ideal gas, and adiabatic efficiency of steady-flow devices. The second law analysis of an engineering system: availability, reversible work and irresponsibility, second law analysis of steady flow and unsteady flow systems.",
MEE3014,유체역학응용설계,,전공핵심,3,,기계공학과,"유체역학은 적절한 수학적 이론적인 틀을 이용, 유체의 정적 동적 물리적 현상을 이해하는 과목이다. 본 강좌에서는 유체역학 강좌를 보다 발전 시켜, 유체의 동적 현상을 설명할 수 있는 기본 수식(미분) 지배방정식을 공부한다. 각기 다른 가정 하에 이상유체 (Potential Flow), 비압축성 점성유체 (외류, 내류), 압축성 유체역학을 구분하여 기초지식을 습득코자 한다. 한편, 유체 역학에서 배운 지배 방정식들을 활용하여 컴퓨터로 수치 해석하는 과정을 실습함으로써 교과목의 실질적인 활용 방법(전산유체역학)을 이해한다. 졸업 후 연구소 또는 산업현장에서 발생되는 문제들을 이해, 해결할 수 있는 능력을 배양하는 것이 본 교과목의 목표이다.",
MEE3057,응용유체역학,,전공핵심,2,,건설환경공학과,유체역학의 이해 및 적용,
MEE3081,공학설계및응용1,,전공핵심,3,,기계공학과,"본 수업은 1조 3~4명 단위로 진행되며, 측정 데이터 습득 장치를 이용하여 측정 자료를 얻는 방법과 Oscilloscope, Multimeter, Function generator등 기계공학도로서 알아야할 기초 장비에 관한 사용법 및 데이터 처리 등에 관해 수업이 진행된다. 또한 실험결과 분석 및 작성, 그리고 PC를 이용한 presentation 방법을 습득한다.",
MEE4010,기계역학,,전공심화,4,,기계공학과,"이 과목은 기계진동학을 이수한 학생들에게 심화된 진동이론, 수치계산, 진동저감 설계와 진동실험 방법을 제공합니다. 이 과목의 구체적인 내용은 다음과 같습니다.
(1) 심화된 진동이론
- Lagrange’s Equation
- String, Rod, Beam, Membrane 등 연속체의 진동
(2) 진동저감을 위한 설계
- 진동 차단 및 흡진 설계
- 회전체의 위험속도
- 진동의 능동 저감
(3) 진동 실험 및 계측
- 진동 계측장비의 소개
- 진동의 신호 처리
- 실험적 모드해석",
MEE4033,유체기계설계,,전공심화,4,,기계공학과,"본 수업을 통하여 유체기계 전반의 이론 및 작동 원리를 다루고자 하며, 그 중에서도 터보 기계의 기초 이론과 기본 원리를 체계적으로 이해하고 응용할 수 있는 능력을 습득케 한다.",
MEE4039,열시스템설계,,전공심화,4,,기계공학과,"열시스템의 구성 요소들에 대한 개별적인 이론 강의와 함께 열시스템의 해석 및 설계에 필수적으로 요구되는 열역학, 유체역학, 열전달을 종합적으로 연계시켜 설계 능력을 배양하도록 한다. 이러한 통합적인 열적 접근 방법을 습득하여 열시스템의 실 설계 시 적응성 및 응용성을 습득할 수 있도록 한다.
- 교수가 수업을 주도하는 기존의 강의방식에서 벗어난 문제해결형 실습 및 실험수업 방식을 통해 학생들의 자기주도적인 지식의 탐구, 이론과 산업 현장의 융합을 통한 간접적 실무경험의 습득 그리고 창의적 문제해결 능력을 배양
- 기계공학과의 교육과정에서 학생들이 특히 어렵게 생각하는 열·유체 분야 교과목의 이론적 강의에서 탈피하여 다양한 열시스템에 대하여 다양한 실험 및 실습을 바탕으로 학습하게 됨으로써 학습에 대한 동기부여가 되며 실제 산업현장에서의 현장실무능력을 제고
- 실험 및 실습에 기반을 둔 팀 프로젝트를 진행함에 따라 협동심과 능동적 리더십을 배양할 뿐만 아니라 의사소통과 문제해결능력을 갖춘 열시스템 설계 전문가를 육성",
MEE4082,응용유한요소해석,,전공심화,4,,기계공학과,"본 과목은 유한요소법을 처음 수강하는 학생들을 대상으로 하며, 구조해석에 널리 사용되는 유한요소해석(FEM)에 관한 기본적인 원리와 이론 등을 소개하여 공학분야의 복잡한 문제해석에 유한요소해석 기법을 구사할 수 있는 능력을 습득하도록 한다. 1차원 유한요소해석에 대한 이해를 바탕으로 2차원 및 3차원 해석을 점진적으로 이해할 수 있도록 교과목 내용을 구성하였으며, 간단한 유한요소해석 프로그램을 직접 작성하고 상용프로그램에 대한 실습을 수행하여 수강생들이 CAE 엔지니어가 되도록 밑거름을 제공한다.",
MEE4095,기계공학특론,,전공심화,4,,기계공학과,"최신 기계공학 동향과 응용 분야에 대한 실제와 구체적 예시를 배운다. 이를 바탕으로 자동설계, 열전달, 가상역학, 엔진 및 광계측, 마이크로기전시스템, 유체공학, 재료설계 및 신뢰성, 나노입자제어, 지능설계, 정밀계측, 진동, 나노지능형 가공, 전산응용설계, 신소재 및 혁신설계, 터보기계, 에너지 및 환경공학, 하이브리드 소재성형, 나노바이오 기계시스템, 기계역학, 나노광공정 등으로의 적용에 대해 배운다.",
MEE4100,기계공학연구실심화실습1,,전공심화,3,,기계공학과,본 교과목은 학생들이 기계공학과 교수의 연구실에서 현장실습을 수행하여 기계공학 연구의 실무적 경험을 습득하는 과정입니다.,
MEE4102,기계공학연구실심화실습3,,전공심화,4,,기계공학과,에너지 및 환경공학 최신 기술을 접하고 연구 과정을 경험하기 위하여 연구실 현장실습을 수행함. 정기적으로 연구실에 출근하여 과제 혹은 프로젝트를 수행하고 그 결과물로 보고서를 제출하여 평가함. 대상 학생은 다음 조건을 만족하여야 함. - 한양대학교 기계공학과 학부생 - 대학원 연구실 지도교수님의 승인,
MEE4103,기계공학연구실심화실습4,,전공심화,4,,기계공학과,연구실 심화 과정 참여 및 실습을 진행하는 수업,
MIL1001,리더십,,전공심화,4,,국방정보공학과,"장차 해군과 사회의 리더로서 역할을 수행함에 있어 필수 불가결한 리더십을 함양하기 위해
리더십의 이론에 대한 이해와 사례 연구를 통해 자신에게 가장 적합한 리더십을 발견하고 체득화 함으로써
해군 장교로서 소통, 화합을 통해 조직의 목표를 성공적으로 달성할 수 있는 리더의 자질을 양성하고자 함.
특히 해군 초임장교로서 갖춰야 할 인성과 덕성을 겸비토록 함께 교육하고 지도",
MIL1003,해전사,,전공기초,1,,국방정보공학과,인류의 역사와 선박/군함의 발전과정을 살펴보고 해전이 세계사에 미친 영향을 연구함,
MIL1004,기초체력단련,,전공핵심,1,,국방정보공학과,"국방정보학과 기초체력단련 교과목은 미래 해군의 요구에 부응하고 Smart Navy 구현의 핵심 인재를 양성하기 위한 핵심 교육 요소 중 하나입니다. 군사 활동은 종종 신체적으로 힘든 환경에서 이루어지기 때문에 긴 시간 동안 걷기, 뛰기, 수색 및 구급 활동과 같은 활동들은 높은 신체적인 강도를 요구합니다. 이 교과목은 해군장교로서 필요한 뛰어난 체력, 건강, 그리고 군사적 능력을 향상시키는 데 중점을 두며, 국방정보학과의 핵심 역량을 강화합니다.
따라서 이 수업은 체력 단련을 통해 학생들이 미래 국방 전문가로서의 역량을 갖추고, 군사 활동 및 보안 관련 임무를 수행하는 데 필요한 기초체력을 쌓을 수 있도록 지원합니다.",
MIL2003,전투체력단련,,전공핵심,2,,국방정보공학과,"국방정보공학과 학생들에게 전투체력 강화의 중요성을 인식시키고, Smart Navy 구현에 필요한 뛰어난 체력과 물리적 기술을 발전시키기 위한 교육을 제공합니다.
전투체력과 운동능력과의 상호 관계를 이해하고, 체력을 강화하는 방법뿐만아니라 실제 현장에서 사용할 수 있는 트레이닝 이론에 대해 학습할 수 있는 과목입니다.
트레이닝의 과학적 기초이론을 바탕으로 파워 트레이닝의 기술과 프로그램, 파워 웨이트 트레이닝, 에어로빅 웨이트트레이닝을 반복 훈련함으로써 효과적인 전투체력 증진 및 트레이닝 방법을 익힙니다.
이 과정에서 개개인의 체력증진에 필요한 훈방방법 채택과 지도능력을 함양하기 위해 체력측정평가를 실시하여 사전측정과 사후측정을 통한 관리 방법을 학습하게 될 것입니다.",
MIL3001,해양전략과국가발전,,전공핵심,2,,국방정보공학과,"세계사적 전쟁 역사와 그에 연관된 국제관계 및 지정학적 상황을 통해 군사적 관점에서 지정학을 이해하고, 국가전략의 하위 개념으로써 해양전략에 대한 개념적 이해 및 국가발전과 상관 관계를 고찰한다.",
MIL3004,국방정보공학캡스톤디자인2,,전공심화,4,,국방정보공학과,"전공 교과목에서 습득한 지식을 응용하며, 창의적인 작품을 기획, 설계, 제작하는 전반적인 일정을 팀원, 그리고 지도교수와의 협력을 통하여 진행한다. 작품은 창의성, 난이도, 작품 제작에의 기여도, 구현 정도, 그리고 실생활과의 연관성을 기분으로 평가한다. 학생은 2주마다 한번씩 교수와의 면담을 통하여 진행상황을 보고하고, 추후 진행 내용을 협의한다. 아울러, 작품 계획서와 최종 보고서를 제출하도록 한다.",
MIL3009,골프기초이론및실기1,,전공심화,3,,국방정보공학과,본 강좌는 골프의 기본원리 및 기술과 경기운영 경기장의 구조와 역사 그리고 기초룰과 에티켓을 읽히고 학습하며 기술적부분은 그립과 어드레스와 아이언샷 어프로치 퍼팅의 숏게임을 읽히는데 목적이 있으며 골프의 대중화와 글로벌 스포츠로서 건전하며 신사적인 경기를 통하여 장교로서 필요한 역량을 배우고 심신의 건강과 능력을 기르는 기초가 되도록 한다.,
MIL4001,레이더-소나시스템,,전공심화,4,,국방정보공학과,"본 교과목은 해군작전의 하나인 대잠전 체계를 이해하기 위해 필요한 수중음향학의 이론과 한반도 근해 해양환경에 대해 이론수업을 진행한다. 강의 전반부에서는 수중음향학의 개요, 소나방정식, 해양에서의 음파전달에 대하여 학습하고,후반부에서는 우리나라 동ㆍ서ㆍ남해의 해양환경, 한반도 근해 특이 해양 현상에 대하여 학습한다.",
MIL4003,해군무기체계공학,,전공핵심,3,,국방정보공학과,"해군 수상함, 항공기, 잠수함에 탑재되어 운용되고 있는 무기체계들에 대한 공학적 원리, 종류별 제원 및 성능, 장비 구성 및 작동 절차, 작전 운용 개념 등을 학습하고,
해군 무기체계의 태동이 한 국가 또는 세계 역사에 미친 영향에 대한 개인별 연구와 해군 무기체계의 현재 및 미래 발전 전망에 대한 연구/발표를 통해 해군 무기체계 전반에 대한 이해와 기본적인 지식을 습득",
MIL4006,군대윤리,,전공심화,3,,국방정보공학과,"장차 해군의 장교로 임관하여 7년 이상 복무하게 될 국방정보공학과 학생들로 하여금 군대 조직/사회의 일원으로서 부여된 임무를 수행해 나가는 데 필요한 도덕적 자질, 가치관, 덕목을 함양할 수 있도록 군대윤리의 개념, 윤리 관련 기본 이론, 군 간부의 가치관/덕목, 리더윤리, 직업윤리, 전쟁윤리 강의 및 개인별 부여된 과제(윤리이론, 관련 영화 감상 소감, Role Model, 관련 사례)에 대해 연구/발표/토의 실시",
MIL4011,골프기초이론및실기2,,전공심화,4,,국방정보공학과,본 강좌는 골프의 기본원리 및 기술과 경기운영 경기장의 구조와 역사 그리고 기초룰과 에티켓을 읽히고 학습하며 기술적부분은 그립과 어드레스와 아이언샷 어프로치 퍼팅의 숏게임을 읽히는데 목적이 있으며 골프의 대중화와 글로벌 스포츠로서 건전하며 신사적인 경기를 통하여 장교로서 필요한 역량을 배우고 심신의 건강과 능력을 기르는 기초가 되도록 한다.,
MIL4013,대잠전체계해양환경공학,,전공심화,4,,국방정보공학과,"본 교과목은 해군작전의 하나인 대잠전 체계를 이해하기 위해 필요한 수중음향학의 이론과 한반도 근해 해양환경에 대해 이론수업을 진행한다. 강의 전반부에서는 수중음향학의 개요, 소나방정식, 해양에서의 음파전달에 대하여 학습하고,후반부에서는 우리나라 동ㆍ서ㆍ남해의 해양환경, 한반도 근해 특이 해양현상에 대하여 학습한다.",
MMS2003,기초물성론,,전공핵심,2,,재료화학공학과,"본 과목은 일반 수업식으로 진행되며 유,무기 재료의 특성 및 합성 등을 관장하는 자연법칙을 소개하여, 재료 전 분야에 대한 이해를 증진하는데 필요한 기본적인 개념의 이해를 증진하고자 함. 본 강의 내용은 학생들이 향후 재료, 화공분야에서 일할 수 있는 기초적인 소양을 제공하고자 교과목 내용을 구성하였음. 강의 내용은 근대적인 과학의 태동을 일으킨 고전 역학를 소개하고, 이를 바탕으로 현재 재료을 이해하는데 사용되고 있는 상대성 이론 및 양자물리의 기초적인 개념을 설명함. 이러한 개념들을 바탕으로 원자 구조, 주기율 표 및 재료 특성에 관한 기초적인 내용을 제공함.",
MMS2005,전기화학론,,전공심화,4,,재료화학공학과,"전기화학은 산업과 기술이 진보함에 따라 그 재료화학공학에게 중요한 학문분야로 대두되고 있다. 이 과목에서는 전기화학의 기초인 Ionic Interaction/equilibria, Electrolytic conduction, reversible/irreversibe reaction과 Butler-Volmer eq, Tafel eq등에 대해 다룬다. 이러한 지식을 배경으로 재료의 부식/방식 및 Degradation의 원인 및 적용, 전기도금에의 적용, 더 나아가 반도체 및 전자 산업에서의 전기화학의 위치와 그 중요성 및 적용 범위대해 다룬다. 본 수업에서는 3개의 팀을 구성하여 지역 기업체와 함께, 도금, 방식 기술에 대해서 조사하여 연구보고서, 제안서, 영상물을 제출하여 멘토들과 함께 평가한다. 이를 통하여 현장에서 적용되는 전기화학적 표면처리에 대한 이해를 증진시킴과 동시에 이를 위한 전기화학 기초를 이해하여, 학생주도적교육을 실현하며, 학생들이 창의적인 사고와 태도를 함양하게 하도록 쌍방향적인 교육을 하는데 있다.",
MMS2007,글로벌공학리더쉽,,전공심화,3,,소재·부품융합전공,"본강의는 공학 전공학생이 부족한 개인적인 리더쉽과 관계의 리더쉽을 인식하고 함양하여 공학적인 지식 뿐아니라 이들 지식을 서로 공유하는 리더쉽을 갖도록 하는 것이 그 목표이다.
- 글로벌시대의 공학도의 리더쉽
- 지식보다는 지혜기반의 리더쉽
- 행복한 삶을 위한 개인적인 리더쉽
- 걱정없는 삶을 위한 개인적인 리더쉽
- 대인관계를 통한 진정한 리더쉽
위의 내용에 대해서 고민하고 답을 찾고자 하는 재료화학공학과 모든 학년의 학생들에게 열린토론식 수업이다. 특별히 취업이나 진학에 다른 스펙을 갖고자하는 학생 그리고 인생의 장기적 성공을 원하는 성숙한 학생들이 반드시 수강해야하는 과목이다. 2학년에 개설되었으나 3학년 특히 4학년학생에게 특별히 추천하는 과목이다",
MMS3011,전자재료물성,,전공심화,2,,소재·부품융합전공,"반도체소자 제조에 사용되는 여러 재료들의 물리적, 화학적, 전기적 성질을 이해하여 각 재료의 기능을 파악하게 한다. 특히 전자소자의 작동원리의 기본에 대하여 강의를 함으로써, 반도체재료의 전기적인 이해를 얻도록 한다.",
MMS3014,고체결정구조,,전공심화,3,,재료화학공학과,본 과목은 물질의 내부구조를 파악할 수 있는 가장 유력한 수단의 하나인 X-선 회절 현상에 대한 기초적인 이해 증진을 목표로 하여 개설된 과목으로서 미지의 물질에 대한 결정 구조 분석 및 구조를 아는 물질의 미세조직을 분석할 수 있는 능력을 배양할 수 있는 토대를 제공하고자 한다. 이를 달성하기 위해 필요한 기초적인 결정 구조론 및 회절 이론에 대한 기초 지식을 제공한다..,
MMS3017,상변화와미세조직,,전공심화,3,,재료화학공학과,"The course will cover fundamental concepts of phase transformation such as kinetics, diffusion, nucleation/growth and interface migration, and discuss a variety of phase transformation involved in the process of engineering materials.",
MMS4012,전자세라믹,,전공심화,3,,재료화학공학과,"세라믹은 재료로서 많은 분야에 사용되고 있다. 파인세라믹이 새로운 특성을 나타내어 더욱 발전하여 전자제품의 재료로 많이 사용하게 되었다. 세라믹의 기초가 되는 원자 또는 이온의 결합이 3차원 결정을 형성하면서 특성이 다양하게 나타난다. 세라믹의 기본이 되는 구조와 특성에 대하여 강의한다.
영어전용 강좌입니다",
MMS4017,철강공정,,전공핵심,4,,재료화학공학과,"1) Why Iron and Steel?
- steel and society
- steel and sustainability
2) The “Iron and steel processing” course will cover ironmaking and steelmaking processes including - blast furnace ironmaking - basic oxygen furnace steelmaking
- secondary refining
- electric arc furnace steelmaking
- stainless steelmaking and refining 3) All above processes are based on the - thermodynamics
- reaction kinetics
- transport phenomena
- multicomponent phase diagrams and phase equilibria",
MMS4057,이차전지설계와공정,,전공심화,4,,재료화학공학과,"본 과목은 2024년 선정 ""이차전지 특성화 대학 지원사업"" 참여 학생들의 필수 인증 과목임. 사업참여를 통해 배출인원으로 인증을 받기 희망하는 학생들만 참여할 수 있음. 본 과목은 집중수업과목임.
최근 들어 리튬이차전지 산업은 국제적으로 폭발적인 확대가 이루어지고 있으며, 특히, 국내 핵심 산업 중에 하나로 자리잡았다. 이에 학부과정 학생들을 위한 리튬이차전지의 구조 및 설계, 그리고 적용 재료에 대한 수업에 대한 요구가 증가하고 있다. 이에 본 강좌에서는 리튬이차전지의 구조를 이해하고, 실제 현장에서 진행되는 설계를 학습한다. 또한 설계와 직접 연결되는 소재들을 이해한다.",
MMT1002,ICT융합을위한인공지능,3,전공핵심,1,2,303,,304
MMT2003,융복합미디어개론,,전공핵심,2,,미디어테크놀로지전공,"미디어(media)는 사람과 외부 세계를 연결해 주는 접점(contact point)이자 매개체이다. 크게는 스마트폰과 같은 단말기, 작게는 웹과 앱 하나 하나가 모두 미디어에 포함된다. 미디어는 가상 공간과 현실 공간을 통해서 사람과 사람, 사람과 사물, 사물과 사물 간을 연결해 준다. 대부분의 ICT 기술과 서비스들은 미디어를 통해 구현된다. 예를 들어 인공지능(머신 러닝), AR, VR, 블록체인 기술 등은 웹과 앱(예를 들어 카톡 메신저, 인스타 그램, 틱톡 등) 같은 미디어에서 구현이 되고 사람들에게 즐거움 뿐 아니라 유용함과 편리함을 제공해 준다. 인공지능 알고리즘이 탑재된 검색 엔진은 이용자가 원하는 정보를 빨리 찾을 수 있게 해 주고, 유튜브, 넷플릭스와 같은 동영상 서비와 온라인 쇼핑몰, 메신저 서비스 등은 모두 ICT 기술이 접목된 미디어를 통해 구현된다. 이뿐만이 아니라 블록체인 기반의 디앱(Dapp)은 기업에게 비즈니스의 기회를 제공해 주며, 미디어를 통해 구현되는 AR, VR, XR 기반의 메타버스는 자신의 아바타를 통해 실제와 유사한 가상 공간에서의 삶을 가능하게 해준다. 본 과목은 제 4차 산업 혁명인 융합(convergence)의 시대에 미디어를 통해 구현되는 ICT 기술 기반의 다양한 플랫폼들과 서비스 비즈니스 모델을 소개하고, 공부하는 것에 초점을 맞추고 있다. 예를 들어 ICT 기술 기반의 MCN 서비스, OTT 서비스, 큐레이션 커머스, 미디어 커머스, 디앱 비즈니스 모델 등의 비즈니스 모델들과 함께 가상 경제 모델, 구독 경제 모델, 토큰 경제 모델. 긱 경제 모델 등의 새롭게 등장한 경제 패러다임에 대해서도 공부한다.",
MMT2006,스마트센서와액츄에이터,,전공핵심,1,,스마트ICT융합전공,"본 과목에서는 LEGO MINDSTORMS EV3 에듀케이션 키트를 활용하여 초음파 센서, 컬러 센서, 터치 센서 및 멀티 센싱 기술 등 각종 스마트 센서와 액츄에이터에 대해서 학습한다. RobotC 언어를 활용하여, 기존의 프로그래밍 언어에서 습득한 다양한 자료구조와 코딩 기법들을 실제의 센서와 액츄에이터를 통해 실습하여 다양한 문제 해결 능력을 배양한다.",
MMT2008,애드테크개론,,전공핵심,2,,미디어테크놀로지전공,"애드테크는 광고라는 뜻의 애드(AD)와 기술(TeChnology)의 합성어이다. 광고가 기획에서 커뮤니케이션으로 그리고 솔루션으로 진화 해오면서 애드택이라 부르는 기술 또한 주목받기 시작했다. 애드테크는 4차 산업에서 주목 받고 있는빅데이터 기술, AR/VR, 블록체인 기술 등의 ICT 기술들을 말 그대로 광고를 위한 커뮤니케이션에 사용하는 것이다. 본 강좌는 애드테크 트랙의 기초과목으로서 콘텐츠 마케팅, 퍼포먼스 마케팅, 온드 미디어 마케팅, 바이럴 마케팅, 인플루언스 마케팅 등의 애드테크 기반의 다양한 마케팅 기법들을 소개하고, 새롭게 등장한 다양한 데이터 기반 타겟팅의 기법들, 광고플랫폼의 활용, 브랜드 퍼널의 구축 등을 바탕으로 광고를 효과적으로 기획하고 문제를 해결하는 능력을 배양한다. 또한 블록체인 기술 등이 광고생태계에 미치는 영향을 통해 디지털 광고 및 마케팅의 미래를 전망한다.",
MMT2009,인공지능의이해,,전공심화,4,,융합공학과,"인공지능 관련 기술에 대한 사전 이해가 없는 학생들을 대상으로 인공지능의 개념, 기계학습의 원리, 다양한 활용사례를 소개함으로써 메타버스 시대에 요구되는 기초소양을 학습한다. 특히, 최근 각광받는 인공신경망, 딥러닝, 머신러닝의 알고리즘을 파이썬 언어로 작성한 사례 중심의 설명을 통해 원리이해를 돕고 활용 능력을 제고한다.",
MMT2010,자바프로그래밍입문,,전공핵심,2,,컬처테크놀로지전공,"객체지향 프로그래밍의 개념 및 자바 언어의 구조와 문법에 대해 학습하며, 실습과 과제를 통해 자바 프로그래밍 기술을 함양한다.",
MMT2012,디지털미디어의디자인활용,3,전공핵심,1,2,303,,304
MMT3001,디지털미디어콘텐츠기획,,전공심화,3,,미디어테크놀로지전공,"디지털미디어콘텐츠기획 강좌는 미디어콘텐츠의 이해를 통해 영상콘텐츠의 기획과 창작을 실행하기 위한 과정이다. 이 과정은 미디어콘텐츠 영역 속에서 기능성 웹툰과 애니메이션의 역할을 학습하여, 스토리텔링 기획과 이미지텔링 제작을 학습한다.",
MMT3003,디지털미디어콘텐츠제작,,전공심화,3,,미디어테크놀로지전공,"Adobe Premiere와 After Effects, 비디오 생성 AI를 기반으로 디지털 콘텐츠를 제작하는 수업으로 창의적 아이디어 발상 과정을 따라 각각 선택한 주제를 개념적으로 접근하고 표현하게 한다. 
이미지 생성 AI(Artificial Intelligence)를 이용하여 영상이미지를 생성하고, 이를 콘텐츠 제작에 활용하여 수익화를 모색한다.",
MMT3007,기계학습,,전공핵심,3,,인공지능학과,"이 수업은 기계 학습의 학부 입문 과정입니다. 이 수업은 회귀분석, 분류, 신경망, 딥러닝 및 강화 학습의 주제를 간략하게 다룰 것입니다. 코스는 크게 두 부분으로 나뉩니다. 파트 1에서는 일반적으로 지도 학습과 비지도 학습으로 분류되는 기계 학습의 기본 방법론을 공부합니다. 2부에서는 체스와 같은 게임을 플레이 할 수 있는 모델을 훈련 시키는 것을 목표로 강화 학습을 배웁니다. 본 수업은 IC-PBL로 진행되며 약 50%의 강의와 50%의 팀활동으로 수업이 진행될 것입니다.
필수 기본기: 수강생은 기본적인 확률과 통계, 그리고 대학 수준의 선형대수와 미적분을 이해해야 합니다. 그리고, 학생들은 파이썬으로 프로그래밍하는 데 능숙해야 합니다. 첫 번째 시간에는 간단히 여러분의 파이선 프로그래밍 레벨을 조사하기 위한 간단한 테스트를 진행할 것입니다.",
MMT3010,미디어인포그래픽스,,전공심화,3,,미디어테크놀로지전공,"본 교과목은 복잡한 정보와 데이터, 지식을 시각적으로 쉽게 이해할 수 있도록 표현하고, 효과적으로 전달할 수 있는 능력을 함양한다. 미디어 인포그래픽스의 기초 이론과 실습을 통해 정보 접근성을 개선하고 다양한 데이터 분석 결과를 시각적으로 표현하고 전달하는 방법을 교육한다.",
MMT3011,디지털콘텐츠마케팅실습,,전공심화,4,,미디어테크놀로지전공,"디지털 마케팅을 이해하고, 비즈니스 관점에서 디지털 콘텐츠 마케팅의 경향을 파악해봅니다.",
MMT3018,소셜미디어분석,,전공심화,3,,미디어테크놀로지전공,"4차 산업혁명에서 인공지능과 같은 핵심기술, 사용자 경험(UX), 융합 디자인을 이해하고, 소셜미디어 빅데이터를 통해 미래 산업 분야의 변화 방향성을 분석한다.",
MMT3019,HCI연구실심화실습1,,전공심화,3,,컬처테크놀로지전공,"융합기술혁신이라는 주제를 중심으로 한 HCI, 게임 & 엡 컨텐츠, 헬스케어, UI/UX,
융합교육컨텐츠, IOT컨텐츠, 이노베이션제품 & 운송기기컨텐츠, 공연기획 & 무대장치컨텐츠, 테마파크 & 엔터테인먼트 컨텐츠 및 공간기획 등을 팀작업 프로젝트를 진행함 관련 기업들과의 네트웍을 연결하여 현장학습을 병행하여 관련주제별 현장 전문가
맨토 인프라를 도입하여 적극 활용 함.",
MMT3020,HCI연구실심화실습2,,전공심화,3,,디자인테크놀로지전공,"본 수업은 학생이 주도하여 직접 HCI 분야의 주제를 선정한다. 해당 주제 해결을 위한 연구를 계획, 데이터 수집, 분석, 해석하는 과정을 거쳐 최종 결론을 내리는 것을 목표로 한다.",
MMT3021,ICT창업캡스톤디자인2,,전공핵심,3,,미디어테크놀로지전공,"본 과목에서는 SW/ICT 공학도를 위한 기업가정신과 창업을 다룬다. 컴퓨터관련 비즈니스의 이해와 더불어 창업에서 필요한 경영적 지식을 함양한다. 창업에 필요한 기본적인 개념을 숙지하고, 아이디어의 수집에서 비즈니스모델링 및 예상 구현모델까지의 과정을 이해한다. 또한, 제품 및 서비스의 구현을 통해 실제 창업에 이르는 경험을 체득토로 한다. 세부적인 내용으로는 창업프로세스, 창업팀 구성, 아이디어 개발, 선행기술조사와 아이디어 구체화, 시장 및 경쟁사 분석, 비즈니스 모델 설계, 사업계획서 작성, 제품개발 등이다.",
MMT4009,ICT융합캡스톤디자인1,,전공심화,4,,컬처테크놀로지전공,"This course is for undergraduate students who are interested in building something new, better, or different.",
MMT4013,리빙랩이론과실제,,전공심화,4,,미디어테크놀로지전공,"리빙랩은 현장 중심의 새로운 실험 및 실증 방법으로 최근 학계와 산업 현장에서 매우 각광받고 있다. 학생들은 본 수업을 통해 리빙랩의 정의와 개념을 이해하고, 주로 사용되는 방법론을 익히며, 실제 리빙랩 사례와 현장에 대한 경험을 통해 리빙랩의 이론과 실제를 모두 경험하고 수학하게 된다.",
MMT4014,HCI연구실심화실습3,,전공심화,4,,디자인테크놀로지전공,"융합기술혁신이라는 주제를 중심으로 한 HCI, 게임 & 엡 컨텐츠, 헬스케어, UI/UX,
융합교육컨텐츠, IOT컨텐츠, 이노베이션제품 & 운송기기컨텐츠, 공연기획 & 무대장치컨텐츠, 테마파크 & 엔터테인먼트 컨텐츠 및 공간기획 등을 팀작업 프로젝트를 진행함 관련 기업들과의 네트웍을 연결하여 현장학습을 병행하여 관련주제별 현장 전문가 맨토 인프라를 도입하여 적극 활용 함.",
MMT4016,코딩인터뷰,,전공심화,4,,미디어테크놀로지전공,"코딩 인터뷰는 취업 준비생들에게 매우 중요한 단계이다. 인터뷰 과정에서 프로그래밍 언어, 데이터 구조, 알고리즘 등의 기술적인 문제뿐만 아니라, 문제 해결 능력, 창의성, 커뮤니케이션 능력 등 다양한 요소가 평가된다. 본 과목은 코딩 인터뷰를 대비하기 위한 기본적인 내용을 다룬다. 본 수업에서 학생들은 프로그래밍 언어, 데이터 구조, 알고리즘, 시간 복잡도 등에 대해 이해하고 구현 능력을 테스트하는 다양한 예제들을 경험할 것이다. 또한 학생들은 코딩 문제를 중심으로 각 문제에 대한 모범 해결 코드를 살펴보며 문제 풀이 전략과 방법을 습득할 것이다. 또한 코딩 문제를 해결하는데 바탕이 되는 자료구조 및 알고리즘에 대한 리뷰 강의가 제공될 것이다. 수업 성취도 평가도 실제 온라인 코딩 인터뷰 환경에서 이루어질 예정이다.",
MMT4017,퓨쳐미디어와아트,3,전공핵심,1,2,303,,304
MUS1000,시창·청음1,,전공기초,1,,실용음악학과,"음악이론의 이해와 더불어 악보를 읽고 표현하는 방법을 습득하는 것은 음악의 가장 기본적인 기술이다. 음악교육의 기반이 되는 청음교육에서 무엇보다 가장 기초적이라 할 수 있는 시창 학습을 통하여, 악보를 기호화(기보)하는 훈련과 그 기보된 악보를 소리로 전환시키는 연습을 한다. 이 수업은 대학 초년생을 대상으로 계획/고안되었으며, 수업시간 내에 리듬시창과 선율시창을 두 파트로 분류하여 진행한다.",
MUS1001,음악사1,,전공핵심,1,,실용음악학과,"현대 실용음악의 근간이 된 20세기 이후 서양 대중음악의 역사를 시대별, 장르별로 나누어 학습한다.",
MUS1002,팝앙상블1,,전공핵심,1,,실용음악학과,실용음악의 토대가 되는 기본 Four Rhythm과 Vocal및 다양한 악기들이 어우러져 합주를 통해서 음악으로 탄생되는 과정을 공부한다.각 파트별 전공학생들간의 음악적 또는 인간적 소통을 통해서 보다 예술적이고 글로벌한 대중음악인을 양성하는데 그 목적이 있다.,
MUS1003,기초리듬연구1,,전공핵심,2,,실용음악학과,"본 교과목은 음악의 3요소 중 하나인 리듬에 대해서 연구한다. 다양한 음악 장르와 스타일에 따른 악기들의 대표적인 리듬과 특성, 음색, 음역대, 연주 주법 등을 분석해 본다.",
MUS1004,전공실기연구1,,전공기초,1,,실용음악학과,본 강좌는 각 전공에 대한 1:1 수업으로 각자의 전공에 대한 실력을 배양한다.,
MUS1005,실용음악이론,,전공기초,1,,실용음악학과,"음악을 이해하고 연주하는데 필요한 기초 이론 즉 음악통론을 소개하는 수업으로서, 음악을 기보하는 방법, 그리고 음계, 음정, 리듬, 박자, 화음, 그 밖의 여러 가지 음악용어 등을 다루며, 특히 이 수업은 음악을 전공하는 대학 초년생을 위해 계획되었다. 이 과목은 음악을 읽고 연주/혹은 노래하며, 기보하여 악보로 남기며, 더 나아가 창의적인 작업, 즉 작곡을 할 수 있는 능력과 기술을 훈련/연습하도록 한다.",
MUS1006,클라스피아노1,,전공핵심,1,,실용음악학과,본 강좌는 음악의 기본 악기인 피아노에 대한 실습수업으로 기본적인 피아노 연주법에 대한 실력을 배양한다. 실용음악이론 및 화성법 수업에서 나오는 화음들과 진행을 연주해봄으로써 화음에 대한 이해도를 높이고 기본적인 피아노 연주 능력 향상을 목표로 한다.,
MUS2000,편곡법1,,전공기초,3,,실용음악학과,"음악 유형(장르)의 구분을 가능하게 하는 음악 구성 요소의 특징을 분석, 이를 재 구성 및 연주한다.",
MUS2001,재즈앙상블1,,전공핵심,2,,실용음악학과,"본 수업에서는 미국 대중음악의 근간이 된 재즈 음악을 시대별, 장르별로 나누어 이를 대표하는 아티스트와 곡들을 선별하고 학생들이 실제로 연주해보도록 한다.",
MUS2002,컴퓨터음악1,,전공핵심,1,,실용음악학과,DAW(Digital Audio Workstation)를 이해하고 이를 이용한 다양한 음악 제작 기법에 대하여 연구한다.,
MUS2003,응용화성법1,,전공핵심,2,,실용음악학과,"본 강좌는 기초화성법에 이어 응용적인 화성법에 대한 이해와 화성법에 대한 실력을 배양한다. Modal Interchange 등 다양한 Harmony 기법을 습득함으로 음악에 대한 폭넓은 이해와 이를 응용한 연주, 가창, 작,편곡 실력 향상을 목표로 한다.",
MUS2004,보컬콰이어1,,전공심화,2,,실용음악학과,"본 수업은 팝 음악 중심으로 여러사람의 목소리가 하나의 합을 이루어 멜로디를 가창하는 수업입니다.
함께 즐겁게 노래해보며 노래를 부르는 것의 긍정적인 경험을 쌓아갑니다.
Unison, Harmony, Articulation, Blending, Phrasing, Dynamic, Rhythm표현 등 가창의 다양한 스킬을 배우고 노래에 적용해봅니다.
각각의 파트를 나누어 하나의 화성으로 소리를 맞추어 가창해보고 또한 목소리로 악기의 소리를 표현해보며 보다 넓은 차원의 목소리를 다뤄봅니다.",
MUS2005,전공실기연구3,,전공핵심,2,,실용음악학과,본 강좌는 각 전공에 대한 1:1 수업으로 각자의 전공에 대한 실력을 배양한다.,
MUS2007,편곡법2,,전공기초,3,,실용음악학과,곡 구성 요소의 음악적 선택과 변화에 따른 재구성의 이해 및 실습.,
MUS2008,재즈앙상블2,,전공핵심,2,,실용음악학과,"본 수업에서는 미국 대중음악의 근간이 된 재즈 음악을 시대별, 장르별로 나누어 이를 대표하는 아티스트와 곡들을 선별하고 학생들이 실제로 연주해보도록 한다.",
MUS2020,컴퓨터음악3,,전공핵심,2,,실용음악학과,DAW를 이용한 실용음악 제작기법에 대해 연구한다. (2학년),
MUS2024,피지컬트레이닝1,,전공핵심,2,,실용음악학과,피지컬트레이닝을 통해 기초적인 스트레칭의 동작을 이해하고 습득한다. 신체의 균형을 위해 근육의 올바른 사용과 자세를 정확하게 이해하고 수행할 수 있도록 한다. 그로인해 신체를 일깨우고 육체와 정신을 단련시켜 조화를 이룰 수 있도록 한다.,
MUS2028,빅밴드앙상블인터미디어트1,,전공핵심,2,,실용음악학과,미국 재즈 빅밴드 음악의 레파토리 실기 수업,
MUS2030,즉흥연주기법,,전공심화,2,,실용음악학과,"즉흥연주기법은 실기 연구과목이며 즉흥연주에 필요한 연주기법들을 연구 및 탐구한다.
이러한 연구와 탐구를 기반으로 전공 악기별 능력을 함양하여 창의적인 음악적 해석과 연주능력을 갖추는데 있다.",
MUS3001,재즈앙상블3,,전공핵심,3,,실용음악학과,Ensemble class for playing jazz,
MUS3002,전공실기연구5,,전공핵심,3,,실용음악학과,본 강좌는 각 전공에 대한 1:1 수업으로 각자의 전공에 대한 실력을 배양한다.,
MUS3003,라틴앙상블1,,전공핵심,3,,실용음악학과,Brazilian Rhythm,
MUS3017,랩1,,전공심화,3,,실용음악학과,기존에 사용되어지는 화성 혹은 사운드를 벗어나 새로운 창조적인 화성 사용 및 사운드 메이킹 등을 연구하는 수업,
MUS3020,스튜디오세션1,,전공심화,3,,실용음악학과,"1. 즉흥적인 연주형태를 바탕으로 스튜디오라는 특정된 공간에서 레코딩 세션 연주를 경험하게 한다.
2. 밴드 앙상블에 의한 레코딩 연주를 통해서 즉흥적인 창의력과 섬세한 음악적 베이직을 심화 한다.",
MUS3024,보컬코러스앙상블1,,전공핵심,3,,실용음악학과,"다양한 대중음악 장르에 대한 이해를 기반으로 백그라운드 보컬 가창 스타일, 리허설 테크닉, 편곡 기법을 배운다.",
MUS4001,전공실기연구7,,전공심화,4,,실용음악학과,본 강좌는 각 전공에 대한 1:1 수업으로 각자의 전공에 대한 실력을 배양한다.,
MUS4003,랩앙상블,,전공심화,4,,실용음악학과,"이미 녹음된 각자의 곡을 믹스 하여 악기의 특성과 톤의 선택, 연주, 편곡 등을 분석하여 보다 넓고 객관적인 시선으로 사운드를 연구해보는 수업",
MUS4005,뮤직비지니스1,,전공심화,4,,실용음악학과,"음악 산업은 음악 매체와 유통 구조의 변화, 아티스트의 방송 및 영화계 진출, 머천다이즈 등 파생 상품의 생산과 유통 , 해외 공연의 기획 등 다양하고 복잡한 구조로 발전해왔다. 이에 맞추어 음악 산업에서는 특화된 전문 인력이 필요하 며, 아티스트 또한 이러한 음악 산업의 구조를 이해하는 것이 필수적이다. 본 수업에서는 문화콘텐츠 및 트렌드에 대 한 폭넓은 이해를 토대로 하여 음악시장과 음악 산업에 대한 이해를 도모하고, 각 시대별 음악 시장을 직접 분석해봄 으로써 대중음악 산업을 객관적으로 바라보는 시각을 키울 수 있도록 한다. 이러한 통찰력을 토대로 현재 음악 시장의 특징과 문제점 혹은 발전 방향을 고찰해보고 이를 실전에 응용할 수 있는 능력을 고양한다.",
MUS4008,스튜디오테크닉4,,전공심화,4,,실용음악학과,"기본적인 소리의 원리와 성질을 이해하여 본인이 원하는 소리를 실현할 수 있는 능력을 개발하고, 실제 녹음실에서의 레코딩·믹싱 테크닉을 익혀 프로듀서로서의 능력을 배양한다.",
MUS4013,캡스톤디자인프로젝트1,,전공심화,4,,실용음악학과,지금까지 배워온 다양한 교과목 및 전공실기 실습과정을 토대로 모든 졸업대상의 학생들이 졸업요건을 갖추기 위해 개인의 과제물(자작곡등)을 스스로 제작 및 발표하며 개인의 작품집을 완성한다.,
MUS4014,캡스톤디자인프로젝트2,,전공심화,3,,무용예술학과,"이 수업은 전공심화형 캡스톤디자인으로서 학생들이 전공지식을 활용하여 무용분야와 관련한 소규모 프로젝트를 기획, 설계 및 시연한다. 1학기 ˂캡스톤디자인 기획제작 및 실습˃ 수업에서 '환경무용’이라는 주제로 진행한 프로토타입의 작품을 발전 심화시키고 전시하는데 목표를 둔다. 이를 통해 지속가능한 환경과 예술에 대한 작품을 대중에게 노출하고 소통하며 반응하고자 한다.",
PHA1022,약학개론및윤리,,전공핵심,1,,약학과,"본 교과과정은 약학대학 1학년 신입생들을 위한 교과목입니다. 약학대학의 신입생으로서 한양대학교의 건학이념 및 역사를 이해하고, 또 약학대학의 교수 및 연구분야에 대한 오리엔테이션은 물론, 미래의 약사로서 약학에 대한 개념과 신약의 개발과정 및 의약품사용과정을 이해하도록 함으로써 “藥師”는 (藥事에 관한 업무를 담당하는 자)와 “藥事”(의약품의 제조․조제․판매와 관련된 사항)의 정의를 마음으로 깨달아 가도록 구성하였습니다.",
PHA2006,독성학,,전공심화,4,,약학과,"본 강의는 사회적 주목을 받고 있는 생활화학물질(화장품 성분, 휘발성유기화합물, 플라스틱가소제, 살생물제 등)의 인체적용에 대한 안전성 확보를 위한 이론과 토론, 발표 수업을 목표로 하는 IC-PBL 수업이다.
다양한 생활용품을 통해 노출되는 각종 화합물질의 규제 및 관리에 필요한 이론을 습득하고, 정부규제관리담당부서(식약처 및 환경부) 뿐 아니라, 산업체에서 수행해야 할 규제관리 접근법을 논의한다.",
PHA2016,약물송달학,,전공심화,5,,약학과,"약물송달학에서는 기존 의약품의 부작용을 최소화하고 효능 및 효과를 극대화하여 필요한 양의 약물을 병소에 효율적으로 전달하는 제형을 설계하는 기술인 약물전달시스템(drug delivery system, DDS) 기술을 학습한다. 본 수업에서는 기존의 의약품 형태를 약제학적 지식을 기반으로 약물의 용해도, 작용지속시간, 생체이용률 등을 개선하여 새로운 약물전달시스템을 개발하고 적용할 수 있는 이론을 습득한다. 또한 특별한 목적에 부합하는 특수한 제어방출시스템, 표적지향시스템, 생체감응성시스템 및 나노제형 등의 개발 및 투여경로에 따른 적용에 대해 학습한다.",
PHA2025,약학이론실습3(약품생화학-분자생물학),,전공심화,4,,약학과,"생체를 구성하는 기본 물질들인 단백질, 탄수화물, 지질의 물성에 대하여 실제 실험을 통해 공부하고 이들 생체물질들이 관여하는 생화학 반응들에 대해 이해토록 한다. 특히 단백질, 핵산 등의 고분자 생체물질을 다루는 기본 기술을 습득케 하고 실험을 통해 얻어지는 지식들이 어떤 과정을 통해 체계화되는 지를 이해시켜 생화학에 대한 이해와 학습효과를 극대화 하도록 함.",
PHA2028,약학실험1,,전공심화,2,,약학과,본 교과목에서는 의약품의 대다수를 차지하는 유기화합물을 합성하는데 있어서 필요한 유기화학 실험에 요구되는 기초 실험 이론 및 기술을 배운다. 일반화학실험에서 배운 화학실험에 범용적인 실험 이론을 포함하여 유기화학에 핵심적으로 사용되는 기술과 이론을 배움으로써 향후 수강하게 될 유기약화학 및 의약품합성학 이론 수업에도 보다 심층적인 이해를 도모하고자 한다.,
PHA2031,해부생리학,,전공핵심,2,,약학과,"인체의 육안적인 구조와 형태에 대한 학습으로 각 기관의 계통과 기능적 관계에 관한 지식을 습득하고, 유기체로서의 인체 생리적 기능과 신체 질환의 병리적 연계성을 이해한다.인체의 생리적 기능을 생물학적, 물리학적, 화학적 측면에서 종합적으로 이해한다.",
PHA3020,약학이론실습5(생약학-약품미생물학),,전공심화,5,,약학과,"약학이론 실습 5 (약품미생물학-생약학)에서는미생물학과 생약학 실습을 통해 약학대학 학생들이 미생물학과 생약학의 필수적인 과정을 익힐 수 있도록 한다. 미생물학 과정에서는 미생물의 배양과 감염에 대한 실습, 유전자 재조합, 면역반응, 항생제 내성에 관한 실습을 통해 약학대학 학생들이 습득해야 하는 기본 실험 기술을 익힐 수 있도록 한다.
생약학 실습 과정에서는 생약의 감별 및 기원이 되는 식물의 관찰, TLC를 이용한 생약의 품질 평가법, 생약 성분의 분리 정제 및 약리활성 검색법에 대한 실습을 통해 약학대학 학생들이 습득해야 하는 생약의 기본 실험 기술을 익힐 수 있도록 한다.",
PHA3021,약학이론실습6(약물학-생리학),,전공심화,5,,약학과,약물학 - 약물의 생체에서 작용에 대해 동물세포 및 마우스 등을 이용한 약물의 효과 분석 실험을 통하여 약물학 강의 수업에서 배운 내용을 실험적 접근하여 질환에 따른 약물 효과에 대한 이해를 돕고자 개설한 강좌이다. 생리학 -생리학(병태학) 이론 수업에서 배운 내용을 기초로 인체 질병의 발병 기전과 검사(진단)에 대한 이해를 실험을 통해 심화한다.,
PHA3022,기초약무실습,,전공핵심,5,,약학과,"본 교과 과정은 이론과 실습이 병행되는 강의로 본격적인 필수 약무 실습 전에 이에 필요한 실제 조제 및 복약지도 실습, 주사조제, 정보업무, TPN 및 TDM 실습, 생약 및 한방제제 익히기와 의료기관 약제업무, 지역약국 약제업무, 행정기관에 대한 업무 개요 등 약학 실무 현장 업무에 필요한 사전 지식을 습득하고, 실습을 통해 체득하는 과정이다.",
PHA3023,보건사회약학,,전공심화,5,,약학과,"전반부에서는 보건학과 사회약학의 개념을 바탕으로 거시적 관점에서 보건의료체계, 건강보장, 보건 및 의약품 정책 등을 공부한다. 후반부에서는 미시적 주제인 의약품 경제성 평가, 약물역학, 근거중심의학 등의 방법론과 약국 및 제약경영과 관련된 세부 주제를 공부한다.",
PHA3024,자가약물치료학,,전공핵심,5,,약학과,"1. 자가치료에 사용되는 일반의약품을 통한 효과적인 환자의 증상 및 질병 치료 방법에 대하여 학습한다.
2. 환자의 일반의약품과 관련 된 약사의 역할에 대하여 학습한다
3. 질병관리제도와 연관된 일반의약품의 사용을 통하여 보여지는 경제적인 절감 효과에 대하여 학습한다",
PHA3025,의약품정보학,,전공핵심,5,,약학과,"임상약사로서 근거중심의 의약정보 제공을 위한 이론을 학습하여 보건의료인 및 환자에게 적절한 의약정보를 제공할 수 있는 능력을 함양한다. 또한, 임상약학의 기초 개념과 임상자료 해석방법을 학습하고 감염질환 약물요법을 익힘으로써 임상약사로서 환자중심의 약료서비스를 제공할 수 있는 기초 능력을 배양한다.
참고: 병원실무실습1,2 선수교과목임",
PHA3026,맞춤약물치료학,,전공핵심,5,,약학과,"임상약사로서 근거중심의 의약정보 제공을 위한 이론을 학습하여 보건의료인 및 환자에게 적절한 의약정보를 제공할 수 있는 능력을 함양한다. 또한, 감염질환 약물요법을 익힘으로써 임상약사로서 환자중심의 약료서비스를 제공할 수 있는 기초 능력을 배양한다.
참고: 병원실무실습1,2 선수교과목임",
PHA3028,병태생리학2,,전공핵심,3,,약학과,"질환상태에서 세포 및 분자 수준의 병인과 기전에 대한 전반적인 지식을 습득하게 하여 질병의 병인에 근거한 주요 분자를 타겟으로 하는 병태생리 기전의 연구 및 치료약물의 개발 연구에 기초 지식으로 활용되도록 한다. 또한 질환 상태에서의 각 조직의 형태 변화, 그 원인과 기전 및 이에 따른 증상과 경과에 대한 전반적인 지식을 습득하게 하여 질병의 예방, 진단 뿐만 아니라 양질의 약물요법을 수행하는데 적용할 수 있도록 하며, 이를 토대로 병태생리 기전의 연구 및 치료약물의 개발 연구에 기초 지식으로 활용되도록 한다.",
PHA3029,약학실험3,,전공심화,3,,약학과,"생체를 구성하는 기본 물질들인 단백질, 탄수화물, 지질의 물성에 대하여 실제 실험을 통해 공부하고 이들 생체물질들이 관여하는 생화학 반응들에 대해 이해토록 한다. 특히 단백질, 핵산 등의 고분자 생체물질을 다루는 기본 기술을 습득케 하고 실험을 통해 얻어지는 지식들이 어떤 과정을 통해 체계화되는 지를 이해시켜 생화학에 대한 이해와 학습효과를 극대화 하도록 함.",
PHA3030,감염질환제어,,전공심화,3,,약학과,"감염질환에 대응하기 위한 항미생물제, 백신, 감염질환 진단 방법에 대해 학습한다.
약품미생물학에서 학습한 병원성미생물들과 이들이 원인이 되는 감염질환을 진단, 치료, 예방할 수 있는 방법을 학습하고
이들의 개발동향에 대해서도 학습한다.",
PHA3031,바이오분자의약학,,전공심화,3,,약학과,"생화학 및 분자생물학 이해를 바탕으로 분자수준에서의 질병기전 이해 및 의약학적 접근을 위한 그 기반 원리, 바이오의약의 기초를 이해하는 교과목",
PHA3032,약학실험4,,전공심화,3,,약학과,"물리약학의 이론과 실상을 소개하고 기존의 제형을 실험을 통하여 제제화 및 평가를 함으로서 제형, 특히 고형제형의 이론을 이해시킨다. 또한 약제학의 이론과 실상을 소개하고 실험을 통하여 여러 기술을습득하고 체내동태 및 생물약제학의 이론을 이해시킨다.",
PHA4013,약국실무실습,,전공핵심,6,,약학과,"5주간의 현장 경험을 통해 약국 경영및 관리에 필요한 지식과 기술, 처방 조제 및 복약지도, 일반의약품의 투약관리 및 건강상담, 의약정보 업무, 한약제제 및 건강기능식품 익히기, 보험청구의 방법등 을 습득토록 하여 준비된 약사를 길러낸다.",
PHA4014,제약산업체/공공기관실무실습,,전공핵심,6,,약학과,"제약산업 실무실습은 GMP 시설을 갖춘 제약기업 생산부에서 120 시간 동안 산제, 정제, 캡슐제 및 과립제 등 고형제제 및 기타 제제의 제품을 실제로 생산에 참여하는 프로그램으로서 단위조작을 포함한 원료의 출하, 칭량, 생산 및 품질관리 등 모든 공정의 실습을 수행한다.
공공기관 실무실습에서는 20시간 동안 의약품의 심사 및 허가, 품질관리, 안전관리 등의 전반적인 약무행정에 대한 이론 및 업무를 식품의약품안전처, 국민건강보험공단, 건겅보험심사평가원 또는 보건소 중 적합한 공공기관에서 실습을 수행한다.",
PHA4023,임상약학개론,,전공핵심,4,,약학과,"임상약사로서 근거중심의 의약정보 제공을 위한 이론을 학습하여 보건의료인 및 환자에게 적절한 의약정보를 제공할 수 있는 능력을 함양한다. 또한, 임상약학의 기초 개념과 임상자료 해석방법을 학습하고 감염질환 약물요법을 익힘으로써 임상약사로서 환자중심의 약료서비스를 제공할 수 있는 기초 능력을 배양한다.
참고: 병원실무실습1,2 선수교과목임",
PHA4024,의약빅데이터와AI,,전공심화,4,,약학과,"의료패널 데이터의 구조를 이해하고, 연구 목적에 맞게 데이터를 가공한다.
의료패널 데이터를 활용하여 연구 주제를 설정하고, 분석을 수행하며, 결과를 해석한다.",
PHA5002,약사창업과소통기술,,전공심화,5,,약학과,"약사창업에 연관된 경영에 관한 이해, 마케팅, 판매/ 재고관리, 인적관
리, 품질관리등의 경영학적지식과 원활한 소통 기술의 습득을 통하여
미래 보건사업의 한 축을 성공적으로 담당하는 약사 및 경영자로서의 역량 배양",
PHE0093,스포츠영상분석및기록분석,,전공핵심,3,,스포츠코칭전공,"스포츠분야에서 선수들의 움직임 영상을 분석하는 것은 경기력 향상에 매우 중요한 역할을 한다. 경기력을 향상시키기 위한 다양한 과학적인 영상분석 방법의 도입은 현장 적용이 가능하게 되면서 크고 작은 효과들이 검증 및 보고되고 있다. 이데 따라 학생들의 진로에 도움이 될 수 있는 스포츠 영상분석의 전문가적 역량을 증진시키고 학습자 스스로 문제를 해결하는 능력을 키우고자 본 수업을 개설하고자 한다.
본 수업은 스포츠 경기력 향상을 위한 움직임의 관찰 및 평가를 바탕으로 훈련계획의 수립, 전달, 반영 그리고 움직임을 수정하는 과정을 영상분석을 통해 실시함으로써 학생들로 하여금 과학적으로 연구할 수 있는 능력을 증진시키는데 목표를 두고 있다.",
PHE1011,육상1,,전공기초,1,,스포츠과학부,육상경기의 제반 이론과 실기 중 전문 훈련 및 기술의 습득과 숙련을 위한 연습의 방법과 계획의 수립 등을 학습시킴과 동시에 규칙과 심판법을 익히며 일선 지도자들의 자질을 향상시키는데 주안점을 둔다.,
PHE1012,육상2,,전공심화,2,,스포츠코칭전공,"육상경기는 달리고, 뛰고, 던지는 등 인간의 가장 기본적인 신체활동으로 이루어지는 운동경기로서 종의 기원 아래 시작된 가장 오래된 경기 종목의 하나이다. 육상경기는 넓은 의미로 보자면 육상에서 수행되는 모든 경기로 볼 수 있지만, 좁은 의미에서는 일반적으로 트랙, 필드, 도로에서 하는 경기를 뜻하고 있다.",
PHE2001,기계체조1,,전공기초,1,,스포츠과학부,"체조의 유래와 의의, 효과등을 이해하고 체조에 대한 지도방법의 습득은 물론 원리와 기능을 학습한다.",
PHE2002,기계체조2,,전공심화,2,,스포츠코칭전공,"체조의 유래와 의의, 효과등을 이해하고 체조에 대한 지도방법의 습득은 물론 원리와 기능을 학습한다.",
PHE2009,축구1,,전공심화,2,,스포츠문화전공,"축구에 대한 전반적인 지식 습득과 기본적 기술(스킬 등)들의 실기 역량 배양을 할 뿐만 아니라, 기본적인 지도(티칭) 능력도 습득하는데 초점을 맞춘다.",
PHE2029,스포츠심리학,,전공핵심,2,,스포츠코칭전공,스포츠 심리학의 지식체계와 원리를 스포츠현장에서 선수가 기량을 100% 발휘할 수 있도록 도와주는 방법을 익히기에 적합한 교과목이다.,
PHE2032,운동제어,,전공핵심,3,,스포츠코칭전공,"인간의 복잡한 운동기술의 원리를 이해하고 응용하기 위해서는 움직임 이론을 기반으로 인간이 어떻게 운동을 제어하고 학습하는지에 대한 분석과 탐구가 선행되어야 한다. 이 수업에서는 인간의 운동행동을 주 분석대상으로 하여 운동제어, 운동학습 등 다양한 영역의 내용을 배우고, 이를 바탕으로 특정 운동기술을 효과적으로 학습하기 위한 제어 방법을 연구해 봄으로써 인간의 움직임에 대한 이해 정도가 크게 향상될 것이다.",
PHE2061,생활체육론,,전공핵심,2,,스포츠문화전공,"생활체육론은 스포츠전공자들에게 가장 밀접하게 접근해야 하는 교과목이다. 왜냐하면, 사실상 스포츠코칭 및 스포츠문화전공 졸업생들의 취업률이 가장 높은 분야가 생활체육관련 분야이기 때문이다. 그러므로 생활체육현장에서의 문제점에 대해 진단하고 현장을 바라보는 혜안을 길러야 할 필요성이 있다. 피트니스산업은 코로나19 펜데믹 이전 2019년, 최대 호황을 누리는 산업이었다. 코로나19 상황에서 실내체육시설 집합금지 조치로 인해 피트니스산업은 약 2-3년간 상당한 어려움을 겪었으며, 이를 극복하기 위해 다양한 시도들이 있었다. 우리가 잘 알고 있는 피트니스 앱과 온라인 플랫폼도 피트니스 산업의 일부인데, 이러한 앱과 온라인 플랫폼은 개인들에게 운동 프로그램, 온라인 트레이닝, 건강 및 영양조언 등을 제공하여 집에서도 운동을 할 수 있는 기회를 제공한다. ˂이론 및 상황적 배경˃
코로나19 펜데믹 이후 오프라인 피트니스현장은 최근에는 일상을 회복하면서 피트니스센터 기존회원뿐만 아니라 신규회원까지 유입되기 시작했고 코로나19 이전의 수준으로 회복되고 있는 것으로 나타났다. 2019년 생활체육 참여비율은 66.6%로 코로나19의 확산세가 가장 두드러지게 나타나 생활체육현장이 집중적인 타격을 받았던 2020년에는 실내체육시설 집합금지 조치 및 이용제한으로 인해 생활체육 참여비율은 61.6%로 약 9.7% 감소했지만, 2021년 다시 증가세(60.8%)로 돌아서고 있다. 이러한 이유는 코로나19 기간 자유롭게 운동참여를 못했던 국민들의 갈구함에서 비롯된 것으로 판단되며, 생활체육 참여율은 앞으로 지속적으로 증가할 것이 예견되고 있다. 그러므로, 직접 피트니스현장에 방문하여 문제점을 진단하고 해결방안에 대해 면밀히 살펴볼 필요가 있다.
본 교과목은 피트니스 현장에 직접 찾아가 고객여정지도(customer journey map)을 활용하여 각 터치 포인트의 구간 별 긍정적 경험, 부정적 경험, 서비스 개선(CIT: Critical Incident Technique)에 대한 구체적인 경험을 바탕으로 문제점을 진단하고 피트니스 현장에 피드백을 제공하는 것이 이 수업의 목표이며, 피트니스현장의 환경개선과 더불어 현장적용이 가능한 구체적인 자료를 제공하는 것이 이 수업의 의의이다.",
PHE2092,스포츠산업론,,전공핵심,2,,스포츠문화전공,"본 수업은 스포츠 산업, 시설, 이벤트 그리고 마케팅, 소비자 행동 등 스포츠 경영학의 주요 영역들에 대한 전반적인 이해를 목적으로 한다. 다양한 영역에 대한 기초적인 이해를 기초로 실무적 관점에서 스포츠 경영학 이론의 활용 원리를 파악한다.",
PHE2095,재활운동방법론,,전공심화,4,,스포츠코칭전공,재활운동방법론은 해부학과 생리학 등의 기초 분야와 임상분야를 망라한 스포츠의학적 지식을 바탕으로 스포츠와 인체의 관계를 연구하고 반영시키는 학문이다.,
PHE2100,스포츠윤리,,전공핵심,1,,스포츠과학부,"본 교과목은 스포츠현장의 윤리적 문제에 대한 이해와 균형적 사고 배양, 나아가 스포츠현장 전문가로 성장하는데 필요한 윤리적 사고력 및 역량 증진을 목적으로 한다. 아울러 IC-PBL 강좌로서 PBL 모듈 1개를 구성하여 학생들의 자기주도적 문제해결 능력을 함양하고 스포츠현장에서 발생할 수 있는 윤리적 문제에 대한 통찰력을 배양시키고자 한다.",
PHE2105,스포츠종합실기1,,전공심화,2,,스포츠문화전공,태권도 종목을 중점적으로 훈련하여 사범이나 생활스포츠지도자가 되는 자질을 양성하는 것을 목적으로 삼는다.,
PHE2106,스포츠생리학,,전공핵심,2,,스포츠코칭전공,본교과목은 운동생리학과 관련된 일반적인 내용을 학부수준에서 이해하며 운동생리학의 기본 이론과 적용을 할수 있는 능력을 함양하는 수업임. 또한 본교과목은 주로 강의로 구성되어 있으며 운동생리학에 관련된 주제와 이와 관련된 적용을 주로 학습함.,
PHE2108,스포츠전문실기1,,전공심화,2,,스포츠코칭전공,"체조 몸의 각 부위를 발육시키고 미적 감각, 감정표현 능력을 기르며 체조를 통하여 자세를 바르게 하고 근력, 지구력, 순발력 등의 체력을 육성하여 모든 스포츠의 기초적 능력을 향상시키며 맨손체조를 중심으로 한 신체훈련을 통하여 체조기술을 습득하여 체조운동의 여러 요소를 통합한 체조 동작의 가능성을 높이며 신체운동에 중점을 둔 교육내용으로 실시한다.",
PHE2113,올림픽정신의이해,,전공핵심,2,,스포츠문화전공,"대한민국은 1988년 서울올림픽과 2018년 평창 동계올림픽 두 번의 올림픽을 개최함으로써 스포츠의 위상을 높이고 스포츠 강대국으로 성장하는 발판이 마련되었다. 아마추어 스포츠정신의 기본인 올림픽정신은 신체와 의지, 마음의 모든 가치를 균형 있게 향상시키고 결합시키는 인생의 철학이다. 스포츠에 문화와 교육을 접목시킨 올림픽정신은 노력의 즐거움, 모범적 사례를 통한 교육적 가치, 사회적 책임성, 보편적 기본 윤리 원칙에 대한 존중의 정신에 입각한 생활양식의 개척을 추구한다. 이에 올림픽정신은 스포츠를 접하는 스포츠인으로써 배워나가야 할 필수 요소 중 하나이다.",
PHE2114,스포츠영화와문화읽기,,전공핵심,2,,스포츠문화전공,이 수업은 스포츠 영화에 반영된 사회 문화적 맥락과 이슈를 이해할 수 있는 지식을 학습한다. 강의를 통해 학생들은 다양한 스포츠 영화에서 도출된 주제를 이해하고 핵심적인 사화문화적 이슈와 코드에 대해 파악할 수 있는 지적 역량을 배양하여 스포츠콘텐츠를 기반으로 하는 스포츠영화를 직접 기획할 수 있는 역량을 학습한다.,
PHE2115,운동행동의이해,,전공핵심,2,,스포츠코칭전공,"전 생애적 관점에서 인간의 운동 행동을 이해하기 위해서는 영유아기부터 노인기까지 나타나는 행동의 변화뿐 아니라 운동 행동에 영향을 주는 다양한 요인에 대한 분석과 탐구가 선행되어야 한다. 따라서 이 수업에서는 발달 과정에서 나타나는 인간의 다양한 움직임과 특징 등을 배우고, 이를 기반으로 학생들 스스로 발달과정에서 나타나는 운동 행동을 효과적으로 훈련 혹은 촉진할 수 있는 프로그램을 개발해 봄으로써 인간의 움직임에 대한 이해 정도가 크게 향상될 것이다.",
PHE3044,체육측정평가,,전공핵심,2,,스포츠코칭전공,체육현상에 관련된 영역을 측정하고 평가하는 방법을 습득하여 보다 과학적 지식을 현장에 적용하고 응용할 수 있는 능력을 기르는 데 목적이 있다. 이를 위하여 본 수업은 과학적인 측정방법에 의해 체육이 포함하는 여러 가지 요인에 대한 측정계획을 설계하고 평가할 수 있는 능력을 기르고자 한다.,
PHE3050,여가및레크레이션론,,전공심화,4,,스포츠코칭전공,"우리나라의 여가산업은 주5일 근무제 및 여가시간을 적극적으로 즐기고자 하는 라이프스타일의 변화 등으로 인해 빠르게 성장하고 있다. 여가레크리에이션은 스포츠 학문 16개 분과 중 하나로 스포츠를 통한 여가 활동은 단순히 노는 것이 아니라 광범위하게 활용되고 있으며, 최근 캠핑, 트래킹, 여행, 스포츠 활동 등 다양한 형태로 여가레크리에이션은 우리의 일상에 자리 잡고 있다. 이러한 여가산업은 스포츠산업과 마찬가지로 제조업, 시설업, 서비스업 등 다양하고 융복합적인 산업이라고 할 수 있으므로 스포츠전공자들도 이러한 여가관련 산업을 다양한 프로젝트를 통해 이해할 필요성이 있다. 첫 3주 동안 이론에 대해 설명하고 2주는 해외사례를 이해한다. 차후 팀별로 학습하고 문제를 해결해 나가는 과정을 주기적으로 발표하고 피드백 한다. 이후 여가관련 설문과 인터뷰를 진행하고 결과를 도출하도록 한다. 여가레크리에이션 관련 현장전문가, 담당교수, 그리고 팀원들이 공동 평가하며, 학습자의 역할이 많아지면서 스스로 문제를 해결할 수 있는 능력을 갖추게 되고 스포츠관련 취업 시장에 진출 시 직접 문제를 해결할 수 있는 전문가 역할을 하는데 의의가 있다.",
PHE3103,운동처방론,,전공핵심,2,,스포츠코칭전공,본 교과목은 운동처방에 필요한 의학검사를 바탕으로 운동부하 검사를 실시한 후 개인의 운동 능력을 알기 위한 건강관련 체력검사 및 평가를 통해 개인의 의학적 소견에 다른 운동처방을 하고 각 질환별 운동 처방 및 운동 방법 등을 배우며 체력향상과 유지를 통하여 삶의 질을 향상 시키는데 있다.,
PHE3104,스포츠문화프로젝트기획론,,전공심화,3,,스포츠문화전공,"본 강의는 스포츠 문화프로젝트 기획론으로서 스포츠 문화프로젝트의 정의와 특성, 스포츠 문화프로젝트를 기획하는 방법, 스포츠 문화프로젝트 사례, 기획서 작성 방법 등을 소개하고, 이를 바탕으로 스포츠 문화프로젝트를 스스로 생각하며 고민할 수 있는 기회를 제공할 것입니다. 그리고 학생들은 수업 시간에 제공되는 자료를 통해 스포츠 문화프로젝트를 구성해보고 기획해보는 시간이 될 것입니다.",
PHE3105,스포츠정보론,,전공심화,3,,스포츠문화전공,"스포츠정보론은 프로스포츠에 대한 정보를 분석하고 이해하는 학문분야이다. 이론적으로 스포츠정보론은 수학, 통계학 및 컴퓨터 과학과 같은 분야와 결합하여 경기 결과, 선수 성적, 전략, 팀 퍼포먼스 등에 대한 예측을 수행한다. 이 수업은 스포츠산업과 마케팅 전략의 일환으로 프로스포츠 관람환경개선을 위한 관람객 설문조사와 통계분석을 병행하여 실시한다. IC-PBL 교과과정을 통해 관람환경의 문제점을(중요도 및 만족도 분석: Importance-Performance Analysis_IPA) 진단하고 구체적으로 도출된 문제점을 구단(안산그리너스 FC)에 제공하여 현장 적용에 필요한 마케팅 전략에 활용될 것이다. ˂이론 및 상황적 배경˃
2017년 2월에 창단된 시민구단 안산그리너스 FC는 지역 연고를 갖고 있음에도 불구하고 안산시민들의 관심이 적고 타 K2리그 구단보다 홈 평균관중이 최하위이다. 또한, 2024년 리그 순위도 13위로 최하위를 기록하고 있다(꼴찌를 기록함). 이러한 여러 문제점들에 대한 해결방안이 필요할 것이며, 창의적이고 구체적인 해결방안을 구단에 제시할 것이다.",
PHE3106,스포츠종합실기2,,전공심화,3,,스포츠문화전공,레크리에이셔널 스포츠로서 뉴스포츠를 이해하고 이론과 실기를 병행하여 직접 체험하여 새로운 뉴스포츠 프로그램을 창작하는데 중점을 둔다. 실기실습에서는 기본 규칙의 인지와 함께 기본 기술을 익히도록 한다.,
PHE3107,한국체육사,,전공핵심,3,,스포츠코칭전공,"고대, 근대, 현대시대에 걸쳐 이루어지고 있는 스포츠의 시대적인 특징과 배경에 대해서 학습한다.",
PHE3108,PT지도론,,전공심화,3,,스포츠코칭전공,"PT(personal training) 지도론은 스포츠전공자로서 웨이트 트레이닝 및 유산소 트레이닝 지도방법과 기구사용 기술을 습득해 전문 트레이너 발판구축을 위해 개설된 강좌이다. 학습자는 트레이닝 이론을 바탕으로 신체구성 및 체력을 측정-평가-처방-지도와 영양섭취를 이해하여 연령, 체력수준, 체형별 트레이닝을 시현할 수 있는 능력을 배양하는데 목적이 있다. 또한 대상자별 PT 지도 프로그램을 기획하고 시현함으로써 현장경험을 간접적으로 체험해 볼 수 있는 강좌이다.",
PHE3116,스포츠창업,,전공핵심,3,,스포츠코칭전공,"교과목 개요: 스포츠 창업
이 교과목은 스포츠 산업에서 창업을 준비하고자 하는 학생들을 위해 설계되었습니다. 학생들은 다음과 같은 주요 내용을 학습하게 됩니다:
1. 스포츠 산업의 이해: 스포츠 산업의 특성과 동향을 분석하고, 창업 가능성과 기회를 평가하는 방법을 배웁니다.
2. 창업 준비 및 전략 개발: 스포츠 창업을 위한 준비 과정과 필요한 리서치 방법을 학습하며, 효과적인 창업 전략을 개발합니다.
3. 비즈니스 모델과 계획 수립: 스포츠 창업에 적합한 비즈니스 모델을 설계하고, 창업 계획을 세부적으로 수립하는 방법을 탐구합니다.
4. 재정 관리와 자금 조달: 창업 초기 자금 조달 전략을 이해하고, 재정 관리 기법을 학습하여 창업의 재정적 안정성을 유지하는 방법을 배웁니다.
5. 마케팅과 브랜딩 전략: 스포츠 창업의 성공을 위한 마케팅 전략과 브랜딩 전략을 개발하고, 타겟 시장을 파악하는 방법을 익힙니다.
6. 법적 및 윤리적 고려 사항: 스포츠 창업 과정에서의 법적 문제와 윤리적 고려 사항을 이해하며, 합법적이고 윤리적으로 사업을 운영하는 방법을 배웁니다.
이 교과목은 스포츠 산업에서 창업을 성공적으로 추진하기 위한 필수적인 지식과 기술을 제공합니다.",
PHE3117,스포츠현장탐방,,전공핵심,3,,스포츠코칭전공,"본 교과는 스포츠와 관련된 산업과 직업군에 대한 정보를 습득하고 이해하며, 또한 스포츠 현장 탐방을 통해 수강생들이 진로 탐색을 할 수 있도록 도움을 준다. 학생들은 스포츠 현장 탐방을 통해 다양한 진로를 폭넓게 이해하고, 진로 탐구 과정을 통해 자신의 미래를 설계하고 준비할 수 있는 능력과 자질을 함양한다.",
PHE3119,건강체력평가,,전공심화,3,,스포츠코칭전공,"학생들은 신체 활동과 건강의 관계, 만성 질환에 대한 이해, 운동 참여 전 건강 평가 및 사전 운동 검사의 중요성을 배웁니다. 또한, 다양한 건강 관련 체력 요소에 대한 평가 방법과 측정 결과를 해석하는 능력을 기르며, 노인 및 일반인을 위한 체력 검사와 체력 향상 프로그램을 계획하고 운영하는 방법을 학습한다.",
PHE3124,스포츠기획문서작성론,,전공심화,3,,스포츠문화전공,스포츠행정가 및 스포츠비즈니스 현장에서 요구되는 기획(직무) 문서 작성에 대한 역량이 크게 요구되는 시점에서 학생들에게 올바른 글쓰기를 통해 공적 기획문서 작성 역량을 함양시키는데 학습 목적이 있다.,
PHE4000,구급법및안전관리,,전공핵심,1,,스포츠과학부,"응급상황 및 스포츠현장에서 응급 상황이 발생하였을 경우를 대비하여 의료진이 도착하기 전에 무엇을 어떻게 해야 하는지, 응급상황의 현장을 제일 먼저 목격했을 때 일차반응자로서 응급상태를 파악하고 어떻게 대처하는지에 대한 지식과 기술을 학습하도록 한다. 이를 위해 본 수업은 응급처치 방법, 안전사고 대응대책, 응급처치 실습을 핵심 내용으로 한다.",
PHE4006,테니스,,전공심화,3,,스포츠문화전공,"본 수업은 테니스 트레이닝을 통하여 지, 덕, 체가 겸비된 전인적 인간을 육성하고, 올바른 스포츠 문화를 계승하며, 훌륭한 민주시민을 육성하는데 있다. 또한 테니스를 통하여 자신이 선택한 활동에 자발적이며 창의적으로 참여함으로써 자신의 건강을 유지, 증진시키고 사회적, 도덕적 정신을 배양함과 동시에 풍요로운 학교생활과 사회생활을 영위할 수 있도록 하며, 나아가 평생 동안 스포츠 활동에 즐겨 참여할 수 있는 태도를 함양한다.",
PHE4026,특수체육,,전공심화,3,,스포츠코칭전공,"장애인, 노인, 유아 등을 대상으로 하는 특수체육의 발달과정, 관련법규, 각종 스포츠 등을 종합하여 특수체육 대상자의 사회참여에 관한 영역을 다루고 특수학교 및 일반 초·중·고교의 특수학급에서의 학교체육에 대하여 다룬다.",
PHE4031,스포츠경영학,,전공핵심,2,,스포츠코칭전공,"The primary purpose of this course is to prepare students to be successful leaders in
sport business industry. The course is designed to help students understand the
unique characteristics of sport business, the special operational management
challenges posed by those characteristics, and the ways to tackle those challenges
effectively by devising strategies anchored in sport business orientation. Specifically,
at the conclusion of this course students will be able to:",
PHE4079,스포츠마케팅,,전공심화,3,,스포츠문화전공,"스포츠 마케팅의 이론과 개념을 습득하고 이해하며, 또한 실무에 적용할 수 있는 사례들을 제공하고 있다. 스포츠산업은 전 세계 시장이 4,800억달러에 이르는 거대시장으로 지속적인 성장세를 보이고 있으며, 최근 AI를 비롯한 신기술은 스포츠 산업에도 혁신과 새로운 마케팅을 요구하고 있다. 스포츠 마케팅을 통해 기업과 소비자간의 교환을 창출하기 위한 마케팅 믹스를 관리하는 과정을 이해하여 스포츠 마케터로서의 능력과 자질을 함양한다.",
PHE4098,스포츠산업경영원론,,전공심화,4,,스포츠문화전공,"본 수업은 스포츠 산업, 시설, 이벤트 그리고 마케팅, 소비자 행동 등 스포츠 경영학의 주요 영역 들에 대한 전반적인 이해를 목적으로 한다
다양한 영역에 대한 기초적인 이해를 기초로, 실무적 관점에서 스포츠 경영학 이론의 활용 원리를 파악한다.",
PHE4104,에이전트,,전공심화,4,,스포츠문화전공,"스포츠 산업이 거대해지고 복잡해짐에 따라 스포츠 에이전트와 에이전시는 나날히 세분화되고 그 규모가 커지고 있다. 현재 미국에서 스포츠 에이전시 산업은 22위 정도로 이 수치는 석유, 목재, 항공운수업의 규모보다 큰 수치이다.
스포츠 스타들의 연봉이 천문학적으로 발달하고, 국내의 선수들도 점차 해외 진출 진로가 다양해짐에 따라 국내 스포츠 에이전트의 미래도 어둡지만은 않다.
따라서 이번 수업에서는 스포츠 에이전트의 정의, 배경, 현재 국내/외의 에이전트 산업의 현황을 알아보고 일선에서 종사하는 에이전트를 직접 만나 그들의 생각을 들어보며 앞으로 학생들이 에이전트 산업에 대하여 대처하고 준비해야 할 자세에 대해 탐구하고자 한다.",
PHE4105,스포츠카운셀링,,전공심화,4,,스포츠코칭전공,"스포츠 심리와 경기력과의 기본 개념의 이해
카운슬링 기법과 접근 방법의 이해
행동 분석의 기본 개념과 이해",
PHE4108,스포츠문화트렌드분석,,전공심화,4,,스포츠문화전공,"스포츠문화트렌드분석은 스포츠과학부 전공자로서 졸업 후 실무적응에 있어서 반드시 필요한 학문분야이다. 이 수업은 스포츠산업관련 이론적인 부분을 충분히 이해한 전공자가 현장적용 관점에서 실시되는 실용학문분야라고 할 수 있다. 그러므로 스포츠문화 트렌드를 분석하는데 있어서 다양한 관점의 시도를 해 볼 수 있다. 1. 글로벌 피트니스 트렌드분석
2. 유럽 축구시스템 및 스폰서십 트렌드 분석
3. 변화하는 운동문화와 인기 종목에 대한 트렌드 분석
4. 스포츠웨어러블 기기의 트렌드 분석
5. 스포츠웨어 시장은 트렌드 변화 분석
6. 젊은 세대에서 붐인 러닝문화 트렌드 분석 등
이러한 다양한 스포츠문화트렌드를 분석할 수 있고, 나아가 앞서 제시된 문화트렌드 이외에 각 팀별 구상하고 있고 관심이 있는 트렌드를 선정하여 한 학기 동안 분석한 내용과 발표자료에 대한 토론과 논의를 통해 제안할 수 있는 방향성을 모색하는 수업이다.",
PHE4110,운동기술분석,,전공심화,4,,스포츠코칭전공,"본 강의는 인간의 움직임을 정량적으로 표현하고, 그 가치를 평가하는 과학적 방법을 다룬다. 그 시작은 시간과 공간의 다양한 변인이 갖는 의미를 운동학적으로 이해하는 것이며, 다양한 동작을 객관적이고 타당하게 평가하기 위한 분석을 경험하는 것으로 마무리한다.",
PHE4111,운동부하검사,,전공심화,4,,스포츠코칭전공,"운동부하검사에 대한 개념과 원리를 이해하고, 현장에서 활용 가능한 기술 습득",
PHE5025,스포츠교육학,,전공핵심,2,,스포츠문화전공,"스포츠의 교육학적 기초와 문제를 다루는 스포츠 과학의 한 영역인 스포츠교육학은 학교에서뿐만 아니라 모든 공간에서 스포츠의 교육적 발생과 교육적 행위의 과학적인 연구, 서술 등을 포함한다. 스포츠교육학에서의 교육적 문제는 우선 신체운동에 의하여 도야하는 인간을 대상으로 하며, 그 연구는 인간의 신체적·정신적 발달을 고려하면서 교수학(敎授學)과 방법론에 목표가 주어진다. 본 강좌는 학생들이 체육교사 또는 스포츠지도자로서 배워야 할 이론 및 효율적인 수업 계획·실행을 위한 지도안 작성법에 관한 스포츠교육학적 지식을 제공한다.",
PHE5040,태권도,,전공심화,3,,스포츠코칭전공,"태권도에 대한 전반적인 지식 습득과 기본적 기술(스킬 등)들의 실기 역량 배양을 할 뿐만 아니라, 기본적인 지도(티칭)역량을 향상시키는 것에 목적이 있으며, 더 나아가 태권도 본연이 가지는 철학적 의미와 가치를 이해하고 심신단련으로서의 스포츠적 정신을 함양한다.",
PHY1008,드론의이해와응용,3,전공핵심,1,2,국방지능정보융합공학부,,
PHY2007,광학,,전공심화,3,,응용물리학과,"이 강의는 광학의 기본 원리와 현상을 탐구하는 과정입니다. 우리는 빛의 근본적인 특성과 그것이 우리 주변을 구성하고 있는 물질들과 어떻게 상호 작용하는지를 배울 것입니다. 이 강의는 빛의 기본이 되는 파동 이론부터 시작하여 굴절, 반사, 렌즈, 거울의 사용과 같은 기하 광학적인 내용과 이를 활용한 광학 기기의 원리 및 첨단 나노 광학에 이르기까지 광학의 다양한 측면을 다룰 것입니다.",
PHY2008,현대물리학,,전공핵심,2,,응용물리학과,"PHY208 현대 물리학
현대 물리학의 기본개념을 이해하고 이에 관한 전반적인 지식을 습득함으로써, 전공과목을 보다 효과적으로 숙달할 수 있는 능력을 갖추도록 하기 위하여 특수상대성 이론, 빛의 입자성과 입자의 파동성, 양자역학, 고체물리학 및 통계물리학 등에 관한 기본개념 등을 주로 다룬다.",
PHY2009,지구과학,,전공기초,2,,건축공학전공,"본 과목은 지구를 구성하는 광물과 암석의 특성과 이들의 상호 작용을 이해하며 지구의 핵, 맨틀, 지각의 물리적, 화학적 성질 및 판구조론에 의거한 해양과 대륙의 생성과 소멸, 이에 따른 퇴적작용, 조산운동, 화산활동, 변성작용 등의 제반 지질작용에 대한 이해에 중점을 둔다.",
PHY2043,역학,,전공핵심,2,,응용물리학과,"물리학과 4대 역학 중 첫번째인 고전역학입니다. 질량을 가진 물체의 움직임을 힘,운동량,에너지를 기반으로 이해합니다. 일반물리학, 미적분학을 이미 수강하셨고 역학과 함께 수리물리1을 병행해서 수강하셔야 학습이 순조롭습니다.",
PHY2046,응용물리회로이론,,전공핵심,2,,응용물리학과,"본 강좌는 실험물리를 수행함에 있어 기본적으로 필요한 기초 전기회로 이론, 직류 및 교류 회로, 회로분석 기초, 전기소자들의 특성에 관한 기초 이론 등을 강의한다.
This course introduces basic knowledge that is necessary for experimental physics fields. Basic electronic circuit theory, DC and AC circuit, diodes and transistors, input-output impedance and circuit analysis techniques are treated.",
PHY2061,물리공작실험,,전공기초,2,,응용물리학과,"응용물리학과의 문제해결능력과 분석력을 기르기 위한 하드웨어와 소프트웨어를 활용하는 실습을 진행한다.
- 목표로 하는 기능을 수행하는 기본 장치에 대해 이해하고 개발하여 본다.
- 최적화 과정을 거쳐 목표하는 작업을 수행하는 장치를 개발한다.",
PHY3005,전자기학1,,전공핵심,2,,지능형로봇학과,"전자기학은 자연계에 존재하는 전기 현상을 일반적으로 설명할 수 있는 가장 기본적인 이론이다. 전기/전자 회로 뿐만 아니라 전기 에너지와 전파 등 전기 공학에서 다루는 모든 영역을 전자기학을 통해 이해할 수 있다. 전계와 자계를 해석하기 위한 좌표계 이론과 벡터 계산을 학습한다. 정전계의 기본 기본 원리인 Coulomb의 법칙, Gauss법칙을 이해하며, 유전체 및 도체에서 정전계를 해석하는 방법을 학습한다. 정전계에서의 에너지와 전위 그리고 캐패시턴스를 학습한다.",
PHY3006,전자기학2,,전공핵심,3,,응용물리학과,"전자기학을 빼놓고는 물리학을 논할 수 없습니다. 본 강의에서는 물리학에서 가장 중요한 축 중에 하나인 전자기학의 기초적인 이론과 물리적 현상들에 대해서 배울 것 입니다. 우리는 전자기파의 근본적인 특성에 대해서 배울 것이며, 그것이 우리 주변을 구성하고 있는 물질들과 어떻게 상호 작용하는지 배울 것입니다. 이 강의는 전자기파의 기본이 되는 파동 이론부터 시작하여 전자기파의 굴절, 반사 회절 과 같은 기초적인 개념에서부터 전자기파를 응용한 첨단 전자기파 응용에 이르기까지 전자기학의 다양한 측면을 다룰 것입니다.",
PHY3007,수리물리학1,,전공핵심,2,,응용물리학과,"PHY3007 수리물리1은 자연의 여러 가지 물리적 현상들을 이해하기 위해서 필요한 다양한 수학적 방법을 제시하고 습득시키고자 한다. 그리고 실제 물리 현상에 적용하여 해결하는 능력도 기르도록 한다. 구체적인 강의내용은 Vector Analysis, Curved Coordinates, Tensors, Determinants and Matrices, Infinite Series, Functions of a Complex Variable, 등 이다.",
PHY3042,양자물리학,,전공핵심,3,,응용물리학과,"물리학과의 핵심과목입니다. 예습복습을 강하게 권합니다. 미분방정식, 선형대수학, 복소수에 관한 테크닉을 골고루 익히게 됩니다. 챕터 별로는, 1장에서 기본개념들을 익히고, 2장에서 대표적인 potential에 대해 Schroedinger 방정식을 풀어서 그 의미를 새깁니다. 이 potential 예들은 기본적인 함수이지만 동시에 실질적으로 중요한 potential이기도 하며 wave function들은 수리물리에서 다뤘던 유명한 함수들로 표현되어서 재밌습니다. 3장의 formalism을 통해 1,2장에서 배운 내용들이 더욱 체계를 갖추게 됩니다. 4장에서는 3차원 potential이 등장하여 angular momentum이 중요한 역할을 합니다. 수소 원자를 양자역학적으로 풀어보고 결과의 의미를 새깁니다.",
PHY3043,열및통계물리학,,전공핵심,3,,응용물리학과,"물리학, 화학, 생명물학 뿐 아니라 기계공학 등 공학 전반에서 기초가 되는 열역학을 배운다. 열과 일 사이의 관계를 알아보고, 열역학에서 가장 중요한 열역학 법칙들을 배운다. 이 과정에서 등장하는 중요한 열역학적 물리량들을 살펴본다. 수많은 입자들의 운동을 거시적으로 이해하고자 확률에 근거하여 계의 상태를 살펴보는 통계물리학으로 이어진다.",
PHY3048,고급양자물리학,,전공핵심,3,,응용물리학과,"양자역학의 심화 개념을 다루는 과목입니다. 양자역학의 다양한 주제를 심도 있게 탐구합니다. 주요 내용으로는 동일입자, 대칭성과 보존 법칙, 섭동 이론, 근사 이론, 산란 이론, 양자동역학 등입니다. 학생들은 양자역학의 수학적 도구와 물리적 해석을 통해 현대 물리학의 기본 개념을 이해하게 됩니다.",
PHY3058,정보소자물리실험,,전공핵심,3,,응용물리학과,"정보소자물리실험과목은 디스플레이 및 반도체 제작에 사용되는 공정인 포토리소그래피, 박막증착, 에칭의 실제 공정을 이론적으로 학습하고 실습하는 과목임. 과목내에서는 학습자가 실제 대표적인 반도체 소자인 박막트랜지스터를 처음부터 제작하여서 최종적으로 측정까지 실시하는 것으로 구성되었음.",
PHY3071,응집물질물리학1,,전공핵심,4,,응용물리학과,"응집물질물리학은 우리 주변에서 한 번쯤 생각해 보지만 대답하기 까다로운 질문들에 답을 할 수 있는 학문입니다. “뚝배기는 왜 이렇게 오랜 시간 따뜻한 것인가?” “금속에서는 왜 전기가 잘 흐르는 것인가?” “유리는 왜 투명할까?” 등의 질문에 대답할 수 있는 재미있는 학문입니다. 본 강의에서는 고체물리학의 기초적인 내용을 다룹니다. 강의 초반에는 고체물리학을 이해하기 위해 필요한 양자역학, 통계물리학 등의 배경 개념들을 간략하게 살펴보고자 합니다. 이를 바탕으로 매우 간단한 조화진동자 모델부터 현대 인류 사회의 산업의 쌀로 불리는 반도체, 초전도체, 자성물질 등과 같은 보다 심화된 고체문제까지 다루고자 합니다. 강의 마지막에는 이러한 독특한 고체들의 특성들을 활용한 응용분야까지 살펴볼 것입니다. 본 강의의 핵심 목표는 강의를 마친 후에 수강생들이 고체물리학과 관련된 용어들이나 개념들에 대해 익숙해지기를 바라는 것입니다. 더 나아가 고체물리와 관련된 논문들을 읽을 때 보다 수월하게 읽어 나갈 수 있기를 바라며 본 강의가 앞으로의 연구에 도움이 되기를 바랍니다.",
PHY3074,응용물리학연구실심화실습1,,전공심화,3,,응용물리학과,대학원 진학을 목표로 둔 학생들에게 연구의 기회를 제공함,
PHY4042,반도체물리및공정,,전공심화,3,,응용물리학과,본 강의에서는 21세기 산업의 쌀이라 불리는 반도체에 대한 물리적 배경 지식을 익히고 더 나아가 이를 얻기 위한 반도체 제작 공정 그리고 공정을 통해 만들어진 반도체 소자들에 대해서 배울 것 입니다.,
PHY4071,고급현대물리학1,,전공심화,4,,응용물리학과,"본 과목에서는 비교적 간단한 유체계의 물리적 성질을 공부한다. 이상 유체를 통해 유체계의 기본 성질을 이해한 뒤 점성을 지니는 경우, 중력 등 외력이 작용하는 경우 등 다양한 유체계를 다루어 본다. 유체 입자에 대해 뉴튼 방정식을 적용해 얻어지는 Navier-Stokes 방정식을 구하고 이를 여러 유체계에 적용해 해를 구하고 관찰 또는 실험 결과들과 비교한다. 이 과정에서 나오는 여러가지 차원 없는 계수들의 물리적 의미에 대해 알아 본다. 그 외에도 충격파, 불안정성, 난류 등 흥미로운 주제들도 다룬다.",
PHY4072,고급현대물리학2,,전공심화,4,,응용물리학과,"본 과목에서는 현대물리학에서 활발히 연구되고 있는 분야인 양자통계물리학, 플라즈마 물리학, 원자물리학이라는 세 가지 분야로 과목으로 구성된다. 본 과목에서는 Fermi-Dirac and Bose-Einstein Statistics, Sommerfeld Formula, Polylogarithm Function, Relativistic Gases, Fluctuation-Dissipation, Electrostatic Potential in a Plasma, Debye-Hückel Potential, Magnetohydrodynamics, Charged Particle Motion in Constant and Uniform Electromagnetic Fields, Charged Particle Motion in Nonuniform Magnetostatic Fields, Charged Particle Motion in Time-Varying Electromagnetic Fields, Self-Consistent-Field method, Hartree-Fock theory, Thomas-Fermi model, Bremsstrahlung Process 등을 다루고자 한다. 아울러 최근의 연구동향을 소개한다.",
PHY4077,상대론및우주론,,전공심화,4,,응용물리학과,"인간의 일상적 경험은 매우 제한적이어서 물체나 관찰자의 속도가 커지는 극한에서는 상식과 직관에 의거한 결론들은 신뢰하기 어렵게 된다. 속도가 작은 물체에 적용되는 뉴튼 역학은 속도가 커짐에 따라 아인슈타인의 특수상대성 이론으로 대체되어야 한다. 과목의 전반부에서는 시간, 거리, 상대운동에 대한 고찰을 시작으로 특수상대성 이론을 체계적으로 배우게 된다. 후반부에서는 일반상대성 이론을 간단히 소개하고 표준 우주론(빅뱅 우주론)의 여러 관점과 이슈들을 살펴보게 된다. 초기 우주로부터 현재에 이르는 우주의 역사를 개괄적으로 이해하는데 촛점을 둔다.",
PHY4078,응용물리학연구실심화실습3,,전공심화,4,,응용물리학과,응용물리학과의 연구실에서 수행하는 연구에 직접 참여하여 미래 연구자로서의 기본적 소양을 갖추고자 한다.,
PHY4079,응용물리학연구실심화실습4,,전공심화,4,,응용물리학과,응용물리학과의 연구실에서 심화실습을 통해 심화된 내용을 습득,
PME2001,기계제작공정,,전공핵심,3,,기계공학과,기계공학과 기본 과정을 이수한 3학년 학생을 대상으로 하는 수업임,
ROB1001,기초로봇공학개론,3,전공기초,1,1,로봇공학과,"산업용 로봇 및 지능 로봇에 대한 역사 및 소개, 기계 및  제어적 구조에 대한 소개 그리고 로봇설계 및 응용에 대하여 배운다. 주요 내용으로는 로봇 기구학 및 역기구학, 동적 해석 및 시뮬레이션, 관련 수학 및 프로그래밍 언어, 운동 및 힘 제어, 설계 및 응용 기술, CAD/CAE이용 로봇 설계 및 구조해석 등을 다룬다. 또한 생산 공정과 인간이 작업하기 힘든 극한작업, 최신 각광받고 있는 지능형 로봇 등에 대 사례들을 검토하여, 로봇에 대한 이해의 폭을 넓힌다.",
ROB1002,기초로봇공학실험,,전공기초,1,,지능형로봇학과,"IC-PBL 교과목 개설 목적: 기초 센서 및 모터를 처음 접한 초보자가 맞닥뜨리는 다양한 문제상황을 제시하고, 향후 로봇을 활용한 작업환경에서 발생할 수 있는 상황을 모사하여 이에 대한 해결방안을 모색해 봄으로써 센서를 활용하여 로봇시스템을 구축하고 문제를 접근/해결 하는 방법을 자연스럽게 터득하게 함 
필요성: 로봇시스템은 다양한 센서와 모터의 조합으로 이루어져 있으며, 작업환경에서는 제작된 로봇시스템을 활용할 수 있는 방향을 모색하고 로봇을 적용해야 한다. 따라서 로봇시스템을 구축하기 위한 기본적인 센서활용 개념과 작업환경에서의 문제를 찾고 로봇을 적용해보는 경험을 해볼 필요가 있다. 
수업진행 계획: 가상 자율 주행 운전 면허 시험 시나리오를 만들고, 각 시나리오에서 발생할 수 있는 문제점을 해결하는 로봇시스템을 구성하고 실행결과를 토의",
ROB2002,로봇공학입문설계,,전공핵심,2,,지능형로봇학과,"본 교과목에서는 로봇공학의 기본적인 사항을 소개하고 오픈소스 하드웨어 플랫폼(아두이노 등)을 이용하여 다양한 센서, 엑츄에이터을 비롯하여 로봇의 2가지 형태인 모바일 로봇과 매니퓰레이터를 구현하고 제어해 봄으로써 로봇공학에 대한 전반적인 이해를 돕고 팀 프로젝트를 진행함으로써 로봇공학인으로써의 창의력과 응용력을 키우고 문제점을 해결해 나갈 수 있는 능력 배양을 목표로 한다.
본 교과목은 로봇 구성 및 제어에 대한 이해와 현장적용 전 단계까지의 이론 및 기술적인 부분을 IC-PBL로 강의 및 실습을 통해 교육함으로써 로봇 공학에 대한 이해도를 높이고자 한다.
IC-PBL 실습은 3~4명 팀 단위로 진행한다.",
ROB3006,기계학습론,,전공심화,2,,로봇융합전공,"기계학습(Machine Learning)은 실제 데이터로부터 컴퓨팅 모델을 자동으로 생성하고 이를 기반으로 미래를 예측·분석하는 4차 산업혁명 핵심기술이다. 본 교과목에서는 이론 강의를 통해 기계학습의 기본 개념과 원리, 그리고 다양한 학습 모델과 알고리즘을 학습하며, IC-PBL 실습과정을 통해 적절한 기계학습 기법을 적용함으로써 산업현장의 다양한 문제를 해결하는 방법을 습득하는 것을 목표로 한다.",
ROB3008,로봇공학과연구실심화실습1,,전공심화,3,,로봇공학과,Biorobotics 연구실에서 실습을 수행한다.,
ROB3012,이동로봇,,전공핵심,3,,로봇공학과,"이동하면서 주위를 인식하고 판단하는 로봇을 이동로봇 (mobile robots)이라고 한다. 작은 의미에서는 주로 바퀴를 가지고 움직이는 로봇을 지칭하는데 통상적으로 사용된다.
본 수업에서는 이동로봇의 핵심 이론에 대해 공부한다. 이동 로봇의 핵심은 자신의 위치를 파악하는 것으로 주변의 사물과 환경을 센싱하여 판단한다. 이러한 판단에는 주로 확률론적 방법이 사용된다. 따라서, 확률론적 추론에 대해 학습하고 이와 함께 이동 로봇 구조, 이동 로봇의 제어, 이동 로봇용 센서 등 관련된 내용도 함께 학습한다.",
ROB4006,사이버물리시스템,,전공심화,3,,지능형로봇학과,"임베디드시스템(Embedded Systems), 그리고 이의 발전된 형태인 사이버물리시스템(Cyber-Physical Systems, CPS)은 다양한 센서를 통해 물리세계에서 발생하는 변화를 감지하고, 센서로부터 수집된 정보를 분석, 예측하여 물리 세계를 우리가 원하는 방향으로 변화시키는 기술이다. 본 교과목에서는 임베디드시스템 및 CPS의 기본 개념과 원리, 그리고 다양한 실시간 컴퓨팅 기법들을 학습하며, IC-PBL 실습과정을 통해 적절한 알고리즘을 적용함으로써 실생활의 다양한 문제를 해결하는 방법을 습득하는 것을 목표로 한다. 특히, 문제 상황 시나리오를 바탕으로 학습 및 실습을 수행함으로써, 동기부여 및 향후 4차 산업혁명에 적합한 현장실무능력을 제고할 수 있을 것이다.",
ROB4007,로봇비전시스템,,전공핵심,4,,지능형로봇학과,"Exchange students need approval to take this intensive course.
이 강의는 집중이수제 수업으로 8주로 압축되어 진행됩니다.
강의시간은 화 15:00~18:00, 수 15:00~18:00 입니다.
This course is a course on Robot vision systems for senior undergraduate students who are majoring in robotics, software, and artificial intelligence. Robot Vision aims to provide machines with (super) human-level vision ability. Three disciplines form much of the robot vision paradigm: EE(signal/image processing), CS(deep learning), and Robotics(sensing/application). Among these three, Robotics discipline seeks to robotic sensing and application on top of computer vision systems and signal processing theories. This course is designed to provide students with conceptual frameworks for organizing and developing their understandings in computer vision, image processing, robotic applications and relate them in a structured manner. By end of the semester, students are expected to understand how to formulate robotic vision problems, develop theories, and demonstrate them.
-This course is a senior-level course in the robotics department on deep learning, computer vision, and embedded vision systems.
-The goal of robotic and embedded vision systems is to extract useful information (recognition, distancing) from various sensors (camera, LiDAR, etc.)
-Systems engineering is about integrating HW/SW components to meet the system's goal in an efficient and effective manner.
-This course focuses on how HW/SW components of embedded vision systems are designed and integrated following systems engineering principles.",
ROB4009,로봇프로그래밍,,전공핵심,2,,산업인공지능전공,로봇 관련 프로그래밍 기초를 배우고 실습함,
ROB4010,로봇캡스톤디자인2,,전공심화,4,,로봇공학과,"본교과에서는 기계공학, 전기/전자공학, 컴퓨터공학등의 제반 핵심과목들을 이수한 학생들이 자체적으로 설계팀들을 구성하여 연관 전공분야를 응용하는 설계과제를 수행한다. 공학적 창의 작품을 만들어 실제 문제의 팀 협동해결방식으로 창의성과 산업기술성의 공학적 능력을 제고하도록 한다.",
ROB4012,로봇공학과연구실심화실습3,,전공심화,4,,로봇공학과,"본 교과목에서는 수강생들이 CPS 및 AI 연구실의 연구활동에 참여하고 연구실 교수진으로부터 개별 연구지도를 받는다. 이를 통해 AI협동로봇, AI/머신러닝 또는 CPS 기술을 기반으로 한 연구주제를 도출하고 창의적인 연구를 수행하는 과정을 학습한다.",
ROB4013,로봇공학과연구실심화실습4,,전공심화,4,,로봇공학과,"지도교수와 상의 후 수강하시기 바랍니다.
임베디드 소프트웨어 및 AI 연구실의 연구활동에 참여하여 개별 연구 프로젝트를 진행한다. 이를 통해 임베디드 소프
트웨어, AI/ Machine Learning 소프트웨어에 관련된 주제를 탐구하고 연구를 수행하는 과정을 학습한다",
ROB4014,로봇공학실험,,전공심화,4,,로봇공학과,로봇 제어를 위한 이론과 학습된 이론을 기반으로 실제 로봇 시스템 제어에 적용하기 위한 방법에 대해 학습함. - Matlab 기반 시뮬레이션 - 로봇 제어 실험,
ROB4015,로봇지능,,전공심화,4,,지능형로봇학과,"로봇공학과 학생들은 딥러닝(CSE4048)보다 로봇지능, 로봇비전을 우선적으로 수강권장. 선택적으로 자연어처리에 중점을 둔 딥러닝(CSE4048) 수업 수강 가능.
강의웹사이트: https://sites.google.com/hanyang.ac.kr/rob4015
로봇공학과를 위한 딥러닝, 인공지능 개론으로 세부분야인 머신러닝, 딥러닝, 강화학습의 이론과 실습을 배운다.
Pacman 게임을 플레이하는 Reinforcement Learning Agent를 학습한다. F1/10를 자율주행하는 Agent를 학습한
다.",
SAC1001,건축일반구조,,전공핵심,1,,지속가능건축융합전공,"건축의 3요소인 구조, 기능, 미를 합리적으로 구조적으로 완성시키는 능력을 배양하는 것을 목적으로 한다. 건축구조, 공법, 구법기술에 대한 강의를 통해 수강생은 건축물의 안정성, 거주성, 내구성, 경제성을 충족시킬 수 있는 건축구조물을 계획 및 완성시킬 수 있다.",
SAC2001,건축물열화및내구성,,전공심화,2,,지속가능건축융합전공,콘크리트 구조물의 노출 환경 및 요소에 따른 열화 메커니즘을 이해하고 발생하는 내구성 저하현상에 대하여 소개한다.,
SAC2002,콘크리트사양과산업표준,,전공심화,2,,지속가능건축융합전공,"콘크리트 관련 국내 기준 및 규격 (KS, 콘크리트 표준시방서, 콘크리트구조 설계기준, 건설공사품질관리업무지침)의 구조와 레미콘 관련 항목들을 소개한다.",
SAC2003,구조물진단실무,,전공심화,2,,지능형로봇학과,"시설물의 안전관리 및 유지관리에 대한 포괄적인 개념을 이해하고, 철근콘크리트 구조물의 안진진단 기술사항과 보수보강방법에 대한 포괄적인 이해와 습득을 통해 향후 실무수행시 도움을 주고자 한다.",
SAC2004,저에너지건축계획,,전공심화,2,,지속가능건축융합전공,"본 강의는 지속가능하고 에너지효율적인 저에너지 건축계획의 기본 원리와 적용기술 및 설계기법에 대하여 강론한다. 건축물의 에너지 부하를 이해하고, 저에너지 건축기술을 패시브, 액티브, 신재생 분야로 구분하여 에너지절약 핵심적인 기술동향과 계획방법에 대하여 습득한다.
주요 저에너지 건축계획 법규와 실무적용 방안을 학습하므로써 실무수행능력을 강화한다. 또한, 강의에서 학습한 내용을 바탕을 실무에서 발생하는 문제점을 학생 스스로 해결하는 실습을 통하여. 지속가능 건축융합전공 학생들이 익혀야 할 건축물의 에너지효율화와 환경적 영향이 최소화되는 저에너지 건축계획에 대하여 학습하게 된다.",
SAC2006,골재의특성및시험,,전공심화,2,,지속가능건축융합전공,"콘크리트용 골재의 종류별 품질특성을 소개하고 콘크리트에서 골재의 중요성을 소개한다.
또한, 골재의 품질특성에 따른 물리적 화학적 성질 및 품질 시험방법을 팀별로 실험실습을 수행함으로써 콘크리트용 골재에 대한 기본적 기술을 함양하고자 한다.",
SAC3001,특수콘크리트및신소재,,전공심화,3,,지속가능건축융합전공,"본 강의에서는 특별한 구조물(대형구조물, 장수명 구조물 등) 또는 환경에 적용 가능한 콘크리트에 대하여 강론한다. 이러한 특수콘크리트의 생산방법, 시공법 및 특성에 대하여 강의한다.",
SAC3002,시멘트콘크리트화학,,전공심화,3,,지속가능건축융합전공,건설재료의 핵심인 레미콘의 기본 재료가 되는 시멘트의 이해 및 수화반응의 거동을 이해하고 시멘트를 사용하야 제조한 콘크리트의 화학적 거동에 대한 이론적 수업 실시,
SAC3003,건축물LCA실무프로젝트,,전공심화,3,,지속가능건축융합전공,탄소중립 목표를 달성하기 위하여 건축분야에서도 탄소배출량을 정량적으로 평가하고 감축하려는 노력을 하고 있다. 본 수업은 지속가능건축융합전공 학생들이 갖추어야 하는 건축물 전과정에서의 탄소배출량 평가방법론을 강론함으로써 평가 및 감축기술을 습득하는 것에 목적이 있다.,
SAC3007,지속가능건축통합설계,,전공심화,3,,지속가능건축융합전공,"본 강의에서는 지속가능 건축제도는 국내외 친환경 건축물 인증제도 및 지속가능한 건축공사 시방서를 포함하며, 지속가능 건축기술은 건축생산 활동 중 지속가능 건축실현을 위한 다양한 환경부하 저감 기술을 소개한다. 또한 지속가능한 건축물 평가/관리에서는 건설단계, 유지관리단계, 해체/폐기단계를 대상으로 강론한다.",
SAI1001,건축공학개론,,전공핵심,1,,지속가능건축융합전공,본 교과목에서는 건축분야에서 지속가능건축융합전공자로서 알아야하는 기본 지식을 강론함,
SAI1003,건축도면의이해,,전공핵심,1,,건축IT융합전공,건축도면에 대한 체계적인 이해를 통해 건축설계에 대한 기초 능력을 학습 AUTOCAD 프로그램 활용법을 습득하고 이를 활용하여 실무에서 필요한 능력을 학습,
SAI1011,BIM실무(분석/활용),,전공심화,3,,건축IT융합전공,"건축의 계획부터 시공까지의 건설사업 전 과정에 BIM적용 프로세스에 관한 내용으로 구성
BIM Tool중 Revit, Navisworks를 이용하여 프로젝트를 진행하면서 BIM실무(분석/활용)을 이해",
SAI1014,건축계획및이론,,전공핵심,1,,건축IT융합전공,"건축을 계획하는데 필요한 가장 기본적인 기능, 구축, 공간, 형태, 도시에 대하여 강의하고 이를 작은 프로젝트를 통하여 연습해 봅니다.",
SAI1018,건축디지털디자인기초,,전공핵심,1,,건축IT융합전공,"건축설계분야에서 컴퓨터를 활용한 디자인 기술이 필요한 이유를 이해하고 학습
SKETCH UP 프로그램을 학습하고, 이를 능숙하게 활용하는 기본능력을 배양",
SAI2008,건축적산및견적,,전공심화,2,,건축IT융합전공,"건설프로젝트를 통한 경제활동에 필요한 여러 사항들을 실무에 적용하여 이를 효과적으로 관리하기 위하여 건설관리의 중요한 기능 중의 하나인 원가관리 체계를 학습함
또한 본 과목은 건축학부 BIM (건설정보관리) 특성화 과목으로 특성화 교육을 위해 수업 시간에 건설 프로젝트 관리를 위한 BIM도구 실습 및 BIM기반 견적 특강 등을 실시할 예정임",
SAI2011,BIM설계3,,전공심화,2,,건축IT융합전공,건축의 계획부터 시공까지의 건설사업 전 과정에 BIM적용 프로세스에 관한 내용으로 구성BIM Tool중 Revit과 Rhino의 Grasshpooer기능을 활용하여 Facade의 디자인을 병행하여 BIM설계를 진행,
SAI3006,VR과3D프린팅,,전공심화,3,,건축IT융합전공,"본 교과목은 디지털 디자인의 심화 능력을 향상하기 위해 4차 산업혁명의 핵심 기술인 VR, 3D프린팅 기술에 대한 이론 및 실무개발 실습 경험을 전달한다.
해당 기술에 대한 기초 이론과 사례, 관련 SW를 이용한 실습을 통해 건설/설계 협업에 활용할 수 있는 기술 습득을 수행한다.",
SAI3008,디지털제조와건축,,전공심화,3,,건축IT융합전공,"건축산업 역시 4차 산업의 흐름속에서 급변하고 있는데 현대건축흐름인 다양하고 복잡한 형상의 디자인을 디지털 툴을 활용하여 설계, 제조, 시공과정하는 전반적인 과정을 이해 하기 위한 수업이다. 복잡한 건축 형상구현 방법을 공부함으로써 디지털 제조기술을 어떻게 활용해야 하는지 이해할 수 있게 된다.",
SCS3001,고급데이터베이스,,전공심화,3,,컴퓨터학부,"고급데이터베이스 과목에서는 데이터베이스 시스템의 설계와 구현에 대해 배운다. 본 과목에서는 데이터베이스 시스템의 장애 혀용성, 일관성, 확장성, 병행 제어, 데이터 모델, 스토리지 모델, 스토리지 아키텍처, 인덱싱, 트랜잭션 처리, 고장 회복, 질의 처리, 병렬 아키텍처 등의 주제에 대해 다룬다. 이 과목을 통하여, 다양한 데이터 기반 시스템의 주요 요소 기술인 데이터베이스 시스템에 대한 이론적 지식과 실무적인 기술을 갖춘다.",
SCS4001,데이터사이언스,,전공심화,4,,컴퓨터학부,"데이터사이언스 교과목은 빅데이터 및 데이터사이언스에 대한 기본적인 이론과 다양한 실제를 다룬다. 빅데이터의 다양한 속성과 특징, 그리고 효과적으로 분석하는 방법 등을 살펴본다. 이 과목을 통해서 학생들은 빅데이터들이 어떻게 생성되고 어떤 특징을 갖고 있는지뿐만 아니라 분석시 어떤 점에 유의해야 하는지를 배울 것이다. 또한, 빅데이터를 분석하는데 반드시 필요한 확률과 통계와 같은 수학 이론을 살펴본다. 더 나아가 학생들로 하여금 빅데이터를 직접 수집, 처리, 분석, 및 시각화할 수 있는 능력을 배양하기 위하여 충분한 양의 파이썬 프로그래밍 스킬을 배운다.",
SCS4002,가상및증강현실프로그래밍,,전공심화,4,,지능형로봇학과,"본 과목에서는 가상현실 및 가상환경 구현을 위한 이론과 프로그래밍 기법을 학습하고, 팀 프로젝트를 통해 이를 체득하도록 한다. 이를 위하여 세부적으로는 3D 그래픽스, 공간 음향, 햅틱 인터랙션, 센서의 활용에 대하여 다룬다. 팀 프로젝트에서는 IC-PBL, 즉 현실 세계의 문제 해결을 위한 주제 선정 및 해결 과정에 본 과목에서 배운 내용을 활용하도록 한다.
-중요사항-
1. 프로그래밍 관련 사전 지식 필수. 최소 1) 컴퓨터그래픽스 또는 게임프로그래밍언어(ICT의 경우) 수강, 또는 2) Unity/Unreal 개발 경험 필요.
2. 개강 첫 수업부터 동시에 프로젝트 팀 구성 시작 예정. 수강정정은 개강 전 신청한 사전 승인 인원만 인정. 정정 요청 메일을 반드시 보내야 함.
3. 2주차에 팀 구성 완료 예정으로 첫 주(OT) 출석 필수. 첫 주 무단 결석인원(정정인원 포함)이 팀 구성을 못 할 경우 Free rider로 간주, F 부여.",
SET4001,소프트웨어융합캡스톤디자인2,,전공핵심,3,,신산업소프트웨어전공,"본 교과목은 지도교수와의 정기적인미팅으로설계방법을 익히면서 작품을 구현하는것을 주 내용으로 합니다.
추가로 최근관련 기술동향을 파악하기 위하여 세미나 참석이 요구될 수있으며, 참석여부는 최종성적에 반영됩니다.",
SHR4041,인간중심로봇융합프로젝트,,전공심화,3,,지능형로봇학과,"인간과 로봇의 상호작용을 중심으로 한 융합 프로젝트를 기획, 개발 및 관리하는데 필요한 기술, 디자인, 경영 관련 지식을 제공하는 교과입니다. 본 교과를 통해 학생들은 다양한 학문 분야에서의 전문성을 향상시키고 현장에서의 문제해결 능력을 강화할 수 있다. 공학, 디자인, 경영 분야의 학문을 융합하여 인간과 로봇이 함께 작동하고 협업하는 프로젝트를 계획, 개발하고 관리하는데 필요한 기술, 디자인, 경영 관련 지식을 학습할 수 있다.",
SHR4042,이노베이티브로봇상품기획,,전공심화,3,,지능형로봇학과,"Open Innovation 기반 상품기획 방법론 및 프로세스 교육
혁신 디자인 관점에서의 참조 제품군(웨어러블 장비) 사례 탐구
공학과 산업디자인 협업에 의한 혁신 디자인 개발 프로젝트 수행",
SIC1001,프로그래밍기초실습,,전공핵심,1,,스마트ICT융합전공,"C언어와 이를 이용한 프로그래밍에 대하여 학습하는 것을 목표로 하며, 이를 위해 C 언어의 기본적인 원리와 문법, C 표준 라이브러리 사용법을 학습한다. 구체적으로, 본 교과목에서는 변수의 선언과 정의, 함수 구현 및 호출, 포인터와 구조체, 순환문, 조건문 등을 학습하며, C 라이브러리를 이용한 파일 입출력, 문자열 관리, 동적 메모리 할당 등을 함께 학습한다.",
SIC1002,프로그래밍설계방법론,,전공핵심,1,,스마트ICT융합전공,시스템 개발의 전 과정과 시스템을 개발하는데 필요한 분석/설계 방법론을 다룬다.,
SIC1004,디지털미디어아트의이해,,전공핵심,1,,스마트ICT융합전공,"새로운 디지털 환경이 제공할 수 있는 웹 아트, 인터넷 아트, 멀티미디어 아트, 상호 작용적 설치작품, 디지털 영화 등의 문화적 배경을 학습하고, 디지털 기술과 예술이 어떤 새로운 형태의 사회 변화를 가져올 수 있는지 학습하고 구체적 실현 작업을 해 보는 것을 목적으로 한다.",
SIC1008,빅데이터활용사례를통한이해,,전공핵심,1,,스마트ICT융합전공,"우리사회 경제활동이 데이터 경제 시대로 페러다임이 빠르게 변화하고 있고, 신산업은 빅데이터 기반의 산업으로 자리를 매김 하고 있다. 이러한 데이터 경제 시대를 이끌어 갈 인재를 양성하여 데이터 기반의 신산업을 창출 하고 4차산업시대를 리드할 수 있게 빅데이터 활용 및 데이터 융합 능력을 배양한다.
- 4차산업시대을 이끌어갈 기본 소양
- 데이터 수집/분석/시각화 등의 빅데이터 관련 산업에서 활용할 수 있는 능력 배양",
SIC2001,자료구조,,전공심화,2,,스마트ICT융합전공,"자료구조란 무엇이며, 알고리즘과의 관계에 대해 학습하고 리스트, 스택, 큐, 우선순위 큐(힙), 정렬, 색인과 이진검색트리, 균형검색트리, 해시테이블에 대한 구조와 원리를 이해하고 자바로 구현한다.",
SIC2003,C#게임프로그래밍,,전공심화,2,,스마트ICT융합전공,"이 수업은 Unity 게임 엔진 환경하에서 C # 프로그래밍 언어를 가르칩니다. Unity를 사용하여 2D 게임을 개발함으로써 학생들은 변수, 메서드, 컬렉션, 논리, 루프 및 패턴을 포함한 C # 언어의 기본 사항과 객체 지향 프로그래밍의 핵심 개념을 학습합니다.",
SIC2004,스마트ICT융합캡스톤2,,전공심화,3,,스마트ICT융합전공,"현장학습 수업으로 소식기업에서 수행가능한 프로젝트를 발굴하고 수행하는 교과목이다. 이를 통해 다양한 문제의 해결을 위한 PJT이며, 전공주제와 관련이 있는 내용으로 한다. 학부 과정을 통해 습득한 과학적 수학적 공학적 지식과 기술을 바탕으로 문제를 분석하고 해석하여 해법을 도출한다.",
SIC2006,스마트ICT융합캡스톤1,,전공심화,2,,스마트ICT융합전공,본 과목은 4차 산업혁명 시대에 걸맞는 문제해결 역량을 갖춘 인재를 육성하기 교육과정으로 수강생들이 주도적으로 실생활과 연관된 문제를 해결하는 학습활동을 통해 미래사회 인재가 갖추어야 할 핵심역량을 개발할 수 있도록 한다.,
SIC2007,논리회로설계,,전공심화,2,,스마트ICT융합전공,"수의 체계, 디지털 코드에서 시작해 논리 게이트, 불 대수 및 논리식을 간소화하는 방법을 알아본 후 다양한 조합논리회로를 학습한다. 또한 플립플롭의 이해를 통해 동기 순서논리회로를 설계하는 방법을 익히고, 이의 응용인 카운터 및 레지스터의 설계 방법 등을 알아보고, 마지막으로 메모리와 프로그래머블 논리 장치(PLD)를 학습한다.",
SIC2008,백엔드프레임워크프로그래밍,,전공심화,2,,스마트ICT융합전공,본 교과목은 Web Framework의 아키텍처를 이해하고 Java 기반의 Spring framework의 개발환경을 구성한다. Spring framework의 기본 기능과 핵심 원리 및 객체지향 설계 기법을 학습하고 Ibatis를 연동하여 MVC패턴의 웹기반 백엔드 서버를 개발할 수 있는 능력을 배양한다.,
SIC3001,정보보안론,,전공심화,3,,스마트ICT융합전공,"우리 삶의 거의 모든 분야에서 변화를 가져다준 인터넷(Internet)은 우리가 알고 있는 다양한 순기능 가지고 있지만 반대로 이에 못지않게 우리에게 엄청난 피해를 줄 수 있는 여러 가지 역기능을 가지고 있다. 각종 악성코드, 악의적인 해킹, 도청, DDoS 공격, 개인정보 침해사고 등이 날이 갈수록 새롭게 생겨나고 있으며, 그 유형 또한 점점 더 다양하게 나타나고 있다. 따라서 이러한 역기능으로 인한 피해를 줄이기 위한 대응책으로서 다양한 정보 보호(security 또는 보안) 기술들이 개발되어 사용되고 있다. 본 과목은 다양한 발전하는 해킹, 보안 등의 기본 개념과 해킹 대비책 등을 익히는 것이다.",
SIC3002,가상현실게임프로그래밍,,전공심화,3,,스마트ICT융합전공,"이 수업은 영어강좌입니다.수업은 이론에 대한 강의와 더불어 학생들이 최신 논문을 읽고 발표 및 보고서를 제출하는 내용으로 구성됩니다. 관련 연구 영어 논문을 스스로 찾아서 읽고 내용을 요약 정리한 보고서를 학기말에 제출해야 하며, 다른 학생들에게 발표하는 학기 과제를 수행해야 합니다.
가상현실게임프로그래밍 과목은 가상현실 시스템 상에서의 사용자 인터페이스와 사용자 경험에 대해 배우는 과목입니다. 가상 현실 시스템 상의 다양한 하드웨어 장비와 소프트웨어 툴 등을 다루며, 가상 현실상에서의 다양한 사용자 인터랙션에 관련된 인간공학적 및 심리학적 측면을 공부합니다. 가상현실상에서의 유저인터페이스를 평가하는 방법에 대해서도 익히게 됩니다. 가상현실상의 상호작용을 지원하기 위한 적절한 입력과 출력 디바이스에 대해 배움으로써, 공통적인 가상현실 상호작용 기술과 실생활에 적용되고 있는 가상현실 인터페이스에 대해 익히게 됩니다.",
SIC3003,운영체제,,전공심화,3,,스마트ICT융합전공,"운영체제(Operating Systems: OS)는 컴퓨터 하드웨어를 관리하면서 프로그램 실행을 제어하는
시스템 소프트웨어로서 컴퓨터의 두뇌에 해당한다. 컴퓨터 시스템 및 전자 장치를 개발하거나 운영하기
위해서는 컴퓨터 동작원리, 프로그램 실행 원리를 이해해야 하는데, 운영체제를 통해 이들을 학습한다.",
SIC3007,컴퓨터네트워크및응용,,전공심화,3,,스마트ICT융합전공,"본교과목은 네트워크 기술과 네트워크 서비스를 배운다.
5G 네트워크 기술 선점을 위한 치열한 경쟁을 대비하기 위해 필요한 데이터통신과 네트워크 기본 이론부터 향후 제공될 차세대 네트워크 기술까지 모든 핵심적인 내용을 학습한다.",
SIC3010,사물인터넷,,전공심화,3,,스마트ICT융합전공,"본 교과목은 4차 산업혁명의 핵심 기술인 사물인터넷의 개념과 주요기술을 학습한다.
활용사례를 이해하고 사물인터넷의 서비스 및 기술 분야, 어플리케이션 분야를 학습하여 활용 능력을 배양한다.",
SMC1001,현대물리,,전공핵심,1,,소재·부품융합전공,"현대 산업사회에서 금속, 세라믹, 폴리머의 제조, 특성 평가 등의 과제를 수행하기 위해서는 반드시 원자구조 및 결합에 대한 이해가 요구된다.
원자내에서의 물리, 화학적 반응에 대한 기술은 양자역학적 지식을 요구한다. 따라서 본 수업에서는 재료와 화학 공학도에게 반드시 필요한 기본적인 양자역학적 개념을 학생들에게 정립하고자 하는 것을 목표로 한다.
교과 내용 구성은 크게 상대성 이론, 원자의 구조, 기본적인 양자역학, 파동의 성질, 결정의 성질 및 결합의 특성 등으로 구성되어 있다.",
SMC1003,공학기초인문학,,전공핵심,1,,소재·부품융합전공,"AI가 주도하는 4차산업혁명은 과학기술분야의 인류의 축적된 지식과 창의력이 총동원된 새로운 패러다임 전환을 요구하고 있다. 인간의 존재의미와 삶의 궤적에 대한 깊은 심층적 이해를 추구하는 인문학 공부가 어느 때보다 중요하고 큰 의미를 갖게 되었다. 특히 SNS와 빅데이터로 글로벌이 하나의 세계로 묶여져 있는 오늘, 문화상대주의와 다문화공존의 원칙으로 다양한 지구촌 문화와 역사를 살펴봄으로써 학생들에게 인류의 미래를 예측하는 혜안과 오늘을 역동적으로 설계하는 단단한 기초소양을 제공해주고자 하는 강의다
The fourth industrial revolution, led by AI, calls for a new paradigm shift, which involves all the accumulated knowledge and creativity of mankind in the science and technology sector. The study of humanities, which seeks a deep in-depth understanding of the meaning of human existence and the holoistic human life, has become more important and significant than ever. Especially today, when the global community is bound up by social networking sites and big data, this lecture aims to give students a strong basic skills to predict the future of mankind by looking at various global cultures and history through the principles of cultural relativism and multicultural coexistence.",
SMC1004,융합전기화학개론,,전공핵심,1,,소재·부품융합전공,본 과목은 재료분야를 공부하는 학부생들을 위한 기초적인 전기화학 수업으로서 전기화학적 반응의 기반이 되는 열역학적 배경을 이해하고 이를 기반으로 재료관련 공학 내용과 연계된 전기화학 반응에 대해 학습한다.,
SMC1005,코딩으로배우는공학수학,,전공핵심,1,,소재·부품융합전공,"IC-PBL 수업으로 진행됨.
코딩을 통해 공학수학의 기초인 미분-적분을 이해하고 표현하는 과정을 통해 공학수학을 이해하기 위한 기초지식을 습득한다. 상미분방정식의 다양한 풀이 방법(선형 상미분 방정식, 거듭제곱급수, 라플라스 변환)에 대해서 배운다. 또한, 고체역학, 유체역학, 소재부품융합에서 다루는 다양한 공학적 문제를 수학적으로 표현하는 방법에 대해서 배우며 그 풀이과정에 대해 학습한다. 또한 이러한 공학적 문제들을 코딩으로 해결할 수 있는 능력을 학습한다.",
SMC1006,공학프로그래밍기초,,전공핵심,1,,소재·부품융합전공,"이 과목에서는 프로그램을 구성하는 가장 기본적인 단위인 제어구조를 설계하고 작성하는 방법을 Python 언어를 사용하여 배운다. 산술연산, 변수의 개념, 입출력, 함수만들기에서 시작하여, 조건 제어구조를 공부하고, 반복 제어구조인 루프와 재귀함수를 작성하는 방법을 공부한다.",
SMC1007,AI공학문제해결,,전공핵심,1,,소재·부품융합전공,"공학수학의 기초인 미분-적분을 이해하고 우리 주변에서 만날 수 있는 다양한 공학적 문제를 과학적, 수학적 지식과 함께 첨단 기술을 활용하여 풀면서 기본적인 공학적 지식을 습득한다. 학생들은 산업체에서 생기는 여러 문제 중 한 가지를 인공지능 등 다양한 첨단기술과 미적분 등의 수학적 지식을 함께 이용하여 해결책을 찾아 제시하게 된다.",
SMC2004,박막공정,,전공심화,2,,소재·부품융합전공,"박막공정은 소재를 가공하는 기술의 하나로써, 전자, 기계, 광학등의 다양한 산업분야에 널리 이용되고 있다. 이 과목에서는 반도체산업, 디스플레이산업에 필수적인 박막증착 공정에 대해 다룬다. 진공 및 플라즈마등 박막증착에 필요한 기본 지식을 다루고 다양한 표면현상 및 박막형성 방법의 원리를 다룬다.",
SMC2007,창의융합프로젝트1,,전공심화,2,,로봇융합전공,본 수업에서는 파이썬 언어를 통해 다양한 기술에 대한 기초 지식을 배우고 이를 응용한 실습을 통해 기초를 쌓은 후 이를 배경으로 하여 팀 프로젝트를 수행하는 교과목임.,
SMC2008,소재융합실험계획법,,전공심화,2,,소재·부품융합전공,"4차산업에서 엔지니어가 갖춰야할 기본소양은 빅데이터를 가공하고 해석하는 능력이다. 특히 높은 연구개발로 인하여 제한된 자원으로 최고의 제품을 만들기 위해서는 경제적인 실험 계획 및 수행이 필요하며 획득한 정보를 분석툴을 이용하여 명확한 분석 및 예측할 수 있는 능력을 함양해야 한다.
소재·부품 제조공정에서 품질을 유지하기 위해 공정 모니터링이 필요하며 여기에서 발생하는 다양한 정보를 해석하고 위기관리를 할 수 있는 능력이 요구되고 있있다. 소재융합실험계획법은 이러한 기업의 요구에 필요한 기초지식을 제공할 뿐만 아니라 경제적인 연구개발을 수행할 수 있는 실용지식을 제공한다.
수업 진행은 수강생 3-4인 구성된 팀으로 나누고, 각 팀이 주어진 문제를 해결하는 것으로 문제 해결을 위해 이론수업을 문제 제시 전에 수행하고 데이터 분석은 SAS사의 JMP를 이용하여 데이터 분석의 이해도를 높이며 이를 통해 주어진 문제를 팀별로 풀고 발표를 통해 수행척도를 평가하게 된다. 평가는 상대 팀들이 공동으로 평가한다.
학습자의 역할이 많아지면서 스스로 문제를 해결할 수 있는 능력을 갖추게 되고, 사회에 나가서도 직접 문제를 해결할 수 있는 전문가 역할을 할 수 있게 된다.",
SMC2009,창의융합프로젝트2,,전공심화,2,,로봇융합전공,"프로젝트 진행 방법에 대한 중요성을 이해하며 체계적인 이해를 위해 프로젝트의 설계, 구현 및 발표에 이르기까지 이를 직접 수행해본다.",
SMC2010,전기도금특론,,전공심화,2,,소재·부품융합전공,"주요 산업에서 사용하는 전자부품의 대부분은 표면처리를 통해 성능, 신뢰성, 외관을 개량합니다. 이 중 가장 일반적인 표면처리가 금속코팅(도금)입니다. 또한 금속코팅 표면처리는 나노소재 공학의 기초가 됩니다. 본 과목은 수계(물) 또는 비수계(유기용매) 내에서 전기화학반응을 적용해 임의의 소재 표면에 금속을 코팅하는 기초적인 이론을 설명합니다. 정립된 이론을 학습하고 최근 많은 관심을 받는 소재인 전기차 배터리, 수소차 연료전지 및 수전해 수소생성 분야에서 전기도금이론이 적용되는 사례를 강의에 포함하고자 합니다.",
SMC2014,기업R&D캡스톤디자인,,전공심화,2,,소재·부품융합전공,기업의 연구주제를 수업에 녹여 내어 문제해결의 기본을 익히는 수업임.,
SMC3007,기업R&D프로젝트1,,전공심화,3,,지속가능건축융합전공,"본 교과목은 건설산업분야에서 발생하는 다양한 문제들을 발굴, 이해, 정의, 분석, 해결과정을 통하여 해당 문제를 해결하는 연구실 수입이다.",
SMC3014,스마트융합캡스톤디자인2,,전공심화,3,,소재·부품융합전공,"현장학습 (OJT, On-the-job-training) 수업으로 소식기업에서 수행가능한 프로젝트를 발굴하고 수행하는 교과목이다. 이를 통해 소재 융합 분야 학문의 다양한 문제의 해결을 위한 project 이며, 전공주제와 관련이 있는 내용으로 한다. 학부과정을 통해 습득한 과학적 수학적 공학적 지식과 기술을 바탕으로 문제를 분석하고 해석하여 해법을 도출한다.
소속기업의 현장교수와 지도교수와 최종목표 및 중간 수행단계를 설정한 후 개별적 미팅을 통해 수업을 진행한다. 지도교수는 문제점에 대한 진행, 파악 및 해결 등의 전 과정을 파악, 점검하며, 보고서 작성과 결과발표 등을 지도함으로써 학생들의 창의력 및 설계능력 배양, 문제 해결능력 향상 및 발표력과 문서 표현력, 협동력을 배양시킨다.",
SMC3019,반도체계측검사기술및실험,,전공심화,3,,소재·부품융합전공,"반도체 9대 공정 중 하나인 계측 및 검사 (Metrology and Inspection, MI) 기술에 대한 지식을 학습하기 위해 전공 이론과 실습을 진행한다. 반도체 계측과 검사 기술은 광학과 전자빔 이론을 기본 바탕으로 개발되고 있다. 특히 반도체 생산공정에서 눈이라고 할 수 있는 기술은 생산공정의 품질과 수율 향상에 핵심적인 역할을 하고 있고 반도체 공정을 전공하고자 하는 전공자는 필수적으로 갖춰야 하는 전공지식이다.",
SOC1053,정보사회학입문,,전공기초,1,,정보사회미디어학과,"이 과정은 학생들에게 전 세계 현대 사회가 직면한 문제들을 소개한다. 이 강좌는 고전적이고 현대적인 사회학 이론의 개요로 시작한다. 이 과정의 두 번째 부분은 사회가 어떻게 조직되는지에 대한 연구에 초점을 맞추고 있으며, 인종과 성별의 역할과 같은 주제를 포함한다. 이 과정의 세 번째 부분은 세계화, 혁명, 사회 운동과 같은 사회 변화의 다양한 세계적 측면에 초점을 맞추고 있다. 이 과정을 통해, 우리는 또한 한국을 다른 나라들과 비교할 것이다.",
SOC4039,집단지성,,전공심화,4,,정보사회미디어학과,"이 과정은 위키피디아를 사용하여 학생들이 인터넷 상의 집단지성을 사회학적 관점에서 이해하도록 가르친다. 학생들은 일반적으로 위키, 특히 위키피디아가 무엇인지에 대한 실무적인 이해를 얻을 것이다. 이러한 이해는 오늘날의 공유 경제 세계에서 매우 유용하다: 몇 년 전, 테크노크라티의 수석 기술자는 곧 ""위키에 대한 지식은 필수적인 직업 기술이 될 것""이라고 말했다.
2001년에 설립된 위키피디아는 세계에서 가장 인기 있는 웹사이트 5위 안에 든다. 대부분의 다른 웹사이트들과는 달리, 위키피디아는 비영리적이며, 수십만 명의 자원봉사자들에 의해 운영된다. 비록 어떤 국가나 기업의 지원을 받지는 않지만, 거의 모든 것에 대한 정보를 제공하는 최고의 사이트가 되었다.",
SRC1001,로봇융합공학개론,,전공핵심,1,,로봇융합전공,"로봇공학은 기계, 전자, 컴퓨터 등 다양한 분야의 융합 학문이다. 본 수업에서는 로봇공학에서 반드시 이해하고 있어야 하는 기본적인 개념들을 다룸으로써 로봇 공학자로써의 기본소양을 습득하도록 한다. 이를 위해 수강생들은 로봇 요소 기술 학습과 발표를 통해 기본 개념들을 익힐수 있도록 한다.",
SRC1002,융합프로그래밍실습1,,전공핵심,1,,로봇융합전공,로봇 관련 분야에서 다양한 실무 관련 문제해결에 대한 도움을 줄 수 있는 프로그래밍에 대한 내용을 파이썬을 이용하여 학습한다.,
SRC1004,로봇융합공학실습,,전공핵심,1,,지능형로봇학과,"본 교과목에서는 로봇공학의 기본적인 사항을 소개하고 오픈소스 하드웨어 플랫폼(아두이노 등)을 이용하여 다양한 센서, 엑츄에이터을 비롯하여 로봇의 2가지 형태인 모바일 로봇과 매니퓰레이터를 구현하고 제어해 봄으로써 로봇공학에 대한 전반적인 이해를 돕고 팀 프로젝트를 진행함으로써 로봇공학인으로써의 창의력과 응용력을 키우고 문제점을 해결해 나갈 수 있는 능력 배양을 목표로 한다.
본 교과목은 로봇 구성 및 제어에 대한 이해와 현장적용 전 단계까지의 이론 및 기술적인 부분을 IC-PBL로 강의 및 실습을 통해 교육함으로써 로봇 공학에 대한 이해도를 높이고자 한다.
- IC-PBL 실습은 3~4명 팀 단위로 진행한다.",
SRC1005,융합프로그래밍실습2,,전공핵심,1,,로봇융합전공,"융합프로그래밍실습2(Interdisciplinary Programming Laboratory2)는 C/C++, 파이썬(Python)등 소프트웨어 개발에 필요한 프로그래밍언어에 대한 기초와 응용을 서광원, 윤종완 2교수가 옴니버스 형식으로 진행 한다.
본 교과목에서는 전반부엔 이론과 실습 강의를 통해 소프트웨어 프로그래밍의 기본 개념과 프로그램 제작에 대한 방법을 학습하며, 후반부엔 IC-PBL을 위한 이론, 실습과정을 통해 실제적인 문제해결 능력을 배양하는 것을 목표로 한다.",
SRC1006,디지털논리회로실습,,전공핵심,1,,지능형로봇학과,"최근들어 디지털 전자공학은 매우 중요한 요소가 되고 있는 것은 매우 일반적이다. 따라서 이 강의에서는 응용 디지털회로를 설계 및 제작함으로써 디지털회로를 이해하고, 하드웨어 설계 언어를 이용하여 논리회로 설계 능력을 배양한다.
- 본 교과목은 디지털회로에 대한 현장적용의 전 단계까지의 이론 및 기술적인 부분을 IC-PBL로 강의 및 실습을 통해 교육시킴으로 디지털회로에 대한 이해도를 높이고자 한다.",
SRC1007,스마트기술과미래사회,,전공핵심,1,,스마트ICT융합전공,"우리 사회는 1차, 2차, 3차, 그리고 4차 산업혁명을 거치며 다양한 기술들이 발전해 왔고, 이러한 기술들은 사회와 문화에 여러 형태로 영향을 미쳐 왔습니다. 특히 4차 산업혁명은 기존의 산업혁명과 달리 인간의 한계를 뛰어넘을 가능성을 제시하는 혁신적인 기술들이 개발되고 있으며, 이는 사회에 직·간접적으로 큰 영향을 미치고 있습니다.
본 교과목은 최근 주목받고 있는 4차 산업혁명을 대표하는 주요 키워드인 반도체, 로봇, 인공지능, 스마트 건설 등을 이해하고, 이들이 사회와 문화에 미치는 영향을 학습하는 것을 목표로 합니다. 이러한 학습 과정을 통해 4차 산업혁명의 의미, 기반 기술, 그리고 변화와 방향성에 대해 심도 있게 탐구하고자 합니다.",
SRC2001,로봇융합공학설계,,전공심화,2,,로봇융합전공,"본 과목은 기본적인 로보틱스를 배우고, MATLAB과 같은 시뮬레이션 툴을 통해 이해하고 적용하는데 목적이 있다.
학생들은 로봇공학의 기본적인 로봇 기구학, 로봇 동역학, 로봇 제어를 이론 및 실습을 통해 학습할 수 있도록 하여 로봇공학자로서의 기본 지식을 습득하도록 한다.",
SRC3002,협동로봇설계,,전공심화,3,,로봇융합전공,"협동로봇은 최근 들어 제조용 로봇의 대세를 이루고 있으며, 중소기업의 협동로봇에 대한 니즈가 급격히 증대되어 경제적으로 큰 이슈가 되고 있다. 또한 로봇과 인간이 같은 작업공간을 공유하면서 작업을 할 수 있는 매우 안전한 로봇으로 기술적으로 교육을 해야 할 필요성이 대두되고 있다.
본 교과목은 협동로봇에 대한 현장적용의 전 단계까지의 모든 기술적인 부분을 학생들에게 IC-PBL 교육을 통하여 협동로봇에 대한 기술적 이해와 실 프로세스 적용을 교육한다.
본 교과목은 단순 이론 강의에서 탈피하여 문제 상황 시나리오를 바탕으로 실제 적용 가능한 교육을 수행함으로써, 동기부여 및 향후 4차 산업혁명에 적합한 현장실무능력을 제고할 수 있을 것이라고 기대된다.",
SRC3003,비전시스템설계,,전공핵심,3,,지능형로봇학과,"비전시스템설계 과목은 로봇 공학을 전공하는 학부 졸업반 학생들을 위한 로봇 비전 시스템 과목입니다. 로봇 비전은 기계에 (초)인간 수준의 시각 능력을 제공하기 위한 목표를 가지고 있습니다. 로봇 비전 패러다임은 주로 세 가지 학문 영역으로 구성됩니다: 전자 공학(신호/영상 처리), 컴퓨터 과학(딥러닝), 로봇 공학(인지/응용). 이 중 로봇 공학은 컴퓨터 비전 시스템과 신호 처리 이론 위에 로봇 감지와 응용을 추구합니다. 이 과목은 학생들에게 컴퓨터 비전, 영상 처리, 로봇 응용에 대한 개념적인 프레임워크를 제공하고 이를 체계적으로 이해하고 발전시키는 데에 초점을 두고 있습니다. 학기 말에는 학생들이 로봇 비전 문제를 정의하는 방법과 이론을 개발하며 이를 시연할 수 있는 능력을 갖추게 됩니다.",
SYB8099,문화콘텐츠스토리텔링전략,3,교양선택,1,1,ERICA 대학,"본 과정은 문화콘텐츠의 근간을 이루는 스토리텔링에 대한 전반적인 이해와 장르별 스토리텔링 특성 및 전략을
사례분석 중심으로 이해하기 위한 것이다. 영화, 만화, 애니메이션, 드라마, 캐릭터, 개그 프로그램, 게임 등의 스토리텔링
사례분석을 통하여 성공한 콘텐츠의 전략을 학습하고 벤치마킹한다. ",
SYB9031,문화기술과사회변동,3,교양선택,1,1,ERICA 대학,"문화와 기술의 결합을 의미하는 CT(Culture Technology)는 문화콘텐츠의 부가가치를 높이기 위해 기획제작과 창작, 유통을 발전시키는 유무형의 기술을 통칭하며, 국가경제를 이끌어갈 핵심기술로 차세대 성장 동력산업, 미래국가유망기술에 선정된 분야이다. 
본 과목에서는 4차산업혁명 시대의 융합산업과 기술을 주 대상으로 하여 ""초연결 사회로의 변화”와 관련된 내용을 주로 다루는 한편, 사회의 변동과 이슈를 학습한다.",
TPD2001,디자인가공학1,,전공기초,2,,산업디자인학과,"디자인의 제품화 과정에는 필연적으로 재료(materials)가 바탕이 된다.디자인 가공학의 범주에서 다루는 소재는 목재,흙,섬유 등의 자연소재에서부터 합성된 프라스틱등에 이르기 까지 매우 다양하다. 제품화 되기위한 소재의 적합한 가공법은 생산성과 경제성에 매우 커다란 영향을 끼친다. 본 과정에서는 기초적인 재료의 가공법 및 산업현장에서 생산되는 다양한 샘플 등의 표면처리를 통해서 기초적인 디자인 가공법에 접근한다.",
TPD3003,디자인가공학2,,전공핵심,3,,디자인공학전공,"하나의 제품이 완성되기까지 많은 공정이 있다. 제품디자인에서 좋은 아이디어가 모두 좋은 제품이 되는 것이 아니라 어떠한 가공 및 마감(Finish)을 거치느냐에 따라 결과물은 달라지게 된다. 그에 따라 제품디자이너가 실무에서 디자인의 완성도를 높이고 좋은 제품을 위해서는 가공 및 마감에 따른 재료 선택도 중요하다.
최상의 제품을 생산하기 위해서는 모든 것을 최상의 재료와 가공 공정을 거쳐 진행되는 방법이 최상의 상품을 만들어 낸다고 할 수 없다. 제품 디자인의 최종결과물은 사용자에게 유용함은 기본이 되어야 하며 한정되어 있는 개발 비용에서 최적의 재료와 최적의 가공 공정을 통해야 사용
자에게 적절히 다가갈 수 있다. 제품의 완성도를 높이고 최적의 상품을 만들기 위해서는 각종 재료의 특성을 이해하고 재료 적용 방법과 가공 공정을 이해해야 한다.
직접적 사용자에게 사용되는 제품과 사용자에게 간접적으로 접근하기 위한 제품들의 문제를 인지하고 문제를 파악해 해결 방법을 찾아 IC-PBL을 적
용하여 프로젝트를 진행한다",
TPD4001,UX디자인,,전공심화,4,,산업디자인학과,"일상 생활 속 유무형의 상품(제품, 서비스 등)과 시스템을 사용하며 발생하는 미충족 요구사항, 문제사항, 또는 만족사항 등을 조사/분석하고 이를 토대로 더 나은 세상(상품, 서비스 등)을 위한 디자인적 해결방안을 도출하는 프로젝트 기반의 수업이다. 이를 위해 디자인적 접근, 사용자 경험, 사용성, 등 관련 개념과 함께 사람들의 다양한 의견과 관점을 연결해 인사이트를 도출할 수 있는 방법론을 이해하고 적용의 기회를 제공한다. 또한 이 같은 문제분석을 통해 발굴/발견된 문제에 대한 디자인적 해결의 전체 프로세스를 경험한다.",
TRE1004,교통물류경제,,전공핵심,3,,교통·물류공학과,"This course is designed for the undergraduate students in the Department of Transportation and Logistics Engineering and covers economics theories and modelings associated with transportation and logistics. This course is lecturing in English with all the lecture materials written in English. In addition, all the exams and assignments will be presented in English and therefore students are required to do all the exams and assignments in English as well.",
TRE1017,교통캡스톤디자인1,,전공심화,3,,교통·물류공학과,"교통물류공학과의 각 교수님 전공분야에 따라 그룹 프로젝트를 지도하되, 학생들이 3학년 1학기까지 습득한 전문지식과 그 이후 수업에서 습득하게 될 모든 지식을 활용하며, 학생들의 연구 독립성과 창의성을 고취하는 Lab. 성격의 과목이다. 즉 교통 캡스톤디자인 과목은 교통물류공학과를 입학 한 후 전공기초, 전공핵심 및 전공심화 과목 수강을 통해 습득한 전문지식과 설계학점이 포함된 과목에서 습득한 논리적 문제 파악, 문제해결 방향모색, 창의적 아이디어 도출, 해결방안 추진능력 등을 응용하며 두 학기에 걸쳐서 수행하는 장기 종합적인 그룹 프로젝트 과목이다. 오철 교수가 담당하게 되는 캡스톤디자인 1과 2의 과목에서는 교통사고 예방 및 심각도 감소를 위한 다양한 대응책을 설계하는 분야와 교통정보시스템을 설계하는 분야에 크게 초점이 맞추어져있다.",
TRE1020,교통물류개론,3,전공핵심,1,1,교통물류학과,,
TRE1021,교통캡스톤디자인2(종합),,전공심화,4,,교통·물류공학과,"교통 및 물류 분야의 문제를 학생들이 스스로 설정하고, 학과에서 배운 이론 및 방법론 등을 활용하여 문제해결 능력을 배양하는 것을 목표로 하며 주제의 선정, 문제해결 절차의 수립 단계별 문제접근 등을 통해 결과물을 도출한다.",
TRE1022,스마트모빌리티입문설계,3,전공기초,1,2,교통물류학과,,
TRE2001,교통공학,,전공핵심,2,,교통·물류공학과,"교통공학에 대한 기본지식을 쌓고, 다양한 현실 교통문제에 능동적으로 대처하기 위한 응용력을 배양한다.",
TRE2007,교통시설구조공학1,,전공핵심,2,,교통·물류공학과,"연속체역학의 핵심사항인 힘과 변형율에 관련된 내용을 다룬다. 구체적으로 평면 및 공간상의 힘의 평형조건, 단면의 기하학적 성질, 인장과 압축, 비틀림 및 휨모멘트 등의 교통시설구조해석에 필요한 이론과 실제사항을 학습한다.",
TRE2010,물류운영공학,,전공핵심,2,,교통·물류공학과,"본 교과목은 교통물류공학과 2학년을 대상으로 개설된 과목으로, 물류 관련 용어, 정의, 기초이론, 및 사례 등을 학습한다.",
TRE3003,교통계획,,전공핵심,3,,교통·물류공학과,"교통/모빌리티계획 및 정책을 수행에 있어 해당 계획/정책에 대한 교통수요의 변화 및 규모를 파악하는 것은 필수적이다. 즉 교통정책 대안에 대해 각각 예상되는 교통수요를 정확하게 추정하고, 각 정책에 따른 교통수요 수준과 교통서비스수준을 기준으로 가장 적합한 정책을 선택하기 위한 평가 과정이 필요하다. 이 과목은 교통계획과정을 이해하고 교통수요분석 및 예측을 위해 필요한 이론과 분석기법을 이해하고 습득할 수 있도록 한다. 교통수요분석을 위한 데이터 및 기초작업, 통행발생, 통행분포, 교통수단선택 및 노선배정의 전통적 교통수요추정 4단계 모형을 학습한다. 또한 컴퓨터 프로그램을 활용하여 학습한 교통수요 분석기술을 직접 적용한다. 실제 교통정책 사례를 통해 교통수요분석기법의 응용과 정책 의사결정 상의 활용에 대해 강의한다. 이를 통해 학생들이 현실적 실무가로서 업무 수행이 가능한 수준까지의 능력을 함양한다.",
TRE3007,교통체계분석,,전공심화,3,,교통·물류공학과,"The course covers transportation system analysis. The course aims to teach the basic concepts, theories, and analytical methods for transportation system analysis. Specifically, the students learn various demand modeling and forecasting methods. In particular, the students learn computer programs (e.g. R) for analysis and use them for practical exercises.",
TRE3008,교통운영관리,,전공심화,4,,교통·물류공학과,"The objective of this course is to obtain techniques and theories of transportation system management. This class will provide the knowledge of traffic operation, traffic flow theory, highway capacity analysis, and simulation modeling. VISSIM microscopic traffic simulation program will be used so that students are required to have knowledge about the program and should be able to build a network model and evaluate traffic operation. Also, other programming language will be introduced for VISSIM simulation run automation.
Due to the limited copies of the traffic simulation software, this class is only allowed only to senior students in Department of Transportation and Logistics Engineering.
Prerequisites: one of the following classes; TRE3001 Highway Capacity Theory / TRE3010 Traffic Flow and Simulation / CIE3028 Highway Design",
TRE3010,교통류시뮬레이션,,전공핵심,3,,교통·물류공학과,"도로상 교통류의 흐름을 단일차량과 차량군의 측면에서 분석한다. 교통류 특성을 설명할 수 있는 구성 요소들의 성격 및 상관관계를 이해하고, 교통류의 정체현상과 이로 인한 파급효과를 다양한 수학적 모델을 통하여 규명한다. 교통류 분석을 위한 교통류 이론들을 실제 도로상 현상에 적용 비교 분석한다.",
TRE3035,교통물류데이터과학및인공지능,,전공핵심,3,,교통·물류공학과,"본 교통물류 데이터과학 및 인공지능 수업에서는 교통물류공학 분야에서의 빅데이터 활용 트렌드를 알아보고, 머신러닝 및 인공지능 기술 기반 분석을 위한 다양한 이론에 대해 강의를 진행한다.",
TRE4011,포장설계,,전공핵심,3,,교통·물류공학과,"도로 및 공항 포장의 기본개념 습득과 함께 주어진 교통 및 지반조건하에서 포장 설계가 가능하도록 학습하는 것을 본 과목의 기본목표로 한다. 학습내용은 포장의 역사적 배경, 포장의 종류 및 선택, 포장시공, 파손 및 파괴, PSI, PMS, 포장 설계 개념, AASHTO 설계법, 등을 포함한다.",
TRE4019,교통영향분석,,전공심화,4,,교통·물류공학과,"도시개발에 따른 교통체계에 미치는 교통영향을 분석하는 것은 중요하다. 교통영향분석을 통해 발생 가능한 교통문제를 사전에 파악하고, 이와 같은 문제를 해소할 수 있는 방안을 함께 마련하며 도시개발을 할 필요가 있다. 특히 도시 내에서 교통에 대한 분석에 있어 대중교통과 다양한 교통/모빌리티에 대한 이해는 필수적이다. 따라서 본 과목은 (1) 교통시스템 내에서 대중교통과 교통/모빌리티 옵션에 대한 개념과 분석방법론에 대한 이해, (2) 교통영향평가의 개념과 방법론에 대한 이해로 크게 두개 파트로 구성된다. 본 과목에서는 분석에 필요한 컴퓨터 프로그램 실습이 포함된다.",
TRE4027,교통정보공학,,전공심화,4,,교통·물류공학과,"교통정보공학은 다양한 정보기술(information technology)의 발전과 더불어 전통적인 교통공학분야에서도 새로운 컨텐츠의 개발과 응용이 필요하다는 니즈를 반영하기 위해 새롭게 구성된 과목임. 교통자료의 수집, 자료처리 및 가공, 정보제공, 정보제공에 따른 이용자의 반응 등 교통정보시스템 구축 및 운영과 관련된 일련의 프로세스를 설계 및 평가할 수 있는 전문인력의 양성을 위한 기본지식 습득 및 응용력 배양이 본 과목의 목표임. `교통정보공학`에서는 첨단교통체계 (Intelligent Transportation Systems: ITS)의 핵심 서브시스템인 교통정보시스템 구성요소의 기본 개념, 운영 알고리즘, 설계 방법론에 대해 강의함. 또한 Connected vehicles와 자율주행기술을 활용한 케이스 스터디를 통해 보다 안전하고 환경친화적인 인간중심의 미래교통시스템의 설계를 위한 기반 지식의 함양, 교통기술자의 역할 및 기술적 이슈에 대해 논의함.",
TRE4032,교통물류공학과연구실심화실습3,,전공심화,4,,교통·물류공학과,전공에 대한 심화학습을 희망하는 학부학생들을 대상으로 대학원 연구실에서 수행하는 다양한 연구과제에 대한 소개와 부분적인 과업 참여를 통해 응용력을 배양할 수 있는 환경을 제공,
URE2002,도시계획,3,전공핵심,1,2,교통물류학과,,
URE3001,단지계획,,전공핵심,3,,건축학전공,"본 단지계획 교과목은 국내외에서 단지계획이란 개념이 나오게 된 맥락적, 역사적 현황을 파악하고 단지계획이 내포하는 도시적 의미를 학습하는 과목이다. 우리나라 (신)도시 계획의 맥락적 흐름을 학습하고 그 변천 과정에서 대두된 다양한 단지계획의 개념을 학습하여 향후 학생들에게 공동주택을 포함한 다양한 유형별 단지계획을 학습할 기회를 제공한다.",
URE4010,도시설계론,,전공핵심,4,,건축학전공,"도시의 전체적 맥락과의 상관관계 속에서 건축공간을 생각하여야 함은 건축설계에 있어 필수적인 과정이다. 본 과목은 도시 인프라구조 등 기능적인 요소 뿐 아니라 도시의 역사 및 도시공간에의 이해를 바탕으로 설계작업을 하는데 기여하고자 하는 과목이다. 동서양의 도시사개론, 현대의 제반도시론이 강의되며, 이를 바탕으로 도시 설계 연습과제가 진행된다.",
VCC0001,IC-PBL과경력개발,,전공핵심,1,,소재·부품융합전공,"계약학과 학생들의 경력개발 경쟁력을 향상 시키고 효과적인 사회진출을 지원하는 수업
기업이 함께 참여하는 PBL 활동과 진로상담 등을 포함하며, 장기적으로 구인-구직 매칭 프로그램과의 유기적인 연계를 통해 학생-기업 간 상호만족도를 증진시키는 산업수요 맞춤형 진로교육 교과목",
VCC1001,Ic-Pbl과비전설계,1,교양필수,1,1,300,,304
VCC2001,IC-PBL과취창업을위한진로탐색,,교양필수,2,,건축공학전공,사회진출을 준비하는 저학년 학생들에게 직업세계에 대한 이해와 취업과 스타트업 등 진로탐색을 통한 미래설계에 대한 기회를 제공하는 수업임. 온라인 강의를 기반으로 PBL 문제해결 등 자기분석과 진로탐색을 위한 실습과제를 수행함.,
VCC4002,취업진로세미나,,교양필수,4,,회계세무학과,"본 세미나 수업은, 4학년 학생들을 대상으로 하여 전공에 따른 학생들 본인의 취업역량을 강화하고자 다음과 같은 목표를 가진다. 1) 학생들의 취업 경쟁력을 강화한다. 2) 전공에 따른 취업교육과 온라인 교육을 혼합한다. 3) 취업프로그램과 연계하여 유기적인 활동을 연결한다",
