학번,학수번호,과목명,학점,이수구분,성적,평점,재수강여부,년도,학기
2026334053,ARE1055,건축표현기법1,3,전공기초,B+,3.5,false,2026,1
2026334053,ARE1063,건축학개론,3,전공핵심,A,4.0,false,2026,1
2026334053,ARE1064,건축기본설계1,3,전공핵심,C,2.0,false,2026,1
2026334053,CUL7124,AI리터러시,2,교양필수,C+,2.5,false,2026,1
2026334053,CUL7125,ESG와SDGs이해,2,교양필수,A,4.0,false,2026,1
2026334053,CUL7133,파이썬과인공지능,3,교양필수,B+,3.5,false,2026,1
2026334053,VCC1001,IC-PBL과비전설계,1,교양필수,A,4.0,false,2026,1
2026334053,ARE1065,건축기본설계2,4,전공기초,,,false,2026,2
2026334053,ARE2076,디지털모델링1,3,전공기초,,,false,2026,2
2026334053,CUL2100,아카데믹글쓰기,2,교양필수,,,false,2026,2
2026460663,GEN0063,일반물리학1,3,전공기초,B+,3.5,false,2026,1
2026460663,CSE1017,프로그래밍기초,3,전공기초,B+,3.5,false,2026,1
2026460663,CSE1007,논리학(컴퓨터전공),3,전공기초,C,2.0,false,2026,1
2026460663,GEN2052,미분적분학1,3,전공기초,A,4.0,false,2026,1
2026460663,CUL7125,ESG와SDGs이해,2,교양필수,B+,3.5,false,2026,1
2026460663,VCC1001,IC-PBL과비전설계,1,교양필수,B,3.0,false,2026,1
2026460663,CUL7133,파이썬과인공지능,3,교양필수,C+,2.5,false,2026,1
2026460663,CLU7124,AI리터러시,2,교양필수,B,3.0,false,2026,1
2026460663,MMT4017,퓨쳐미디어와디지털아트,3,전공핵심,,,false,2026,2
2026460663,ICT1001,기초확률통계,3,전공기초,,,false,2026,2
2026460663,CSE2010,자료구조론,3,전공기초,,,false,2026,2
2026460663,MCD1001,디자인테크놀로지융합의이해,3,전공핵심,,,false,2026,2
2026460663,MMT2012,디지털미디어의디자인활용,3,전공핵심,,,false,2026,2
2026460663,CS31020,창의융합설계,2,전공핵심,,,false,2026,2
2026460663,CUL2100,아카데믹글쓰기,2,교양필수,,,false,2026,2
2026440035,DES1002,2D디지털디자인,3,전공기초,B+,3.5,false,2026,1
2026440035,DES1004,드로잉파운데이션,3,전공기초,A,4.0,false,2026,1
2026440035,VCC1001,IC-PBL과비전설계,1,교양필수,A,4.0,false,2026,1
2026440035,CUL2100,아카데믹글쓰기,2,교양필수,B,3.0,false,2026,1
2026440035,DES1003,3D스페이셜디자인,3,전공기초,,,false,2026,2
2026440035,CUL7125,ESG와SDGs이해,2,교양필수,,,false,2026,2
2026245051,DCC2019,프리젠테이션기술과피칭전략,3,전공핵심,B,3.0,false,2026,1
2026245051,DCC1011,콘텐츠스토리텔링기초,3,전공기초,B,3.0,false,2026,1
2026245051,DCC2001,창의적발상법,3,전공기초,A,4.0,false,2026,1
2026245051,VCC1001,IC-PBL과비전설계,1,교양필수,B,3.0,false,2026,1
2026245051,DCC1010,문화콘텐츠의기초,3,전공기초,A+,4.5,false,2026,1
2026245051,CUL2100,아카데믹글쓰기,2,교양필수,B+,3.5,false,2026,1
2026245051,CLU7124,AI리터러시,2,교양필수,B+,3.5,false,2026,1
2026245051,CUL7135,파이썬과데이터분석,2,교양필수,,,false,2026,2
2026245051,DCC1007,문화콘텐츠인문학,3,전공기초,,,false,2026,2
2026245051,DCC2017,문화콘텐츠마케팅,3,전공기초,,,false,2026,2
2026245051,DCC2005,문화콘텐츠기획론,3,전공핵심,,,false,2026,2
2026245051,DCC2004,멀티미디어저작실습,3,전공핵심,,,false,2026,2
2026245051,CUL7125,ESG와SDGs이해,2,교양필수,,,false,2026,2
2026665579,GEN0063,일반물리학1,3,전공기초,B,3.0,false,2026,1
2026665579,EEN1003,전자공학의이해,1,전공기초,D+,1.5,false,2026,1
2026665579,CUL7124,AI리터러시,2,교양필수,A,4.0,false,2026,1
2026665579,CUL7125,ESG와SDGs이해,2,교양필수,B,3.0,false,2026,1
2026665579,VCC1001,IC-PBL과비전설계,1,교양필수,B,3.0,false,2026,1
2026665579,GEN2052,미분적분학1,3,전공기초,D,1.0,false,2026,1
2026665579,CUL7133,파이썬과인공지능,3,교양필수,D+,1.5,false,2026,1
2026665579,GEN0066,일반물리학실험1,1,전공기초,C+,2.5,false,2026,1
2026665579,CUL2100,아카데믹글쓰기,2,교양필수,,,false,2026,2
2026665579,GEN2053,미분적분학2,3,전공기초,,,false,2026,2
2026665579,ELE3037,확률과통계,3,전공기초,,,false,2026,2
2026665579,GEN0064,일반물리학2,3,전공기초,,,false,2026,2
2026665579,GEN0067,일반물리학실험2,1,전공기초,,,false,2026,2
2026454508,VCC1001,IC-PBL과비전설계,1,교양필수,A,4.0,false,2026,1
2026454508,GEN0059,경제원론1,3,전공기초,B,3.0,false,2026,1
2026454508,ECO1002,경제수학,3,전공기초,,,false,2026,2
2026454508,GEN0060,경제원론2,3,전공기초,,,false,2026,2
2026454508,ECO1022,기업가정신과관계역량,1,전공핵심,,,false,2026,2
2026454508,CUL7135,파이썬과데이터분석,3,교양필수,,,false,2026,2
2026299659,GEN0063,일반물리학1,3,전공기초,A,4.0,false,2026,1
2026299659,GEN0066,일반물리학실험1,1,전공기초,A,4.0,false,2026,1
2026299659,CUL7125,ESG와SDGs이해,2,교양필수,B+,3.5,false,2026,1
2026299659,VCC1001,IC-PBL과비전설계,1,교양필수,C,2.0,false,2026,1
2026299659,CUL7131,창의적프로그래밍기초와실습,3,교양필수,A+,4.5,false,2026,1
2026299659,EMS2021,물리해양학,3,전공기초,C+,2.5,false,2026,1
2026299659,GEN0064,일반물리학2,3,전공기초,,,false,2026,2
2026299659,GEN0067,일반물리학실험2,1,전공기초,,,false,2026,2
2026299659,CSE4018,인간과컴퓨터상호작용,3,전공핵심,,,false,2026,2
2026299659,CUL7128,오픈소스개발과활용,3,교양필수,,,false,2026,2
2026299659,PHY1008,드론의이해와응용,3,전공핵심,,,false,2026,2
2026299659,GEN2053,미분적분학2,3,전공기초,,,false,2026,2
2026299659,CUL2100,아카데믹글쓰기,2,교양필수,,,false,2026,2
2026324130,GEN0063,일반물리학1,3,전공기초,A+,4.5,false,2026,1
2026324130,MEE1010,기계공학개론,2,전공기초,B,3.0,false,2026,1
2026324130,GEN2052,미분적분학1,3,전공기초,B,3.0,false,2026,1
2026324130,VCC1001,IC-PBL과비전설계,1,교양필수,C,2.0,false,2026,1
2026324130,CUL7125,ESG와SDGs이해,2,교양필수,A,4.0,false,2026,1
2026324130,CUL7133,파이썬과인공지능,3,교양필수,D,1.0,false,2026,1
2026324130,CLU7124,AI리터러시,2,교양필수,A+,4.5,false,2026,1
2026324130,GEN0066,일반물리학실험1,1,전공기초,A,4.0,false,2026,1
2026324130,GEN0068,일반화학1,3,전공기초,B,3.0,false,2026,1
2026324130,GEN0064,일반물리학2,3,전공기초,,,false,2026,2
2026324130,GEN2053,미분적분학2,3,전공기초,,,false,2026,2
2026324130,COE3051,공업수학1,3,전공기초,,,false,2026,2
2026324130,MEE1002,CADD,3,전공기초,,,false,2026,2
2026324130,COE2003,정역학,3,전공기초,,,false,2026,2
2026324130,CUL2100,아카데믹글쓰기,2,교양필수,,,false,2026,2
2026648177,GEN1030,컴퓨터개론,3,전공핵심,B,3.0,false,2026,1
2026648177,GEN2052,미분적분학1,3,전공기초,B,3.0,false,2026,1
2026648177,CSE1017,프로그래밍기초,3,전공기초,A,4.0,false,2026,1
2026648177,CUL7125,ESG와SDGs이해,2,교양필수,B+,3.5,false,2026,1
2026648177,VCC1001,IC-PBL과비전설계,1,교양필수,A+,4.5,false,2026,1
2026648177,CUL7133,파이썬과인공지능,3,교양필수,A,4.0,false,2026,1
2026648177,CLU7124,AI리터러시,2,교양필수,A,4.0,false,2026,1
2026648177,ITE1009,C프로그래밍,3,전공핵심,,,false,2026,2
2026648177,CSE1019,오픈소스SW기초,2,전공핵심,,,false,2026,2
2026648177,MAT2020,이산수학,3,전공기초,,,false,2026,2
2026648177,COM2018,객체지향프로그래밍,3,전공핵심,,,false,2026,2
2026648177,CSE1021,소프트웨어엔지니어링커뮤니케이션,2,전공기초,,,false,2026,2
2026648177,CUL2100,아카데믹글쓰기,2,교양필수,,,false,2026,2
2026212235,GEN0063,일반물리학1,3,전공기초,C+,2.5,false,2026,1
2026212235,EEN1003,전자공학의이해,1,전공기초,B,3.0,false,2026,1
2026212235,CUL7124,AI리터러시,2,교양필수,A,4.0,false,2026,1
2026212235,CUL7125,ESG와SDGs이해,2,교양필수,C+,2.5,false,2026,1
2026212235,VCC1001,IC-PBL과비전설계,1,교양필수,B,3.0,false,2026,1
2026212235,GEN2052,미분적분학1,3,전공기초,B+,3.5,false,2026,1
2026212235,CUL7133,파이썬과인공지능,3,교양필수,A+,4.5,false,2026,1
2026212235,GEN0066,일반물리학실험1,1,전공기초,A+,4.5,false,2026,1
2026212235,CUL2100,아카데믹글쓰기,2,교양필수,,,false,2026,2
2026212235,GEN2053,미분적분학2,3,전공기초,,,false,2026,2
2026212235,ELE3037,확률과통계,3,전공기초,,,false,2026,2
2026212235,GEN0064,일반물리학2,3,전공기초,,,false,2026,2
2026212235,GEN0067,일반물리학실험2,1,전공기초,,,false,2026,2
2026934794,ARE1060,건축공학기초설계,3,전공기초,C+,2.5,false,2026,1
2026934794,CUL7124,AI리터러시,2,교양필수,B+,3.5,false,2026,1
2026934794,CUL7125,ESG와SDGs이해,2,교양필수,B,3.0,false,2026,1
2026934794,CUL7133,파이썬과인공지능,3,교양필수,C+,2.5,false,2026,1
2026934794,GEN0063,일반물리학1,3,전공기초,A,4.0,false,2026,1
2026934794,GEN2052,미분적분학1,3,전공기초,A,4.0,false,2026,1
2026934794,SAI1001,건축공학개론,3,전공기초,C+,2.5,false,2026,1
2026934794,ARE1061,건축공학설계1,3,전공핵심,,,false,2026,2
2026934794,ARE5028,건축구조시스템,3,전공핵심,,,false,2026,2
2026934794,COE3051,공업수학1,3,전공기초,,,false,2026,2
2026934794,GEN2000,대학화학,3,전공기초,,,false,2026,2
2026934794,MAT4015,확률및통계,3,전공핵심,,,false,2026,2
2026338651,DCC2019,프리젠테이션기술과피칭전략,3,전공핵심,B,3.0,false,2026,1
2026338651,DCC1011,콘텐츠스토리텔링기초,3,전공기초,F,0.0,false,2026,1
2026338651,DCC2001,창의적발상법,3,전공기초,A+,4.5,false,2026,1
2026338651,VCC1001,IC-PBL과비전설계,1,교양필수,B,3.0,false,2026,1
2026338651,DCC1010,문화콘텐츠의기초,3,전공기초,B+,3.5,false,2026,1
2026338651,CUL2100,아카데믹글쓰기,2,교양필수,C+,2.5,false,2026,1
2026338651,CLU7124,AI리터러시,2,교양필수,B+,3.5,false,2026,1
2026338651,CUL7135,파이썬과데이터분석,2,교양필수,,,false,2026,2
2026338651,DCC1007,문화콘텐츠인문학,3,전공기초,,,false,2026,2
2026338651,DCC2017,문화콘텐츠마케팅,3,전공기초,,,false,2026,2
2026338651,DCC2005,문화콘텐츠기획론,3,전공핵심,,,false,2026,2
2026338651,DCC2004,멀티미디어저작실습,3,전공핵심,,,false,2026,2
2026338651,CUL7125,ESG와SDGs이해,2,교양필수,,,false,2026,2
2026945687,GEN0074,일반생물학1,3,전공기초,B+,3.5,false,2026,1
2026945687,GEN0076,일반생물학실험1,1,전공기초,A,4.0,false,2026,1
2026945687,GEN0068,일반화학1,3,전공기초,A,4.0,false,2026,1
2026945687,CUL7125,ESG와SDGs이해,2,교양필수,B+,3.5,false,2026,1
2026945687,VCC1001,IC-PBL과비전설계,1,교양필수,D+,1.5,false,2026,1
2026945687,CUL7131,창의적프로그래밍기초와실습,3,교양필수,B,3.0,false,2026,1
2026945687,GEN3032,기초물리학,2,전공기초,C,2.0,false,2026,1
2026945687,GEN0070,일반화학실험1,1,전공기초,B,3.0,false,2026,1
2026945687,GEN0075,일반생물학2,3,전공기초,,,false,2026,2
2026945687,GEN0077,일반생물학실험2,1,전공기초,,,false,2026,2
2026945687,GEN0069,일반화학2,3,전공기초,,,false,2026,2
2026945687,CUL7128,오픈소스개발과활용,3,교양필수,,,false,2026,2
2026945687,GEN2053,미분적분학2,3,전공기초,,,false,2026,2
2026945687,GEN0071,일반화학실험2,1,전공기초,,,false,2026,2
2026945687,CUL2100,아카데믹글쓰기,2,교양필수,,,false,2026,2
2026587575,DES1001,스튜디오프랙티스,3,전공기초,A+,4.5,false,2026,1
2026587575,DES1002,2D디지털디자인,3,전공기초,F,0.0,false,2026,1
2026587575,DES1004,드로잉파운데이션,3,전공기초,B,3.0,false,2026,1
2026587575,VCC1001,IC-PBL과비전설계,1,교양필수,C+,2.5,false,2026,1
2026587575,CUL2100,아카데믹글쓰기,2,교양필수,B+,3.5,false,2026,1
2026587575,CLU7124,AI리터러시,2,교양필수,C,2.0,false,2026,1
2026587575,CUL7135,파이썬과데이터분석,3,교양필수,,,false,2026,2
2026587575,DES1005,크리에이티브프로세스,3,전공기초,,,false,2026,2
2026587575,DES1003,3D스페이셜디자인,3,전공기초,,,false,2026,2
2026587575,CUL7125,ESG와SDGs이해,2,교양필수,,,false,2026,2
2026105814,CLU7124,AI리터러시,2,교양필수,C+,2.5,false,2026,1
2026105814,CUL2100,아카데믹글쓰기,2,교양필수,B,3.0,false,2026,1
2026105814,APR1004,커뮤니케이션론,3,전공기초,F,0.0,false,2026,1
2026105814,VCC1001,IC-PBL과비전설계,1,교양필수,B,3.0,false,2026,1
2026105814,CUL7135,파이썬과데이터분석,3,교양필수,,,false,2026,2
2026105814,APR1038,크리에이티브디자인,3,전공기초,,,false,2026,2
2026105814,APR1037,전략적커뮤니케이션,3,전공기초,,,false,2026,2
2026105814,CUL7125,ESG와SDGs이해,2,교양필수,,,false,2026,2
2026105814,APR2014,홍보원론,3,전공기초,,,false,2026,2
2026105814,GEN3065,컴퓨터그래픽응용,2,전공핵심,,,false,2026,2
2026105814,APR2013,광고원론,3,전공기초,,,false,2026,2
2026980660,GCT1003,인공지능과지속가능발전,2,전공기초,B,3.0,false,2026,1
2026980660,GCT1004,영상문화의이해,2,전공기초,C+,2.5,false,2026,1
2026980660,GCT1002,글로벌트랜드탐색,3,전공기초,A+,4.5,false,2026,1
2026980660,GCT1001,K-컬쳐와글로벌한국학문화연구기초,2,전공기초,B+,3.5,false,2026,1
2026980660,VCC1001,IC-PBL과비전설계,1,교양필수,B,3.0,false,2026,1
2026980660,CUL2100,아카데믹글쓰기,2,교양필수,B+,3.5,false,2026,1
2026980660,CLU7124,AI리터러시,2,교양필수,A,4.0,false,2026,1
2026980660,CUL7135,파이썬과데이터분석,3,교양필수,,,false,2026,2
2026980660,GCT1006,언어/문화모듈탐색,2,전공기초,,,false,2026,2
2026980660,GCT1007,글로벌통상의이해,2,전공기초,,,false,2026,2
2026980660,GCT1005,글로벌관광엔터테인먼트의이해,2,전공기초,,,false,2026,2
2026980660,CUL7125,ESG와SDGs이해,2,교양필수,,,false,2026,2
2026508930,VCC1001,IC-PBL과비전설계,1,교양필수,C+,2.5,false,2026,1
2026508930,BUS1005,경영통계분석1,3,전공기초,C,2.0,false,2026,1
2026508930,GEN0044,경영학원론,3,전공기초,D+,1.5,false,2026,1
2026508930,GEN0059,경제원론1,3,전공기초,F,0.0,false,2026,1
2026508930,CUL7124,AI리터러시,2,교양필수,B,3.0,false,2026,1
2026508930,CUL2100,아카데믹글쓰기,2,교양필수,C,2.0,false,2026,1
2026508930,CUL7125,ESG와SDGs이해,2,교양필수,,,false,2026,2
2026508930,CUL7135,파이썬과데이터분석,3,교양필수,,,false,2026,2
2026508930,BUS1010,회계정보의이해,3,전공기초,,,false,2026,2
2026372793,CUL2100,아카데믹글쓰기,2,교양필수,C+,2.5,false,2026,1
2026372793,CLU7124,AI리터러시,2,교양필수,B,3.0,false,2026,1
2026372793,VCC1001,IC-PBL과비전설계,1,교양필수,C+,2.5,false,2026,1
2026372793,GEN0059,경제원론1,3,전공핵심,D,1.0,false,2026,1
2026372793,ACT1005,미적분학1,3,전공기초,A,4.0,false,2026,1
2026372793,ACT1004,통계프로그래밍,3,전공기초,A+,4.5,false,2026,1
2026372793,CUL7125,ESG와SDGs이해,2,교양필수,,,false,2026,2
2026372793,GEN0060,경제원론2,3,전공핵심,,,false,2026,2
2026372793,ACT1003,계리프로그래밍,3,전공기초,,,false,2026,2
2026372793,ACT1006,미적분학2,3,전공기초,,,false,2026,2
2026372793,ACT1007,보험원론,3,전공핵심,,,false,2026,2
2026372793,CUL7135,파이썬과데이터분석,3,교양필수,,,false,2026,2
2026372793,BUS1010,회계정보의이해,3,전공기초,,,false,2026,2
2026275939,DES1001,스튜디오프랙티스,3,전공기초,B,3.0,false,2026,1
2026275939,DES1002,2D디지털디자인,3,전공기초,B+,3.5,false,2026,1
2026275939,DES1004,드로잉파운데이션,3,전공기초,B,3.0,false,2026,1
2026275939,VCC1001,IC-PBL과비전설계,1,교양필수,C+,2.5,false,2026,1
2026275939,CUL2100,아카데믹글쓰기,2,교양필수,C+,2.5,false,2026,1
2026275939,CLU7124,AI리터러시,2,교양필수,B,3.0,false,2026,1
2026275939,CUL7135,파이썬과데이터분석,3,교양필수,,,false,2026,2
2026275939,DES1005,크리에이티브프로세스,3,전공기초,,,false,2026,2
2026275939,DES1003,3D스페이셜디자인,3,전공기초,,,false,2026,2
2026275939,CUL7125,ESG와SDGs이해,2,교양필수,,,false,2026,2
2026990844,GEN0063,일반물리학1,3,전공기초,C,2.0,false,2026,1
2026990844,GEN1030,컴퓨터개론,3,전공핵심,C+,2.5,false,2026,1
2026990844,GEN2052,미분적분학1,3,전공기초,A+,4.5,false,2026,1
2026990844,CSE1017,프로그래밍기초,3,전공기초,C,2.0,false,2026,1
2026990844,CUL7125,ESG와SDGs이해,2,교양필수,A,4.0,false,2026,1
2026990844,VCC1001,IC-PBL과비전설계,1,교양필수,B+,3.5,false,2026,1
2026990844,CUL7133,파이썬과인공지능,3,교양필수,B,3.0,false,2026,1
2026990844,DAI1002,인공지능코딩,3,전공기초,B+,3.5,false,2026,1
2026990844,CLU7124,AI리터러시,2,교양필수,A+,4.5,false,2026,1
2026990844,MMT2009,인공지능의이해,3,전공핵심,,,false,2026,2
2026990844,ELE3037,확률과통계,3,전공기초,,,false,2026,2
2026990844,CSE2018,시스템프로그래밍기초,3,전공핵심,,,false,2026,2
2026990844,DAI1001,오픈소스실전인공지능,3,전공핵심,,,false,2026,2
2026990844,CUL2100,아카데믹글쓰기,2,교양필수,,,false,2026,2
2026835244,DCC2019,프리젠테이션기술과피칭전략,3,전공핵심,A,4.0,false,2026,1
2026835244,DCC1011,콘텐츠스토리텔링기초,3,전공기초,B,3.0,false,2026,1
2026835244,DCC2001,창의적발상법,3,전공기초,B+,3.5,false,2026,1
2026835244,VCC1001,IC-PBL과비전설계,1,교양필수,B,3.0,false,2026,1
2026835244,DCC1010,문화콘텐츠의기초,3,전공기초,B+,3.5,false,2026,1
2026835244,CUL2100,아카데믹글쓰기,2,교양필수,B,3.0,false,2026,1
2026835244,CLU7124,AI리터러시,2,교양필수,B+,3.5,false,2026,1
2026835244,CUL7135,파이썬과데이터분석,2,교양필수,,,false,2026,2
2026835244,DCC1007,문화콘텐츠인문학,3,전공기초,,,false,2026,2
2026835244,DCC2017,문화콘텐츠마케팅,3,전공기초,,,false,2026,2
2026835244,DCC2005,문화콘텐츠기획론,3,전공핵심,,,false,2026,2
2026835244,DCC2004,멀티미디어저작실습,3,전공핵심,,,false,2026,2
2026835244,CUL7125,ESG와SDGs이해,2,교양필수,,,false,2026,2
2026301939,VCC1001,IC-PBL과비전설계,1,교양필수,A,4.0,false,2026,1
2026301939,JMC1008,커뮤니케이션학의이해,3,전공기초,A,4.0,false,2026,1
2026301939,JMC2030,미디어제작의이해,3,전공기초,A+,4.5,false,2026,1
2026301939,CUL2100,아카데믹글쓰기,2,교양필수,B,3.0,false,2026,1
2026301939,CLU7124,AI리터러시,2,교양필수,A,4.0,false,2026,1
2026301939,CUL7135,파이썬과데이터분석,2,교양필수,,,false,2026,2
2026301939,CUL7125,ESG와SDGs이해,2,교양필수,,,false,2026,2
2026301939,JMC2000,디지털미디어사회의이해,3,전공기초,,,false,2026,2
2026301939,JOU3066,스피치커뮤니케이션의이해,3,전공기초,,,false,2026,2
2026592198,VCC1001,IC-PBL과비전설계,1,교양필수,A+,4.5,false,2026,1
2026592198,GEN0044,경영학원론,3,전공기초,A,4.0,false,2026,1
2026592198,GEN0059,경제원론1,3,전공기초,B,3.0,false,2026,1
2026592198,ECO1001,경제학입문,3,전공핵심,B+,3.5,false,2026,1
2026592198,CUL7125,ESG와SDGs이해,2,교양필수,,,false,2026,2
2026592198,ECO1002,경제수학,3,전공기초,,,false,2026,2
2026592198,GEN0060,경제원론2,3,전공기초,,,false,2026,2
2026592198,ECO1022,기업가정신과관계역량,1,전공핵심,,,false,2026,2
2026592198,CUL7135,파이썬과데이터분석,3,교양필수,,,false,2026,2
2026420214,VCC1001,IC-PBL과비전설계,1,교양필수,A+,4.5,false,2026,1
2026420214,JMC1008,커뮤니케이션학의이해,3,전공기초,B+,3.5,false,2026,1
2026420214,JMC2030,미디어제작의이해,3,전공기초,B,3.0,false,2026,1
2026420214,CUL2100,아카데믹글쓰기,2,교양필수,A,4.0,false,2026,1
2026420214,CLU7124,AI리터러시,2,교양필수,A,4.0,false,2026,1
2026420214,CUL7135,파이썬과데이터분석,2,교양필수,,,false,2026,2
2026420214,CUL7125,ESG와SDGs이해,2,교양필수,,,false,2026,2
2026420214,JMC2000,디지털미디어사회의이해,3,전공기초,,,false,2026,2
2026420214,JOU3066,스피치커뮤니케이션의이해,3,전공기초,,,false,2026,2
2026718439,GEN0063,일반물리학1,3,전공기초,B,3.0,false,2026,1
2026718439,CAR0005,인공지능로봇의이해,2,전공기초,B,3.0,false,2026,1
2026718439,CUL7125,ESG와SDGs이해,2,교양필수,A+,4.5,false,2026,1
2026718439,CUL7133,파이썬과인공지능,3,교양필수,A+,4.5,false,2026,1
2026718439,GEN0066,일반물리학실험1,1,전공기초,B+,3.5,false,2026,1
2026718439,GEN2052,미분적분학1,3,전공기초,B+,3.5,false,2026,1
2026718439,ROB1001,기초로봇공학개론,3,전공기초,A,4.0,false,2026,1
2026718439,VCC1001,IC-PBL과비전설계,1,교양필수,A+,4.5,false,2026,1
2026718439,CUL7124,AI리터러시,2,교양필수,D,1.0,false,2026,1
2026718439,GEN0064,일반물리학2,3,전공기초,,,false,2026,2
2026718439,CAR0001,어드벤쳐디자인1,1,전공기초,,,false,2026,2
2026718439,COE3051,공업수학1,3,전공기초,,,false,2026,2
2026718439,GEN2053,미분적분학2,3,전공기초,,,false,2026,2
2026718439,ITE1009,C프로그래밍,2,전공기초,,,false,2026,2
2026718439,ROB1002,기초로봇공학실험,3,전공기초,,,false,2026,2
2026718439,CUL2100,아카데믹글쓰기,2,교양필수,,,false,2026,2
2026391668,GEN0063,일반물리학1,3,전공기초,B,3.0,false,2026,1
2026391668,CSE1017,프로그래밍기초,3,전공기초,B+,3.5,false,2026,1
2026391668,CSE1007,논리학(컴퓨터전공),3,전공기초,C+,2.5,false,2026,1
2026391668,GEN2052,미분적분학1,3,전공기초,A+,4.5,false,2026,1
2026391668,CUL7125,ESG와SDGs이해,2,교양필수,A+,4.5,false,2026,1
2026391668,VCC1001,IC-PBL과비전설계,1,교양필수,A,4.0,false,2026,1
2026391668,CUL7133,파이썬과인공지능,3,교양필수,A+,4.5,false,2026,1
2026391668,CLU7124,AI리터러시,2,교양필수,C+,2.5,false,2026,1
2026391668,MMT4017,퓨쳐미디어와디지털아트,3,전공핵심,,,false,2026,2
2026391668,ICT1001,기초확률통계,3,전공기초,,,false,2026,2
2026391668,CSE2010,자료구조론,3,전공기초,,,false,2026,2
2026391668,MCD1001,디자인테크놀로지융합의이해,3,전공핵심,,,false,2026,2
2026391668,MMT2012,디지털미디어의디자인활용,3,전공핵심,,,false,2026,2
2026391668,CS31020,창의융합설계,2,전공핵심,,,false,2026,2
2026391668,CUL2100,아카데믹글쓰기,2,교양필수,,,false,2026,2
2026896907,DES1002,2D디지털디자인,3,전공기초,B,3.0,false,2026,1
2026896907,DES1004,드로잉파운데이션,3,전공기초,B,3.0,false,2026,1
2026896907,CLU7124,AI리터러시,2,교양필수,A+,4.5,false,2026,1
2026896907,CUL7125,ESG와SDGs이해,2,교양필수,,,false,2026,2
2026851413,GEN0063,일반물리학1,3,전공기초,A,4.0,false,2026,1
2026851413,GEN0066,일반물리학실험1,1,전공기초,B+,3.5,false,2026,1
2026851413,CUL7125,ESG와SDGs이해,2,교양필수,B,3.0,false,2026,1
2026851413,VCC1001,IC-PBL과비전설계,1,교양필수,F,0.0,false,2026,1
2026851413,CUL7131,창의적프로그래밍기초와실습,3,교양필수,B+,3.5,false,2026,1
2026851413,GEN0068,일반화학1,3,전공기초,A,4.0,false,2026,1
2026851413,GEN2052,미분적분학1,3,전공기초,B,3.0,false,2026,1
2026851413,GEN0070,일반화학실험1,1,전공기초,B+,3.5,false,2026,1
2026851413,GEN0064,일반물리학2,3,전공기초,,,false,2026,2
2026851413,GEN0067,일반물리학실험2,1,전공기초,,,false,2026,2
2026851413,CUL7128,오픈소스개발과활용,3,교양필수,,,false,2026,2
2026851413,GEN2053,미분적분학2,3,전공기초,,,false,2026,2
2026851413,GEN0069,일반화학2,3,전공기초,,,false,2026,2
2026851413,CUL2100,아카데믹글쓰기,2,교양필수,,,false,2026,2
2026851413,GEN0071,일반화학실험2,1,전공기초,,,false,2026,2
2026880879,CLU7124,AI리터러시,2,교양필수,B,3.0,false,2026,1
2026880879,CUL2100,아카데믹글쓰기,2,교양필수,B+,3.5,false,2026,1
2026880879,APR1004,커뮤니케이션론,3,전공기초,C+,2.5,false,2026,1
2026880879,VCC1001,IC-PBL과비전설계,1,교양필수,B+,3.5,false,2026,1
2026880879,CUL7135,파이썬과데이터분석,3,교양필수,,,false,2026,2
2026880879,APR1038,크리에이티브디자인,3,전공기초,,,false,2026,2
2026880879,APR1037,전략적커뮤니케이션,3,전공기초,,,false,2026,2
2026880879,CUL7125,ESG와SDGs이해,2,교양필수,,,false,2026,2
2026880879,APR2014,홍보원론,3,전공기초,,,false,2026,2
2026880879,GEN3065,컴퓨터그래픽응용,2,전공핵심,,,false,2026,2
2026880879,APR2013,광고원론,3,전공기초,,,false,2026,2
2026498468,GEN0063,일반물리학1,3,전공기초,A,4.0,false,2026,1
2026498468,EMS1020,해양융합공학개론,2,전공기초,B+,3.5,false,2026,1
2026498468,GEN2052,미분적분학1,3,전공기초,A+,4.5,false,2026,1
2026498468,GEN0074,일반생물학1,3,전공기초,B+,3.5,false,2026,1
2026498468,CUL7125,ESG와SDGs이해,2,교양필수,A+,4.5,false,2026,1
2026498468,VCC1001,IC-PBL과비전설계,1,교양필수,B+,3.5,false,2026,1
2026498468,GEN0068,일반화학1,3,전공기초,B+,3.5,false,2026,1
2026498468,GEN0064,일반물리학2,3,전공기초,,,false,2026,2
2026498468,GEN2053,미분적분학2,3,전공기초,,,false,2026,2
2026498468,GEN0075,일반생물학2,3,전공기초,,,false,2026,2
2026498468,EMS1021,해양융합공학일반화학실험,1,전공기초,,,false,2026,2
2026498468,CLU7124,AI리터러시,2,교양필수,,,false,2026,2
2026498468,CUL2100,아카데믹글쓰기,2,교양필수,,,false,2026,2
2026498468,GEN0069,일반화학2,3,전공기초,,,false,2026,2
2026711484,DES1001,스튜디오프랙티스,3,전공기초,B+,3.5,false,2026,1
2026711484,DES1002,2D디지털디자인,3,전공기초,B+,3.5,false,2026,1
2026711484,DES1004,드로잉파운데이션,3,전공기초,F,0.0,false,2026,1
2026711484,VCC1001,IC-PBL과비전설계,1,교양필수,C,2.0,false,2026,1
2026711484,CUL2100,아카데믹글쓰기,2,교양필수,A+,4.5,false,2026,1
2026711484,CLU7124,AI리터러시,2,교양필수,B+,3.5,false,2026,1
2026711484,CUL7135,파이썬과데이터분석,3,교양필수,,,false,2026,2
2026711484,DES1005,크리에이티브프로세스,3,전공기초,,,false,2026,2
2026711484,DES1003,3D스페이셜디자인,3,전공기초,,,false,2026,2
2026711484,CUL7125,ESG와SDGs이해,2,교양필수,,,false,2026,2
2026693419,GEN0074,일반생물학1,3,전공기초,C+,2.5,false,2026,1
2026693419,GEN0076,일반생물학실험1,1,전공기초,A+,4.5,false,2026,1
2026693419,GEN0068,일반화학1,3,전공기초,B+,3.5,false,2026,1
2026693419,CUL7125,ESG와SDGs이해,2,교양필수,A,4.0,false,2026,1
2026693419,VCC1001,IC-PBL과비전설계,1,교양필수,C,2.0,false,2026,1
2026693419,CUL7131,창의적프로그래밍기초와실습,3,교양필수,B+,3.5,false,2026,1
2026693419,GEN3032,기초물리학,2,전공기초,B+,3.5,false,2026,1
2026693419,GEN0070,일반화학실험1,1,전공기초,A,4.0,false,2026,1
2026693419,GEN0075,일반생물학2,3,전공기초,,,false,2026,2
2026693419,GEN0077,일반생물학실험2,1,전공기초,,,false,2026,2
2026693419,GEN0069,일반화학2,3,전공기초,,,false,2026,2
2026693419,CUL7128,오픈소스개발과활용,3,교양필수,,,false,2026,2
2026693419,GEN2053,미분적분학2,3,전공기초,,,false,2026,2
2026693419,GEN0071,일반화학실험2,1,전공기초,,,false,2026,2
2026693419,CUL2100,아카데믹글쓰기,2,교양필수,,,false,2026,2
2026591081,DES1001,스튜디오프랙티스,3,전공기초,B,3.0,false,2026,1
2026591081,DES1002,2D디지털디자인,3,전공기초,B,3.0,false,2026,1
2026591081,DES1004,드로잉파운데이션,3,전공기초,B,3.0,false,2026,1
2026591081,CUL2100,아카데믹글쓰기,2,교양필수,C+,2.5,false,2026,1
2026591081,CLU7124,AI리터러시,2,교양필수,D+,1.5,false,2026,1
2026591081,CUL7135,파이썬과데이터분석,3,교양필수,,,false,2026,2
2026591081,DES1005,크리에이티브프로세스,3,전공기초,,,false,2026,2
2026591081,CUL7125,ESG와SDGs이해,2,교양필수,,,false,2026,2
2026766269,DES1001,스튜디오프랙티스,3,전공기초,B,3.0,false,2026,1
2026766269,DES1002,2D디지털디자인,3,전공기초,C+,2.5,false,2026,1
2026766269,DES1004,드로잉파운데이션,3,전공기초,D+,1.5,false,2026,1
2026766269,VCC1001,IC-PBL과비전설계,1,교양필수,B+,3.5,false,2026,1
2026766269,CUL2100,아카데믹글쓰기,2,교양필수,C+,2.5,false,2026,1
2026766269,CLU7124,AI리터러시,2,교양필수,A,4.0,false,2026,1
2026766269,CUL7135,파이썬과데이터분석,3,교양필수,,,false,2026,2
2026766269,DES1005,크리에이티브프로세스,3,전공기초,,,false,2026,2
2026766269,DES1003,3D스페이셜디자인,3,전공기초,,,false,2026,2
2026766269,CUL7125,ESG와SDGs이해,2,교양필수,,,false,2026,2
2026327823,VCC1001,IC-PBL과비전설계,1,교양필수,B,3.0,false,2026,1
2026327823,JMC1008,커뮤니케이션학의이해,3,전공기초,B,3.0,false,2026,1
2026327823,JMC2030,미디어제작의이해,3,전공기초,A+,4.5,false,2026,1
2026327823,CUL2100,아카데믹글쓰기,2,교양필수,C+,2.5,false,2026,1
2026327823,CLU7124,AI리터러시,2,교양필수,A,4.0,false,2026,1
2026327823,CUL7135,파이썬과데이터분석,2,교양필수,,,false,2026,2
2026327823,CUL7125,ESG와SDGs이해,2,교양필수,,,false,2026,2
2026327823,JMC2000,디지털미디어사회의이해,3,전공기초,,,false,2026,2
2026327823,JOU3066,스피치커뮤니케이션의이해,3,전공기초,,,false,2026,2
2026344316,GEN0063,일반물리학1,3,전공기초,A+,4.5,false,2026,1
2026344316,GEN0066,일반물리학실험1,1,전공기초,A,4.0,false,2026,1
2026344316,CUL7125,ESG와SDGs이해,2,교양필수,A,4.0,false,2026,1
2026344316,VCC1001,IC-PBL과비전설계,1,교양필수,B+,3.5,false,2026,1
2026344316,CUL7131,창의적프로그래밍기초와실습,3,교양필수,A+,4.5,false,2026,1
2026344316,GEN2052,미분적분학1,3,전공기초,A+,4.5,false,2026,1
2026344316,GEN0070,일반화학실험1,1,전공기초,B+,3.5,false,2026,1
2026344316,GEN0064,일반물리학2,3,전공기초,,,false,2026,2
2026344316,GEN0067,일반물리학실험2,1,전공기초,,,false,2026,2
2026344316,CUL2100,아카데믹글쓰기,2,교양필수,,,false,2026,2
2026344316,GEN0071,일반화학실험2,1,전공기초,,,false,2026,2
2026790909,GEN0063,일반물리학1,3,전공기초,B,3.0,false,2026,1
2026790909,GEN0066,일반물리학실험1,1,전공기초,B,3.0,false,2026,1
2026790909,CUL7125,ESG와SDGs이해,2,교양필수,C+,2.5,false,2026,1
2026790909,VCC1001,IC-PBL과비전설계,1,교양필수,B+,3.5,false,2026,1
2026790909,CUL7131,창의적프로그래밍기초와실습,3,교양필수,B,3.0,false,2026,1
2026790909,GEN0068,일반화학1,3,전공기초,A,4.0,false,2026,1
2026790909,GEN2052,미분적분학1,3,전공기초,B,3.0,false,2026,1
2026790909,GEN0070,일반화학실험1,1,전공기초,B+,3.5,false,2026,1
2026790909,GEN0064,일반물리학2,3,전공기초,,,false,2026,2
2026790909,GEN0067,일반물리학실험2,1,전공기초,,,false,2026,2
2026790909,CUL7128,오픈소스개발과활용,3,교양필수,,,false,2026,2
2026790909,GEN2053,미분적분학2,3,전공기초,,,false,2026,2
2026790909,GEN0069,일반화학2,3,전공기초,,,false,2026,2
2026790909,CUL2100,아카데믹글쓰기,2,교양필수,,,false,2026,2
2026790909,GEN0071,일반화학실험2,1,전공기초,,,false,2026,2
2026865054,DCC2019,프리젠테이션기술과피칭전략,3,전공핵심,B,3.0,false,2026,1
2026865054,DCC1011,콘텐츠스토리텔링기초,3,전공기초,B,3.0,false,2026,1
2026865054,DCC2001,창의적발상법,3,전공기초,B+,3.5,false,2026,1
2026865054,VCC1001,IC-PBL과비전설계,1,교양필수,A,4.0,false,2026,1
2026865054,DCC1010,문화콘텐츠의기초,3,전공기초,B+,3.5,false,2026,1
2026865054,CUL2100,아카데믹글쓰기,2,교양필수,B,3.0,false,2026,1
2026865054,CUL7135,파이썬과데이터분석,2,교양필수,,,false,2026,2
2026865054,DCC2017,문화콘텐츠마케팅,3,전공기초,,,false,2026,2
2026865054,DCC2005,문화콘텐츠기획론,3,전공핵심,,,false,2026,2
2026865054,CUL7125,ESG와SDGs이해,2,교양필수,,,false,2026,2
2026323072,DCC2019,프리젠테이션기술과피칭전략,3,전공핵심,C+,2.5,false,2026,1
2026323072,DCC1011,콘텐츠스토리텔링기초,3,전공기초,B+,3.5,false,2026,1
2026323072,DCC2001,창의적발상법,3,전공기초,B+,3.5,false,2026,1
2026323072,VCC1001,IC-PBL과비전설계,1,교양필수,A+,4.5,false,2026,1
2026323072,DCC1010,문화콘텐츠의기초,3,전공기초,C,2.0,false,2026,1
2026323072,CUL2100,아카데믹글쓰기,2,교양필수,B,3.0,false,2026,1
2026323072,CUL7135,파이썬과데이터분석,2,교양필수,,,false,2026,2
2026323072,DCC1007,문화콘텐츠인문학,3,전공기초,,,false,2026,2
2026323072,DCC2005,문화콘텐츠기획론,3,전공핵심,,,false,2026,2
2026323072,CUL7125,ESG와SDGs이해,2,교양필수,,,false,2026,2
2026265055,GEN0063,일반물리학1,3,전공기초,A,4.0,false,2026,1
2026265055,CSE1017,프로그래밍기초,3,전공기초,C+,2.5,false,2026,1
2026265055,CSE1007,논리학(컴퓨터전공),3,전공기초,A+,4.5,false,2026,1
2026265055,GEN2052,미분적분학1,3,전공기초,B+,3.5,false,2026,1
2026265055,CUL7125,ESG와SDGs이해,2,교양필수,A,4.0,false,2026,1
2026265055,VCC1001,IC-PBL과비전설계,1,교양필수,B,3.0,false,2026,1
2026265055,CUL7133,파이썬과인공지능,3,교양필수,B+,3.5,false,2026,1
2026265055,CLU7124,AI리터러시,2,교양필수,B,3.0,false,2026,1
2026265055,MMT4017,퓨쳐미디어와디지털아트,3,전공핵심,,,false,2026,2
2026265055,ICT1001,기초확률통계,3,전공기초,,,false,2026,2
2026265055,CSE2010,자료구조론,3,전공기초,,,false,2026,2
2026265055,MCD1001,디자인테크놀로지융합의이해,3,전공핵심,,,false,2026,2
2026265055,MMT2012,디지털미디어의디자인활용,3,전공핵심,,,false,2026,2
2026265055,CS31020,창의융합설계,2,전공핵심,,,false,2026,2
2026265055,CUL2100,아카데믹글쓰기,2,교양필수,,,false,2026,2
2026403507,GEN0063,일반물리학1,3,전공기초,A+,4.5,false,2026,1
2026403507,GEN0066,일반물리학실험1,1,전공기초,D+,1.5,false,2026,1
2026403507,CUL7125,ESG와SDGs이해,2,교양필수,C,2.0,false,2026,1
2026403507,VCC1001,IC-PBL과비전설계,1,교양필수,B,3.0,false,2026,1
2026403507,CUL7131,창의적프로그래밍기초와실습,3,교양필수,B,3.0,false,2026,1
2026403507,EMS2021,물리해양학,3,전공기초,C+,2.5,false,2026,1
2026403507,GEN0064,일반물리학2,3,전공기초,,,false,2026,2
2026403507,GEN0067,일반물리학실험2,1,전공기초,,,false,2026,2
2026403507,CSE4018,인간과컴퓨터상호작용,3,전공핵심,,,false,2026,2
2026403507,CUL7128,오픈소스개발과활용,3,교양필수,,,false,2026,2
2026403507,PHY1008,드론의이해와응용,3,전공핵심,,,false,2026,2
2026403507,GEN2053,미분적분학2,3,전공기초,,,false,2026,2
2026403507,CUL2100,아카데믹글쓰기,2,교양필수,,,false,2026,2
2026985506,DES1001,스튜디오프랙티스,3,전공기초,B+,3.5,false,2026,1
2026985506,DES1002,2D디지털디자인,3,전공기초,D,1.0,false,2026,1
2026985506,DES1004,드로잉파운데이션,3,전공기초,B,3.0,false,2026,1
2026985506,VCC1001,IC-PBL과비전설계,1,교양필수,A,4.0,false,2026,1
2026985506,CUL2100,아카데믹글쓰기,2,교양필수,A+,4.5,false,2026,1
2026985506,CLU7124,AI리터러시,2,교양필수,A,4.0,false,2026,1
2026985506,CUL7135,파이썬과데이터분석,3,교양필수,,,false,2026,2
2026985506,DES1005,크리에이티브프로세스,3,전공기초,,,false,2026,2
2026985506,DES1003,3D스페이셜디자인,3,전공기초,,,false,2026,2
2026985506,CUL7125,ESG와SDGs이해,2,교양필수,,,false,2026,2
2026891093,GEN0063,일반물리학1,3,전공기초,B,3.0,false,2026,1
2026891093,GEN0066,일반물리학실험1,1,전공기초,B+,3.5,false,2026,1
2026891093,CUL7125,ESG와SDGs이해,2,교양필수,B+,3.5,false,2026,1
2026891093,VCC1001,IC-PBL과비전설계,1,교양필수,A+,4.5,false,2026,1
2026891093,CUL7131,창의적프로그래밍기초와실습,3,교양필수,C+,2.5,false,2026,1
2026891093,EMS2021,물리해양학,3,전공기초,A+,4.5,false,2026,1
2026891093,GEN0064,일반물리학2,3,전공기초,,,false,2026,2
2026891093,GEN0067,일반물리학실험2,1,전공기초,,,false,2026,2
2026891093,CSE4018,인간과컴퓨터상호작용,3,전공핵심,,,false,2026,2
2026891093,CUL7128,오픈소스개발과활용,3,교양필수,,,false,2026,2
2026891093,PHY1008,드론의이해와응용,3,전공핵심,,,false,2026,2
2026891093,GEN2053,미분적분학2,3,전공기초,,,false,2026,2
2026891093,CUL2100,아카데믹글쓰기,2,교양필수,,,false,2026,2
2026258189,GEN0063,일반물리학1,3,전공기초,B+,3.5,false,2026,1
2026258189,EMS1020,해양융합공학개론,2,전공기초,C+,2.5,false,2026,1
2026258189,GEN2052,미분적분학1,3,전공기초,B,3.0,false,2026,1
2026258189,GEN0074,일반생물학1,3,전공기초,A+,4.5,false,2026,1
2026258189,CUL7125,ESG와SDGs이해,2,교양필수,B,3.0,false,2026,1
2026258189,VCC1001,IC-PBL과비전설계,1,교양필수,B+,3.5,false,2026,1
2026258189,GEN0068,일반화학1,3,전공기초,B+,3.5,false,2026,1
2026258189,GEN0064,일반물리학2,3,전공기초,,,false,2026,2
2026258189,GEN2053,미분적분학2,3,전공기초,,,false,2026,2
2026258189,GEN0075,일반생물학2,3,전공기초,,,false,2026,2
2026258189,EMS1021,해양융합공학일반화학실험,1,전공기초,,,false,2026,2
2026258189,CLU7124,AI리터러시,2,교양필수,,,false,2026,2
2026258189,CUL2100,아카데믹글쓰기,2,교양필수,,,false,2026,2
2026258189,GEN0069,일반화학2,3,전공기초,,,false,2026,2
2026466813,GEN0063,일반물리학1,3,전공기초,D,1.0,false,2026,1
2026466813,GEN0066,일반물리학실험1,1,전공기초,B+,3.5,false,2026,1
2026466813,CUL7125,ESG와SDGs이해,2,교양필수,C+,2.5,false,2026,1
2026466813,CUL7131,창의적프로그래밍기초와실습,3,교양필수,A,4.0,false,2026,1
2026466813,GEN0068,일반화학1,3,전공기초,F,0.0,false,2026,1
2026466813,GEN2052,미분적분학1,3,전공기초,A,4.0,false,2026,1
2026466813,GEN0070,일반화학실험1,1,전공기초,A,4.0,false,2026,1
2026466813,GEN0064,일반물리학2,3,전공기초,,,false,2026,2
2026466813,GEN0067,일반물리학실험2,1,전공기초,,,false,2026,2
2026466813,CUL7128,오픈소스개발과활용,3,교양필수,,,false,2026,2
2026466813,CUL2100,아카데믹글쓰기,2,교양필수,,,false,2026,2
2026466813,GEN0071,일반화학실험2,1,전공기초,,,false,2026,2
2026289630,CUL7131,창의적프로그래밍기초와실습,3,교양필수,C+,2.5,false,2026,1
2026289630,GEN0068,일반화학1,3,전공기초,A,4.0,false,2026,1
2026289630,GEN2052,미분적분학1,3,전공기초,A,4.0,false,2026,1
2026289630,GEN2053,미분적분학2,3,전공기초,,,false,2026,2
2026289630,CUL2100,아카데믹글쓰기,2,교양필수,,,false,2026,2
2026627335,GCT1003,인공지능과지속가능발전,2,전공기초,A,4.0,false,2026,1
2026627335,GCT1004,영상문화의이해,2,전공기초,C,2.0,false,2026,1
2026627335,GCT1002,글로벌트랜드탐색,3,전공기초,A,4.0,false,2026,1
2026627335,GCT1001,K-컬쳐와글로벌한국학문화연구기초,2,전공기초,B+,3.5,false,2026,1
2026627335,VCC1001,IC-PBL과비전설계,1,교양필수,D+,1.5,false,2026,1
2026627335,CUL2100,아카데믹글쓰기,2,교양필수,A,4.0,false,2026,1
2026627335,CLU7124,AI리터러시,2,교양필수,B+,3.5,false,2026,1
2026627335,CUL7135,파이썬과데이터분석,3,교양필수,,,false,2026,2
2026627335,GCT1006,언어/문화모듈탐색,2,전공기초,,,false,2026,2
2026627335,GCT1007,글로벌통상의이해,2,전공기초,,,false,2026,2
2026627335,GCT1005,글로벌관광엔터테인먼트의이해,2,전공기초,,,false,2026,2
2026627335,CUL7125,ESG와SDGs이해,2,교양필수,,,false,2026,2
2026493124,CLU7124,AI리터러시,2,교양필수,B+,3.5,false,2026,1
2026493124,CUL2100,아카데믹글쓰기,2,교양필수,A+,4.5,false,2026,1
2026493124,APR1004,커뮤니케이션론,3,전공기초,A+,4.5,false,2026,1
2026493124,VCC1001,IC-PBL과비전설계,1,교양필수,A,4.0,false,2026,1
2026493124,CUL7135,파이썬과데이터분석,3,교양필수,,,false,2026,2
2026493124,APR1038,크리에이티브디자인,3,전공기초,,,false,2026,2
2026493124,APR1037,전략적커뮤니케이션,3,전공기초,,,false,2026,2
2026493124,CUL7125,ESG와SDGs이해,2,교양필수,,,false,2026,2
2026493124,APR2014,홍보원론,3,전공기초,,,false,2026,2
2026493124,GEN3065,컴퓨터그래픽응용,2,전공핵심,,,false,2026,2
2026493124,APR2013,광고원론,3,전공기초,,,false,2026,2
2026769989,VCC1001,IC-PBL과비전설계,1,교양필수,A,4.0,false,2026,1
2026769989,GEN0044,경영학원론,3,전공기초,B+,3.5,false,2026,1
2026769989,GEN0059,경제원론1,3,전공기초,B,3.0,false,2026,1
2026769989,ECO1001,경제학입문,3,전공핵심,A+,4.5,false,2026,1
2026769989,CUL7125,ESG와SDGs이해,2,교양필수,,,false,2026,2
2026769989,ECO1002,경제수학,3,전공기초,,,false,2026,2
2026769989,GEN0060,경제원론2,3,전공기초,,,false,2026,2
2026769989,ECO1022,기업가정신과관계역량,1,전공핵심,,,false,2026,2
2026769989,CUL7135,파이썬과데이터분석,3,교양필수,,,false,2026,2
2026491435,VCC1001,IC-PBL과비전설계,1,교양필수,F,0.0,false,2026,1
2026491435,BUS1005,경영통계분석1,3,전공기초,B+,3.5,false,2026,1
2026491435,GEN0044,경영학원론,3,전공기초,A,4.0,false,2026,1
2026491435,GEN0059,경제원론1,3,전공기초,A,4.0,false,2026,1
2026491435,CUL7124,AI리터러시,2,교양필수,C+,2.5,false,2026,1
2026491435,CUL2100,아카데믹글쓰기,2,교양필수,D+,1.5,false,2026,1
2026491435,CUL7125,ESG와SDGs이해,2,교양필수,,,false,2026,2
2026491435,CUL7135,파이썬과데이터분석,3,교양필수,,,false,2026,2
2026491435,BUS1010,회계정보의이해,3,전공기초,,,false,2026,2
2026430926,GEN0063,일반물리학1,3,전공기초,C,2.0,false,2026,1
2026430926,GEN0066,일반물리학실험1,1,전공기초,C+,2.5,false,2026,1
2026430926,CUL7125,ESG와SDGs이해,2,교양필수,C,2.0,false,2026,1
2026430926,VCC1001,IC-PBL과비전설계,1,교양필수,B+,3.5,false,2026,1
2026430926,CUL7131,창의적프로그래밍기초와실습,3,교양필수,D,1.0,false,2026,1
2026430926,EMS2021,물리해양학,3,전공기초,B,3.0,false,2026,1
2026430926,GEN0064,일반물리학2,3,전공기초,,,false,2026,2
2026430926,GEN0067,일반물리학실험2,1,전공기초,,,false,2026,2
2026430926,CSE4018,인간과컴퓨터상호작용,3,전공핵심,,,false,2026,2
2026430926,CUL7128,오픈소스개발과활용,3,교양필수,,,false,2026,2
2026430926,PHY1008,드론의이해와응용,3,전공핵심,,,false,2026,2
2026430926,GEN2053,미분적분학2,3,전공기초,,,false,2026,2
2026430926,CUL2100,아카데믹글쓰기,2,교양필수,,,false,2026,2
2026436814,DES1001,스튜디오프랙티스,3,전공기초,B,3.0,false,2026,1
2026436814,DES1002,2D디지털디자인,3,전공기초,B+,3.5,false,2026,1
2026436814,DES1004,드로잉파운데이션,3,전공기초,B,3.0,false,2026,1
2026436814,VCC1001,IC-PBL과비전설계,1,교양필수,C+,2.5,false,2026,1
2026436814,CUL2100,아카데믹글쓰기,2,교양필수,A,4.0,false,2026,1
2026436814,CLU7124,AI리터러시,2,교양필수,A+,4.5,false,2026,1
2026436814,CUL7135,파이썬과데이터분석,3,교양필수,,,false,2026,2
2026436814,DES1005,크리에이티브프로세스,3,전공기초,,,false,2026,2
2026436814,DES1003,3D스페이셜디자인,3,전공기초,,,false,2026,2
2026436814,CUL7125,ESG와SDGs이해,2,교양필수,,,false,2026,2
2026501451,GEN0063,일반물리학1,3,전공기초,C+,2.5,false,2026,1
2026501451,GEN0066,일반물리학실험1,1,전공기초,B,3.0,false,2026,1
2026501451,CUL7125,ESG와SDGs이해,2,교양필수,B+,3.5,false,2026,1
2026501451,VCC1001,IC-PBL과비전설계,1,교양필수,B,3.0,false,2026,1
2026501451,CUL7131,창의적프로그래밍기초와실습,3,교양필수,A,4.0,false,2026,1
2026501451,EMS2021,물리해양학,3,전공기초,A,4.0,false,2026,1
2026501451,GEN0064,일반물리학2,3,전공기초,,,false,2026,2
2026501451,GEN0067,일반물리학실험2,1,전공기초,,,false,2026,2
2026501451,CSE4018,인간과컴퓨터상호작용,3,전공핵심,,,false,2026,2
2026501451,CUL7128,오픈소스개발과활용,3,교양필수,,,false,2026,2
2026501451,PHY1008,드론의이해와응용,3,전공핵심,,,false,2026,2
2026501451,GEN2053,미분적분학2,3,전공기초,,,false,2026,2
2026501451,CUL2100,아카데믹글쓰기,2,교양필수,,,false,2026,2
2026848022,GEN0063,일반물리학1,3,전공기초,C+,2.5,false,2026,1
2026848022,EEN1003,전자공학의이해,1,전공기초,A,4.0,false,2026,1
2026848022,CUL7124,AI리터러시,2,교양필수,B,3.0,false,2026,1
2026848022,VCC1001,IC-PBL과비전설계,1,교양필수,B+,3.5,false,2026,1
2026848022,GEN2052,미분적분학1,3,전공기초,B,3.0,false,2026,1
2026848022,CUL7133,파이썬과인공지능,3,교양필수,B+,3.5,false,2026,1
2026848022,GEN0066,일반물리학실험1,1,전공기초,F,0.0,false,2026,1
2026848022,CUL2100,아카데믹글쓰기,2,교양필수,,,false,2026,2
2026848022,GEN2053,미분적분학2,3,전공기초,,,false,2026,2
2026848022,GEN0064,일반물리학2,3,전공기초,,,false,2026,2
2026906527,DES1001,스튜디오프랙티스,3,전공기초,C+,2.5,false,2026,1
2026906527,DES1002,2D디지털디자인,3,전공기초,B,3.0,false,2026,1
2026906527,DES1004,드로잉파운데이션,3,전공기초,B+,3.5,false,2026,1
2026906527,VCC1001,IC-PBL과비전설계,1,교양필수,A,4.0,false,2026,1
2026906527,CUL2100,아카데믹글쓰기,2,교양필수,D+,1.5,false,2026,1
2026906527,CLU7124,AI리터러시,2,교양필수,A,4.0,false,2026,1
2026906527,CUL7135,파이썬과데이터분석,3,교양필수,,,false,2026,2
2026906527,DES1005,크리에이티브프로세스,3,전공기초,,,false,2026,2
2026906527,DES1003,3D스페이셜디자인,3,전공기초,,,false,2026,2
2026906527,CUL7125,ESG와SDGs이해,2,교양필수,,,false,2026,2
2026659392,CUL2100,아카데믹글쓰기,2,교양필수,C+,2.5,false,2026,1
2026659392,VCC1001,IC-PBL과비전설계,1,교양필수,B+,3.5,false,2026,1
2026659392,GEN0059,경제원론1,3,전공핵심,B,3.0,false,2026,1
2026659392,ACT1005,미적분학1,3,전공기초,B,3.0,false,2026,1
2026659392,ACT1004,통계프로그래밍,3,전공기초,B,3.0,false,2026,1
2026659392,GEN0060,경제원론2,3,전공핵심,,,false,2026,2
2026659392,ACT1003,계리프로그래밍,3,전공기초,,,false,2026,2
2026659392,ACT1006,미적분학2,3,전공기초,,,false,2026,2
2026659392,CUL7135,파이썬과데이터분석,3,교양필수,,,false,2026,2
2026659392,BUS1010,회계정보의이해,3,전공기초,,,false,2026,2
2026162823,JMC2030,미디어제작의이해,3,전공기초,B,3.0,false,2026,1
2026162823,JMC2000,디지털미디어사회의이해,3,전공기초,,,false,2026,2
2026359961,GEN0063,일반물리학1,3,전공기초,A+,4.5,false,2026,1
2026359961,CSE1017,프로그래밍기초,3,전공기초,B+,3.5,false,2026,1
2026359961,CSE1007,논리학(컴퓨터전공),3,전공기초,B+,3.5,false,2026,1
2026359961,GEN2052,미분적분학1,3,전공기초,A,4.0,false,2026,1
2026359961,CUL7125,ESG와SDGs이해,2,교양필수,B,3.0,false,2026,1
2026359961,VCC1001,IC-PBL과비전설계,1,교양필수,A+,4.5,false,2026,1
2026359961,CUL7133,파이썬과인공지능,3,교양필수,A,4.0,false,2026,1
2026359961,CLU7124,AI리터러시,2,교양필수,B,3.0,false,2026,1
2026359961,MMT4017,퓨쳐미디어와디지털아트,3,전공핵심,,,false,2026,2
2026359961,ICT1001,기초확률통계,3,전공기초,,,false,2026,2
2026359961,CSE2010,자료구조론,3,전공기초,,,false,2026,2
2026359961,MCD1001,디자인테크놀로지융합의이해,3,전공핵심,,,false,2026,2
2026359961,MMT2012,디지털미디어의디자인활용,3,전공핵심,,,false,2026,2
2026359961,CS31020,창의융합설계,2,전공핵심,,,false,2026,2
2026359961,CUL2100,아카데믹글쓰기,2,교양필수,,,false,2026,2
2026900961,CUL2100,아카데믹글쓰기,2,교양필수,B+,3.5,false,2026,1
2026900961,CLU7124,AI리터러시,2,교양필수,F,0.0,false,2026,1
2026900961,VCC1001,IC-PBL과비전설계,1,교양필수,B,3.0,false,2026,1
2026900961,GEN0059,경제원론1,3,전공핵심,B+,3.5,false,2026,1
2026900961,ACT1005,미적분학1,3,전공기초,A,4.0,false,2026,1
2026900961,ACT1004,통계프로그래밍,3,전공기초,B,3.0,false,2026,1
2026900961,CUL7125,ESG와SDGs이해,2,교양필수,,,false,2026,2
2026900961,GEN0060,경제원론2,3,전공핵심,,,false,2026,2
2026900961,ACT1003,계리프로그래밍,3,전공기초,,,false,2026,2
2026900961,ACT1006,미적분학2,3,전공기초,,,false,2026,2
2026900961,ACT1007,보험원론,3,전공핵심,,,false,2026,2
2026900961,CUL7135,파이썬과데이터분석,3,교양필수,,,false,2026,2
2026900961,BUS1010,회계정보의이해,3,전공기초,,,false,2026,2
2026640546,DES1001,스튜디오프랙티스,3,전공기초,C+,2.5,false,2026,1
2026640546,DES1002,2D디지털디자인,3,전공기초,B+,3.5,false,2026,1
2026640546,DES1004,드로잉파운데이션,3,전공기초,B,3.0,false,2026,1
2026640546,VCC1001,IC-PBL과비전설계,1,교양필수,F,0.0,false,2026,1
2026640546,CUL2100,아카데믹글쓰기,2,교양필수,B,3.0,false,2026,1
2026640546,CLU7124,AI리터러시,2,교양필수,C+,2.5,false,2026,1
2026640546,CUL7135,파이썬과데이터분석,3,교양필수,,,false,2026,2
2026640546,DES1005,크리에이티브프로세스,3,전공기초,,,false,2026,2
2026640546,DES1003,3D스페이셜디자인,3,전공기초,,,false,2026,2
2026640546,CUL7125,ESG와SDGs이해,2,교양필수,,,false,2026,2
2026278794,GEN0074,일반생물학1,3,전공기초,B,3.0,false,2026,1
2026278794,GEN0076,일반생물학실험1,1,전공기초,B,3.0,false,2026,1
2026278794,GEN0068,일반화학1,3,전공기초,B+,3.5,false,2026,1
2026278794,CUL7125,ESG와SDGs이해,2,교양필수,C,2.0,false,2026,1
2026278794,VCC1001,IC-PBL과비전설계,1,교양필수,C+,2.5,false,2026,1
2026278794,CUL7131,창의적프로그래밍기초와실습,3,교양필수,C+,2.5,false,2026,1
2026278794,GEN3032,기초물리학,2,전공기초,B,3.0,false,2026,1
2026278794,GEN0070,일반화학실험1,1,전공기초,B,3.0,false,2026,1
2026278794,GEN0075,일반생물학2,3,전공기초,,,false,2026,2
2026278794,GEN0077,일반생물학실험2,1,전공기초,,,false,2026,2
2026278794,GEN0069,일반화학2,3,전공기초,,,false,2026,2
2026278794,CUL7128,오픈소스개발과활용,3,교양필수,,,false,2026,2
2026278794,GEN2053,미분적분학2,3,전공기초,,,false,2026,2
2026278794,GEN0071,일반화학실험2,1,전공기초,,,false,2026,2
2026278794,CUL2100,아카데믹글쓰기,2,교양필수,,,false,2026,2
2026855944,DES1002,2D디지털디자인,3,전공기초,B,3.0,false,2026,1
2026855944,DES1004,드로잉파운데이션,3,전공기초,B+,3.5,false,2026,1
2026855944,DES1003,3D스페이셜디자인,3,전공기초,,,false,2026,2
2026855944,CUL7125,ESG와SDGs이해,2,교양필수,,,false,2026,2
2026669576,VCC1001,IC-PBL과비전설계,1,교양필수,C+,2.5,false,2026,1
2026669576,JMC1008,커뮤니케이션학의이해,3,전공기초,A,4.0,false,2026,1
2026669576,CUL2100,아카데믹글쓰기,2,교양필수,B,3.0,false,2026,1
2026669576,CUL7135,파이썬과데이터분석,2,교양필수,,,false,2026,2
2026669576,CUL7125,ESG와SDGs이해,2,교양필수,,,false,2026,2
2026656837,GEN2052,미분적분학1,3,전공기초,B,3.0,false,2026,1
2026656837,INE1016,산업의이해,3,전공기초,,,false,2026,2
2026656837,GEN2053,미분적분학2,3,전공기초,,,false,2026,2
2026906066,DCC1011,콘텐츠스토리텔링기초,3,전공기초,C,2.0,false,2026,1
2026906066,DCC2001,창의적발상법,3,전공기초,A+,4.5,false,2026,1
2026906066,VCC1001,IC-PBL과비전설계,1,교양필수,B,3.0,false,2026,1
2026906066,DCC1010,문화콘텐츠의기초,3,전공기초,A+,4.5,false,2026,1
2026906066,CUL2100,아카데믹글쓰기,2,교양필수,F,0.0,false,2026,1
2026906066,CLU7124,AI리터러시,2,교양필수,A,4.0,false,2026,1
2026906066,DCC1007,문화콘텐츠인문학,3,전공기초,,,false,2026,2
2026906066,DCC2005,문화콘텐츠기획론,3,전공핵심,,,false,2026,2
2026906066,DCC2004,멀티미디어저작실습,3,전공핵심,,,false,2026,2
2026906066,CUL7125,ESG와SDGs이해,2,교양필수,,,false,2026,2
2026866634,GEN0063,일반물리학1,3,전공기초,B+,3.5,false,2026,1
2026866634,GEN0066,일반물리학실험1,1,전공기초,A+,4.5,false,2026,1
2026866634,CUL7125,ESG와SDGs이해,2,교양필수,F,0.0,false,2026,1
2026866634,VCC1001,IC-PBL과비전설계,1,교양필수,B+,3.5,false,2026,1
2026866634,CUL7131,창의적프로그래밍기초와실습,3,교양필수,D+,1.5,false,2026,1
2026866634,EMS2021,물리해양학,3,전공기초,A+,4.5,false,2026,1
2026866634,GEN0064,일반물리학2,3,전공기초,,,false,2026,2
2026866634,GEN0067,일반물리학실험2,1,전공기초,,,false,2026,2
2026866634,CSE4018,인간과컴퓨터상호작용,3,전공핵심,,,false,2026,2
2026866634,CUL7128,오픈소스개발과활용,3,교양필수,,,false,2026,2
2026866634,PHY1008,드론의이해와응용,3,전공핵심,,,false,2026,2
2026866634,GEN2053,미분적분학2,3,전공기초,,,false,2026,2
2026866634,CUL2100,아카데믹글쓰기,2,교양필수,,,false,2026,2
2026165142,DES1001,스튜디오프랙티스,3,전공기초,A,4.0,false,2026,1
2026165142,DES1002,2D디지털디자인,3,전공기초,C+,2.5,false,2026,1
2026165142,DES1004,드로잉파운데이션,3,전공기초,B,3.0,false,2026,1
2026165142,VCC1001,IC-PBL과비전설계,1,교양필수,B+,3.5,false,2026,1
2026165142,CUL2100,아카데믹글쓰기,2,교양필수,B,3.0,false,2026,1
2026165142,CLU7124,AI리터러시,2,교양필수,B+,3.5,false,2026,1
2026165142,CUL7135,파이썬과데이터분석,3,교양필수,,,false,2026,2
2026165142,DES1005,크리에이티브프로세스,3,전공기초,,,false,2026,2
2026165142,DES1003,3D스페이셜디자인,3,전공기초,,,false,2026,2
2026165142,CUL7125,ESG와SDGs이해,2,교양필수,,,false,2026,2
2026969032,VCC1001,IC-PBL과비전설계,1,교양필수,B+,3.5,false,2026,1
2026969032,GEN0044,경영학원론,3,전공기초,B,3.0,false,2026,1
2026969032,GEN0059,경제원론1,3,전공기초,B+,3.5,false,2026,1
2026969032,ECO1001,경제학입문,3,전공핵심,A+,4.5,false,2026,1
2026969032,CUL7125,ESG와SDGs이해,2,교양필수,,,false,2026,2
2026969032,ECO1002,경제수학,3,전공기초,,,false,2026,2
2026969032,GEN0060,경제원론2,3,전공기초,,,false,2026,2
2026969032,ECO1022,기업가정신과관계역량,1,전공핵심,,,false,2026,2
2026969032,CUL7135,파이썬과데이터분석,3,교양필수,,,false,2026,2
2026147489,VCC1001,IC-PBL과비전설계,1,교양필수,B+,3.5,false,2026,1
2026147489,BUS1005,경영통계분석1,3,전공기초,B,3.0,false,2026,1
2026147489,GEN0044,경영학원론,3,전공기초,B,3.0,false,2026,1
2026147489,GEN0059,경제원론1,3,전공기초,B,3.0,false,2026,1
2026147489,CUL7124,AI리터러시,2,교양필수,B,3.0,false,2026,1
2026147489,CUL2100,아카데믹글쓰기,2,교양필수,B+,3.5,false,2026,1
2026147489,CUL7125,ESG와SDGs이해,2,교양필수,,,false,2026,2
2026147489,CUL7135,파이썬과데이터분석,3,교양필수,,,false,2026,2
2026147489,BUS1010,회계정보의이해,3,전공기초,,,false,2026,2
2026412856,ARE1055,건축표현기법1,3,전공기초,A,4.0,false,2026,1
2026412856,ARE1063,건축학개론,3,전공핵심,A+,4.5,false,2026,1
2026412856,ARE1064,건축기본설계1,3,전공핵심,A+,4.5,false,2026,1
2026412856,CUL7124,AI리터러시,2,교양필수,B,3.0,false,2026,1
2026412856,CUL7125,ESG와SDGs이해,2,교양필수,C+,2.5,false,2026,1
2026412856,CUL7133,파이썬과인공지능,3,교양필수,A+,4.5,false,2026,1
2026412856,VCC1001,IC-PBL과비전설계,1,교양필수,C+,2.5,false,2026,1
2026412856,ARE1065,건축기본설계2,4,전공기초,,,false,2026,2
2026412856,ARE2076,디지털모델링1,3,전공기초,,,false,2026,2
2026412856,CUL2100,아카데믹글쓰기,2,교양필수,,,false,2026,2
2026403314,GEN0063,일반물리학1,3,전공기초,A+,4.5,false,2026,1
2026403314,GEN0066,일반물리학실험1,1,전공기초,D,1.0,false,2026,1
2026403314,CUL7125,ESG와SDGs이해,2,교양필수,C,2.0,false,2026,1
2026403314,VCC1001,IC-PBL과비전설계,1,교양필수,C,2.0,false,2026,1
2026403314,CUL7131,창의적프로그래밍기초와실습,3,교양필수,B,3.0,false,2026,1
2026403314,EMS2021,물리해양학,3,전공기초,B+,3.5,false,2026,1
2026403314,GEN0064,일반물리학2,3,전공기초,,,false,2026,2
2026403314,GEN0067,일반물리학실험2,1,전공기초,,,false,2026,2
2026403314,CSE4018,인간과컴퓨터상호작용,3,전공핵심,,,false,2026,2
2026403314,CUL7128,오픈소스개발과활용,3,교양필수,,,false,2026,2
2026403314,PHY1008,드론의이해와응용,3,전공핵심,,,false,2026,2
2026403314,GEN2053,미분적분학2,3,전공기초,,,false,2026,2
2026403314,CUL2100,아카데믹글쓰기,2,교양필수,,,false,2026,2
2026891062,CUL2100,아카데믹글쓰기,2,교양필수,B,3.0,false,2026,1
2026891062,CLU7124,AI리터러시,2,교양필수,D+,1.5,false,2026,1
2026891062,VCC1001,IC-PBL과비전설계,1,교양필수,C,2.0,false,2026,1
2026891062,GEN0059,경제원론1,3,전공핵심,A+,4.5,false,2026,1
2026891062,ACT1005,미적분학1,3,전공기초,C+,2.5,false,2026,1
2026891062,ACT1004,통계프로그래밍,3,전공기초,A,4.0,false,2026,1
2026891062,CUL7125,ESG와SDGs이해,2,교양필수,,,false,2026,2
2026891062,GEN0060,경제원론2,3,전공핵심,,,false,2026,2
2026891062,ACT1003,계리프로그래밍,3,전공기초,,,false,2026,2
2026891062,ACT1006,미적분학2,3,전공기초,,,false,2026,2
2026891062,ACT1007,보험원론,3,전공핵심,,,false,2026,2
2026891062,CUL7135,파이썬과데이터분석,3,교양필수,,,false,2026,2
2026891062,BUS1010,회계정보의이해,3,전공기초,,,false,2026,2
2026116078,CUL2100,아카데믹글쓰기,2,교양필수,B+,3.5,false,2026,1
2026116078,APR1004,커뮤니케이션론,3,전공기초,B,3.0,false,2026,1
2026116078,APR1038,크리에이티브디자인,3,전공기초,,,false,2026,2
2026116078,APR1037,전략적커뮤니케이션,3,전공기초,,,false,2026,2
2026116078,CUL7125,ESG와SDGs이해,2,교양필수,,,false,2026,2
2026116078,APR2014,홍보원론,3,전공기초,,,false,2026,2
2026116078,APR2013,광고원론,3,전공기초,,,false,2026,2
2026980521,GEN0063,일반물리학1,3,전공기초,B+,3.5,false,2026,1
2026980521,GEN0066,일반물리학실험1,1,전공기초,B+,3.5,false,2026,1
2026980521,CUL7125,ESG와SDGs이해,2,교양필수,C,2.0,false,2026,1
2026980521,VCC1001,IC-PBL과비전설계,1,교양필수,B,3.0,false,2026,1
2026980521,CUL7131,창의적프로그래밍기초와실습,3,교양필수,B,3.0,false,2026,1
2026980521,EMS2021,물리해양학,3,전공기초,B,3.0,false,2026,1
2026980521,GEN0064,일반물리학2,3,전공기초,,,false,2026,2
2026980521,GEN0067,일반물리학실험2,1,전공기초,,,false,2026,2
2026980521,CSE4018,인간과컴퓨터상호작용,3,전공핵심,,,false,2026,2
2026980521,CUL7128,오픈소스개발과활용,3,교양필수,,,false,2026,2
2026980521,PHY1008,드론의이해와응용,3,전공핵심,,,false,2026,2
2026980521,GEN2053,미분적분학2,3,전공기초,,,false,2026,2
2026980521,CUL2100,아카데믹글쓰기,2,교양필수,,,false,2026,2
2026668471,GEN0074,일반생물학1,3,전공기초,A+,4.5,false,2026,1
2026668471,GEN0076,일반생물학실험1,1,전공기초,B,3.0,false,2026,1
2026668471,GEN0068,일반화학1,3,전공기초,D+,1.5,false,2026,1
2026668471,CUL7125,ESG와SDGs이해,2,교양필수,D+,1.5,false,2026,1
2026668471,VCC1001,IC-PBL과비전설계,1,교양필수,B,3.0,false,2026,1
2026668471,CUL7131,창의적프로그래밍기초와실습,3,교양필수,A+,4.5,false,2026,1
2026668471,GEN3032,기초물리학,2,전공기초,B,3.0,false,2026,1
2026668471,GEN0070,일반화학실험1,1,전공기초,B+,3.5,false,2026,1
2026668471,GEN0075,일반생물학2,3,전공기초,,,false,2026,2
2026668471,GEN0077,일반생물학실험2,1,전공기초,,,false,2026,2
2026668471,GEN0069,일반화학2,3,전공기초,,,false,2026,2
2026668471,CUL7128,오픈소스개발과활용,3,교양필수,,,false,2026,2
2026668471,GEN2053,미분적분학2,3,전공기초,,,false,2026,2
2026668471,GEN0071,일반화학실험2,1,전공기초,,,false,2026,2
2026668471,CUL2100,아카데믹글쓰기,2,교양필수,,,false,2026,2
2026301255,GEN0063,일반물리학1,3,전공기초,B,3.0,false,2026,1
2026301255,CUL7124,AI리터러시,2,교양필수,A+,4.5,false,2026,1
2026301255,CUL7125,ESG와SDGs이해,2,교양필수,A+,4.5,false,2026,1
2026301255,CUL7133,파이썬과인공지능,3,교양필수,A,4.0,false,2026,1
2026301255,GEN2052,미분적분학1,3,전공기초,B,3.0,false,2026,1
2026301255,TRE1020,교통물류개론,3,전공핵심,B+,3.5,false,2026,1
2026301255,VCC1001,IC-PBL과비전설계,1,교양필수,C+,2.5,false,2026,1
2026301255,GEN0066,일반물리학실험1,1,전공기초,B,3.0,false,2026,1
2026301255,COE2003,정역학,3,전공기초,,,false,2026,2
2026301255,CUL2100,아카데믹글쓰기,2,교양필수,,,false,2026,2
2026301255,GEN2053,미분적분학2,3,전공기초,,,false,2026,2
2026301255,TRE1022,스마트모빌리티입문설계,3,전공기초,,,false,2026,2
2026301255,TRE2010,물류의이해,3,전공핵심,,,false,2026,2
2026301255,URE2002,도시계획,3,전공핵심,,,false,2026,2
2026301255,GEN0064,일반물리학2,3,전공기초,,,false,2026,2
2026301255,GEN0067,일반물리학실험2,1,전공기초,,,false,2026,2
2026669408,CUL7125,ESG와SDGs이해,2,교양필수,C+,2.5,false,2026,1
2026669408,CUL7133,파이썬과인공지능,3,교양필수,A,4.0,false,2026,1
2026669408,GEN0063,일반물리학1,3,전공기초,F,0.0,false,2026,1
2026669408,GEN2052,미분적분학1,3,전공기초,C+,2.5,false,2026,1
2026669408,GEN0066,일반물리학실험1,1,전공기초,B,3.0,false,2026,1
2026669408,GEN0068,일반화학1,3,전공기초,D,1.0,false,2026,1
2026669408,GEN0070,일반화학실험1,1,전공기초,A+,4.5,false,2026,1
2026669408,COE2003,정역학,3,전공핵심,,,false,2026,2
2026669408,CUL2100,아카데믹글쓰기,2,교양필수,,,false,2026,2
2026669408,CUL7124,AI리터러시,2,교양필수,,,false,2026,2
2026669408,GEN2053,미분적분학2,3,전공기초,,,false,2026,2
2026669408,GEN0071,일반화학실험2,1,전공기초,,,false,2026,2
2026572436,GEN0063,일반물리학1,3,전공기초,B+,3.5,false,2026,1
2026572436,CUL7125,ESG와SDGs이해,2,교양필수,C+,2.5,false,2026,1
2026572436,VCC1001,IC-PBL과비전설계,1,교양필수,A,4.0,false,2026,1
2026572436,CUL7131,창의적프로그래밍기초와실습,3,교양필수,B+,3.5,false,2026,1
2026572436,GEN0068,일반화학1,3,전공기초,B+,3.5,false,2026,1
2026572436,GEN2052,미분적분학1,3,전공기초,A+,4.5,false,2026,1
2026572436,CUL7128,오픈소스개발과활용,3,교양필수,,,false,2026,2
2026572436,GEN2053,미분적분학2,3,전공기초,,,false,2026,2
2026572436,GEN0069,일반화학2,3,전공기초,,,false,2026,2
2026570646,GEN0063,일반물리학1,3,전공기초,A,4.0,false,2026,1
2026570646,EEN1003,전자공학의이해,1,전공기초,A,4.0,false,2026,1
2026570646,CUL7124,AI리터러시,2,교양필수,A,4.0,false,2026,1
2026570646,CUL7125,ESG와SDGs이해,2,교양필수,A,4.0,false,2026,1
2026570646,VCC1001,IC-PBL과비전설계,1,교양필수,A,4.0,false,2026,1
2026570646,GEN2052,미분적분학1,3,전공기초,A,4.0,false,2026,1
2026570646,CUL7133,파이썬과인공지능,3,교양필수,B+,3.5,false,2026,1
2026570646,GEN0066,일반물리학실험1,1,전공기초,C+,2.5,false,2026,1
2026570646,CUL2100,아카데믹글쓰기,2,교양필수,,,false,2026,2
2026570646,GEN2053,미분적분학2,3,전공기초,,,false,2026,2
2026570646,ELE3037,확률과통계,3,전공기초,,,false,2026,2
2026570646,GEN0064,일반물리학2,3,전공기초,,,false,2026,2
2026570646,GEN0067,일반물리학실험2,1,전공기초,,,false,2026,2
2026514913,VCC1001,IC-PBL과비전설계,1,교양필수,D,1.0,false,2026,1
2026514913,GEN0044,경영학원론,3,전공기초,D,1.0,false,2026,1
2026514913,GEN0059,경제원론1,3,전공기초,A,4.0,false,2026,1
2026514913,ECO1001,경제학입문,3,전공핵심,B,3.0,false,2026,1
2026514913,CUL7125,ESG와SDGs이해,2,교양필수,,,false,2026,2
2026514913,ECO1002,경제수학,3,전공기초,,,false,2026,2
2026514913,GEN0060,경제원론2,3,전공기초,,,false,2026,2
2026514913,ECO1022,기업가정신과관계역량,1,전공핵심,,,false,2026,2
2026514913,CUL7135,파이썬과데이터분석,3,교양필수,,,false,2026,2
2026309505,DCC1011,콘텐츠스토리텔링기초,3,전공기초,A,4.0,false,2026,1
2026309505,DCC2001,창의적발상법,3,전공기초,B,3.0,false,2026,1
2026309505,VCC1001,IC-PBL과비전설계,1,교양필수,C+,2.5,false,2026,1
2026309505,DCC1010,문화콘텐츠의기초,3,전공기초,C+,2.5,false,2026,1
2026309505,CUL2100,아카데믹글쓰기,2,교양필수,A+,4.5,false,2026,1
2026309505,CLU7124,AI리터러시,2,교양필수,F,0.0,false,2026,1
2026309505,DCC2017,문화콘텐츠마케팅,3,전공기초,,,false,2026,2
2026309505,DCC2005,문화콘텐츠기획론,3,전공핵심,,,false,2026,2
2026309505,DCC2004,멀티미디어저작실습,3,전공핵심,,,false,2026,2
2026309505,CUL7125,ESG와SDGs이해,2,교양필수,,,false,2026,2
2026951755,GEN0063,일반물리학1,3,전공기초,A+,4.5,false,2026,1
2026951755,VCC1001,IC-PBL과비전설계,1,교양필수,A,4.0,false,2026,1
2026951755,CSE4018,인간과컴퓨터상호작용,3,전공핵심,,,false,2026,2
2026951755,GEN2053,미분적분학2,3,전공기초,,,false,2026,2
2026951755,CUL2100,아카데믹글쓰기,2,교양필수,,,false,2026,2
2026812565,DCC2019,프리젠테이션기술과피칭전략,3,전공핵심,B+,3.5,false,2026,1
2026812565,DCC1011,콘텐츠스토리텔링기초,3,전공기초,A+,4.5,false,2026,1
2026812565,DCC2001,창의적발상법,3,전공기초,C+,2.5,false,2026,1
2026812565,VCC1001,IC-PBL과비전설계,1,교양필수,B+,3.5,false,2026,1
2026812565,CUL2100,아카데믹글쓰기,2,교양필수,A+,4.5,false,2026,1
2026812565,CLU7124,AI리터러시,2,교양필수,A+,4.5,false,2026,1
2026812565,CUL7135,파이썬과데이터분석,2,교양필수,,,false,2026,2
2026812565,DCC2017,문화콘텐츠마케팅,3,전공기초,,,false,2026,2
2026812565,DCC2005,문화콘텐츠기획론,3,전공핵심,,,false,2026,2
2026812565,DCC2004,멀티미디어저작실습,3,전공핵심,,,false,2026,2
2026812565,CUL7125,ESG와SDGs이해,2,교양필수,,,false,2026,2
2026447067,GEN0063,일반물리학1,3,전공기초,A,4.0,false,2026,1
2026447067,GEN1030,컴퓨터개론,3,전공핵심,C+,2.5,false,2026,1
2026447067,GEN2052,미분적분학1,3,전공기초,C+,2.5,false,2026,1
2026447067,CSE1017,프로그래밍기초,3,전공기초,B,3.0,false,2026,1
2026447067,CUL7125,ESG와SDGs이해,2,교양필수,C+,2.5,false,2026,1
2026447067,VCC1001,IC-PBL과비전설계,1,교양필수,B,3.0,false,2026,1
2026447067,CUL7133,파이썬과인공지능,3,교양필수,B+,3.5,false,2026,1
2026447067,DAI1002,인공지능코딩,3,전공기초,A,4.0,false,2026,1
2026447067,CLU7124,AI리터러시,2,교양필수,A+,4.5,false,2026,1
2026447067,MMT2009,인공지능의이해,3,전공핵심,,,false,2026,2
2026447067,ELE3037,확률과통계,3,전공기초,,,false,2026,2
2026447067,CSE2018,시스템프로그래밍기초,3,전공핵심,,,false,2026,2
2026447067,DAI1001,오픈소스실전인공지능,3,전공핵심,,,false,2026,2
2026447067,CUL2100,아카데믹글쓰기,2,교양필수,,,false,2026,2
2026953266,GEN1030,컴퓨터개론,3,전공핵심,B+,3.5,false,2026,1
2026953266,GEN2052,미분적분학1,3,전공기초,B+,3.5,false,2026,1
2026953266,CSE1017,프로그래밍기초,3,전공기초,B,3.0,false,2026,1
2026953266,CUL7125,ESG와SDGs이해,2,교양필수,D+,1.5,false,2026,1
2026953266,VCC1001,IC-PBL과비전설계,1,교양필수,D+,1.5,false,2026,1
2026953266,CUL7133,파이썬과인공지능,3,교양필수,A,4.0,false,2026,1
2026953266,CLU7124,AI리터러시,2,교양필수,A,4.0,false,2026,1
2026953266,ITE1009,C프로그래밍,3,전공핵심,,,false,2026,2
2026953266,CSE1019,오픈소스SW기초,2,전공핵심,,,false,2026,2
2026953266,MAT2020,이산수학,3,전공기초,,,false,2026,2
2026953266,COM2018,객체지향프로그래밍,3,전공핵심,,,false,2026,2
2026953266,CSE1021,소프트웨어엔지니어링커뮤니케이션,2,전공기초,,,false,2026,2
2026953266,CUL2100,아카데믹글쓰기,2,교양필수,,,false,2026,2
2026954815,VCC1001,IC-PBL과비전설계,1,교양필수,A,4.0,false,2026,1
2026954815,BUS1005,경영통계분석1,3,전공기초,A,4.0,false,2026,1
2026954815,GEN0044,경영학원론,3,전공기초,C+,2.5,false,2026,1
2026954815,GEN0059,경제원론1,3,전공기초,B,3.0,false,2026,1
2026954815,CUL7124,AI리터러시,2,교양필수,C+,2.5,false,2026,1
2026954815,CUL2100,아카데믹글쓰기,2,교양필수,B,3.0,false,2026,1
2026954815,CUL7125,ESG와SDGs이해,2,교양필수,,,false,2026,2
2026954815,CUL7135,파이썬과데이터분석,3,교양필수,,,false,2026,2
2026954815,BUS1010,회계정보의이해,3,전공기초,,,false,2026,2
2026893547,DES1001,스튜디오프랙티스,3,전공기초,C,2.0,false,2026,1
2026893547,DES1002,2D디지털디자인,3,전공기초,A+,4.5,false,2026,1
2026893547,DES1004,드로잉파운데이션,3,전공기초,C+,2.5,false,2026,1
2026893547,VCC1001,IC-PBL과비전설계,1,교양필수,A,4.0,false,2026,1
2026893547,CUL2100,아카데믹글쓰기,2,교양필수,C+,2.5,false,2026,1
2026893547,CUL7135,파이썬과데이터분석,3,교양필수,,,false,2026,2
2026893547,CUL7125,ESG와SDGs이해,2,교양필수,,,false,2026,2
2026944565,GEN0063,일반물리학1,3,전공기초,D,1.0,false,2026,1
2026944565,GEN0066,일반물리학실험1,1,전공기초,C+,2.5,false,2026,1
2026944565,EMS2021,물리해양학,3,전공기초,D+,1.5,false,2026,1
2026944565,GEN2053,미분적분학2,3,전공기초,,,false,2026,2
2026944565,CUL2100,아카데믹글쓰기,2,교양필수,,,false,2026,2
2026845951,GEN0074,일반생물학1,3,전공기초,D,1.0,false,2026,1
2026845951,GEN0076,일반생물학실험1,1,전공기초,B+,3.5,false,2026,1
2026845951,GEN0068,일반화학1,3,전공기초,A+,4.5,false,2026,1
2026845951,CUL7125,ESG와SDGs이해,2,교양필수,C+,2.5,false,2026,1
2026845951,VCC1001,IC-PBL과비전설계,1,교양필수,C+,2.5,false,2026,1
2026845951,CUL7131,창의적프로그래밍기초와실습,3,교양필수,C+,2.5,false,2026,1
2026845951,GEN3032,기초물리학,2,전공기초,B+,3.5,false,2026,1
2026845951,GEN0070,일반화학실험1,1,전공기초,B,3.0,false,2026,1
2026845951,GEN0075,일반생물학2,3,전공기초,,,false,2026,2
2026845951,GEN0077,일반생물학실험2,1,전공기초,,,false,2026,2
2026845951,GEN0069,일반화학2,3,전공기초,,,false,2026,2
2026845951,CUL7128,오픈소스개발과활용,3,교양필수,,,false,2026,2
2026845951,GEN2053,미분적분학2,3,전공기초,,,false,2026,2
2026845951,GEN0071,일반화학실험2,1,전공기초,,,false,2026,2
2026845951,CUL2100,아카데믹글쓰기,2,교양필수,,,false,2026,2
2026454161,VCC1001,IC-PBL과비전설계,1,교양필수,B+,3.5,false,2026,1
2026454161,JMC1008,커뮤니케이션학의이해,3,전공기초,F,0.0,false,2026,1
2026454161,JMC2030,미디어제작의이해,3,전공기초,B+,3.5,false,2026,1
2026454161,CUL2100,아카데믹글쓰기,2,교양필수,F,0.0,false,2026,1
2026454161,CLU7124,AI리터러시,2,교양필수,C,2.0,false,2026,1
2026454161,CUL7135,파이썬과데이터분석,2,교양필수,,,false,2026,2
2026454161,CUL7125,ESG와SDGs이해,2,교양필수,,,false,2026,2
2026454161,JMC2000,디지털미디어사회의이해,3,전공기초,,,false,2026,2
2026454161,JOU3066,스피치커뮤니케이션의이해,3,전공기초,,,false,2026,2
2026780432,VCC1001,IC-PBL과비전설계,1,교양필수,A+,4.5,false,2026,1
2026780432,JMC1008,커뮤니케이션학의이해,3,전공기초,B,3.0,false,2026,1
2026780432,JMC2030,미디어제작의이해,3,전공기초,C+,2.5,false,2026,1
2026780432,CUL2100,아카데믹글쓰기,2,교양필수,F,0.0,false,2026,1
2026780432,CLU7124,AI리터러시,2,교양필수,B+,3.5,false,2026,1
2026780432,CUL7135,파이썬과데이터분석,2,교양필수,,,false,2026,2
2026780432,CUL7125,ESG와SDGs이해,2,교양필수,,,false,2026,2
2026780432,JMC2000,디지털미디어사회의이해,3,전공기초,,,false,2026,2
2026780432,JOU3066,스피치커뮤니케이션의이해,3,전공기초,,,false,2026,2
2026485416,VCC1001,IC-PBL과비전설계,1,교양필수,B,3.0,false,2026,1
2026485416,GEN0044,경영학원론,3,전공기초,A,4.0,false,2026,1
2026485416,GEN0059,경제원론1,3,전공기초,B+,3.5,false,2026,1
2026485416,ECO1001,경제학입문,3,전공핵심,B,3.0,false,2026,1
2026485416,CUL7125,ESG와SDGs이해,2,교양필수,,,false,2026,2
2026485416,ECO1002,경제수학,3,전공기초,,,false,2026,2
2026485416,GEN0060,경제원론2,3,전공기초,,,false,2026,2
2026485416,ECO1022,기업가정신과관계역량,1,전공핵심,,,false,2026,2
2026485416,CUL7135,파이썬과데이터분석,3,교양필수,,,false,2026,2
2026246622,DCC2019,프리젠테이션기술과피칭전략,3,전공핵심,B,3.0,false,2026,1
2026246622,DCC1011,콘텐츠스토리텔링기초,3,전공기초,A+,4.5,false,2026,1
2026246622,DCC2001,창의적발상법,3,전공기초,B,3.0,false,2026,1
2026246622,VCC1001,IC-PBL과비전설계,1,교양필수,B,3.0,false,2026,1
2026246622,DCC1010,문화콘텐츠의기초,3,전공기초,B,3.0,false,2026,1
2026246622,CUL2100,아카데믹글쓰기,2,교양필수,F,0.0,false,2026,1
2026246622,CLU7124,AI리터러시,2,교양필수,F,0.0,false,2026,1
2026246622,CUL7135,파이썬과데이터분석,2,교양필수,,,false,2026,2
2026246622,DCC1007,문화콘텐츠인문학,3,전공기초,,,false,2026,2
2026246622,DCC2017,문화콘텐츠마케팅,3,전공기초,,,false,2026,2
2026246622,DCC2005,문화콘텐츠기획론,3,전공핵심,,,false,2026,2
2026246622,DCC2004,멀티미디어저작실습,3,전공핵심,,,false,2026,2
2026246622,CUL7125,ESG와SDGs이해,2,교양필수,,,false,2026,2
2026907788,GEN0063,일반물리학1,3,전공기초,B,3.0,false,2026,1
2026907788,GEN0066,일반물리학실험1,1,전공기초,B,3.0,false,2026,1
2026907788,CUL7125,ESG와SDGs이해,2,교양필수,A,4.0,false,2026,1
2026907788,VCC1001,IC-PBL과비전설계,1,교양필수,A+,4.5,false,2026,1
2026907788,CUL7131,창의적프로그래밍기초와실습,3,교양필수,A+,4.5,false,2026,1
2026907788,EMS2021,물리해양학,3,전공기초,D+,1.5,false,2026,1
2026907788,GEN0064,일반물리학2,3,전공기초,,,false,2026,2
2026907788,GEN0067,일반물리학실험2,1,전공기초,,,false,2026,2
2026907788,CSE4018,인간과컴퓨터상호작용,3,전공핵심,,,false,2026,2
2026907788,CUL7128,오픈소스개발과활용,3,교양필수,,,false,2026,2
2026907788,PHY1008,드론의이해와응용,3,전공핵심,,,false,2026,2
2026907788,GEN2053,미분적분학2,3,전공기초,,,false,2026,2
2026907788,CUL2100,아카데믹글쓰기,2,교양필수,,,false,2026,2
2026190400,DES1001,스튜디오프랙티스,3,전공기초,A,4.0,false,2026,1
2026190400,DES1002,2D디지털디자인,3,전공기초,A,4.0,false,2026,1
2026190400,DES1004,드로잉파운데이션,3,전공기초,C+,2.5,false,2026,1
2026190400,VCC1001,IC-PBL과비전설계,1,교양필수,A,4.0,false,2026,1
2026190400,CUL2100,아카데믹글쓰기,2,교양필수,C,2.0,false,2026,1
2026190400,CLU7124,AI리터러시,2,교양필수,C+,2.5,false,2026,1
2026190400,CUL7135,파이썬과데이터분석,3,교양필수,,,false,2026,2
2026190400,DES1005,크리에이티브프로세스,3,전공기초,,,false,2026,2
2026190400,DES1003,3D스페이셜디자인,3,전공기초,,,false,2026,2
2026190400,CUL7125,ESG와SDGs이해,2,교양필수,,,false,2026,2
2026758015,GEN0063,일반물리학1,3,전공기초,B+,3.5,false,2026,1
2026758015,CAR0005,인공지능로봇의이해,2,전공기초,A,4.0,false,2026,1
2026758015,CUL7125,ESG와SDGs이해,2,교양필수,D+,1.5,false,2026,1
2026758015,CUL7133,파이썬과인공지능,3,교양필수,C,2.0,false,2026,1
2026758015,GEN0066,일반물리학실험1,1,전공기초,B,3.0,false,2026,1
2026758015,GEN2052,미분적분학1,3,전공기초,D+,1.5,false,2026,1
2026758015,ROB1001,기초로봇공학개론,3,전공기초,C+,2.5,false,2026,1
2026758015,VCC1001,IC-PBL과비전설계,1,교양필수,B+,3.5,false,2026,1
2026758015,GEN0064,일반물리학2,3,전공기초,,,false,2026,2
2026758015,CAR0001,어드벤쳐디자인1,1,전공기초,,,false,2026,2
2026758015,COE3051,공업수학1,3,전공기초,,,false,2026,2
2026758015,GEN2053,미분적분학2,3,전공기초,,,false,2026,2
2026758015,ITE1009,C프로그래밍,2,전공기초,,,false,2026,2
2026155230,VCC1001,IC-PBL과비전설계,1,교양필수,A,4.0,false,2026,1
2026155230,GEN0044,경영학원론,3,전공기초,C+,2.5,false,2026,1
2026155230,GEN0059,경제원론1,3,전공기초,C+,2.5,false,2026,1
2026155230,ECO1001,경제학입문,3,전공핵심,A,4.0,false,2026,1
2026155230,CUL7125,ESG와SDGs이해,2,교양필수,,,false,2026,2
2026155230,ECO1002,경제수학,3,전공기초,,,false,2026,2
2026155230,GEN0060,경제원론2,3,전공기초,,,false,2026,2
2026155230,ECO1022,기업가정신과관계역량,1,전공핵심,,,false,2026,2
2026155230,CUL7135,파이썬과데이터분석,3,교양필수,,,false,2026,2
2026463251,GEN1030,컴퓨터개론,3,전공핵심,A+,4.5,false,2026,1
2026463251,GEN2052,미분적분학1,3,전공기초,A,4.0,false,2026,1
2026463251,CSE1017,프로그래밍기초,3,전공기초,C,2.0,false,2026,1
2026463251,CUL7125,ESG와SDGs이해,2,교양필수,B+,3.5,false,2026,1
2026463251,VCC1001,IC-PBL과비전설계,1,교양필수,C,2.0,false,2026,1
2026463251,CUL7133,파이썬과인공지능,3,교양필수,B+,3.5,false,2026,1
2026463251,CLU7124,AI리터러시,2,교양필수,C+,2.5,false,2026,1
2026463251,ITE1009,C프로그래밍,3,전공핵심,,,false,2026,2
2026463251,CSE1019,오픈소스SW기초,2,전공핵심,,,false,2026,2
2026463251,MAT2020,이산수학,3,전공기초,,,false,2026,2
2026463251,COM2018,객체지향프로그래밍,3,전공핵심,,,false,2026,2
2026463251,CSE1021,소프트웨어엔지니어링커뮤니케이션,2,전공기초,,,false,2026,2
2026463251,CUL2100,아카데믹글쓰기,2,교양필수,,,false,2026,2
2026348273,GEN1030,컴퓨터개론,3,전공핵심,B+,3.5,false,2026,1
2026348273,GEN2052,미분적분학1,3,전공기초,B+,3.5,false,2026,1
2026348273,CSE1017,프로그래밍기초,3,전공기초,A,4.0,false,2026,1
2026348273,CUL7125,ESG와SDGs이해,2,교양필수,B+,3.5,false,2026,1
2026348273,VCC1001,IC-PBL과비전설계,1,교양필수,C+,2.5,false,2026,1
2026348273,CUL7133,파이썬과인공지능,3,교양필수,B+,3.5,false,2026,1
2026348273,CLU7124,AI리터러시,2,교양필수,B+,3.5,false,2026,1
2026348273,ITE1009,C프로그래밍,3,전공핵심,,,false,2026,2
2026348273,CSE1019,오픈소스SW기초,2,전공핵심,,,false,2026,2
2026348273,MAT2020,이산수학,3,전공기초,,,false,2026,2
2026348273,COM2018,객체지향프로그래밍,3,전공핵심,,,false,2026,2
2026348273,CSE1021,소프트웨어엔지니어링커뮤니케이션,2,전공기초,,,false,2026,2
2026348273,CUL2100,아카데믹글쓰기,2,교양필수,,,false,2026,2
2026360276,GEN0063,일반물리학1,3,전공기초,A+,4.5,false,2026,1
2026360276,EMS1020,해양융합공학개론,2,전공기초,C+,2.5,false,2026,1
2026360276,GEN2052,미분적분학1,3,전공기초,F,0.0,false,2026,1
2026360276,GEN0074,일반생물학1,3,전공기초,A,4.0,false,2026,1
2026360276,CUL7125,ESG와SDGs이해,2,교양필수,C+,2.5,false,2026,1
2026360276,VCC1001,IC-PBL과비전설계,1,교양필수,B+,3.5,false,2026,1
2026360276,GEN0068,일반화학1,3,전공기초,B,3.0,false,2026,1
2026360276,GEN0064,일반물리학2,3,전공기초,,,false,2026,2
2026360276,GEN0075,일반생물학2,3,전공기초,,,false,2026,2
2026360276,EMS1021,해양융합공학일반화학실험,1,전공기초,,,false,2026,2
2026360276,CLU7124,AI리터러시,2,교양필수,,,false,2026,2
2026360276,CUL2100,아카데믹글쓰기,2,교양필수,,,false,2026,2
2026360276,GEN0069,일반화학2,3,전공기초,,,false,2026,2
2026196446,GEN0063,일반물리학1,3,전공기초,A,4.0,false,2026,1
2026196446,GEN0066,일반물리학실험1,1,전공기초,C,2.0,false,2026,1
2026196446,CUL7125,ESG와SDGs이해,2,교양필수,A+,4.5,false,2026,1
2026196446,VCC1001,IC-PBL과비전설계,1,교양필수,B,3.0,false,2026,1
2026196446,CUL7131,창의적프로그래밍기초와실습,3,교양필수,A,4.0,false,2026,1
2026196446,GEN0068,일반화학1,3,전공기초,A,4.0,false,2026,1
2026196446,GEN2052,미분적분학1,3,전공기초,B+,3.5,false,2026,1
2026196446,GEN0070,일반화학실험1,1,전공기초,B,3.0,false,2026,1
2026196446,GEN0064,일반물리학2,3,전공기초,,,false,2026,2
2026196446,GEN0067,일반물리학실험2,1,전공기초,,,false,2026,2
2026196446,CUL7128,오픈소스개발과활용,3,교양필수,,,false,2026,2
2026196446,GEN2053,미분적분학2,3,전공기초,,,false,2026,2
2026196446,GEN0069,일반화학2,3,전공기초,,,false,2026,2
2026196446,CUL2100,아카데믹글쓰기,2,교양필수,,,false,2026,2
2026196446,GEN0071,일반화학실험2,1,전공기초,,,false,2026,2
2026120478,GEN0063,일반물리학1,3,전공기초,C+,2.5,false,2026,1
2026120478,GEN0066,일반물리학실험1,1,전공기초,B+,3.5,false,2026,1
2026120478,CUL7125,ESG와SDGs이해,2,교양필수,B+,3.5,false,2026,1
2026120478,VCC1001,IC-PBL과비전설계,1,교양필수,B,3.0,false,2026,1
2026120478,CUL7131,창의적프로그래밍기초와실습,3,교양필수,A,4.0,false,2026,1
2026120478,GEN0068,일반화학1,3,전공기초,A,4.0,false,2026,1
2026120478,GEN2052,미분적분학1,3,전공기초,A,4.0,false,2026,1
2026120478,GEN0070,일반화학실험1,1,전공기초,A,4.0,false,2026,1
2026120478,GEN0064,일반물리학2,3,전공기초,,,false,2026,2
2026120478,GEN0067,일반물리학실험2,1,전공기초,,,false,2026,2
2026120478,CUL7128,오픈소스개발과활용,3,교양필수,,,false,2026,2
2026120478,GEN2053,미분적분학2,3,전공기초,,,false,2026,2
2026120478,GEN0069,일반화학2,3,전공기초,,,false,2026,2
2026120478,CUL2100,아카데믹글쓰기,2,교양필수,,,false,2026,2
2026120478,GEN0071,일반화학실험2,1,전공기초,,,false,2026,2
2026945372,GEN0063,일반물리학1,3,전공기초,A,4.0,false,2026,1
2026945372,MEE1010,기계공학개론,2,전공기초,A,4.0,false,2026,1
2026945372,VCC1001,IC-PBL과비전설계,1,교양필수,B,3.0,false,2026,1
2026945372,CUL7125,ESG와SDGs이해,2,교양필수,A+,4.5,false,2026,1
2026945372,CUL7133,파이썬과인공지능,3,교양필수,D+,1.5,false,2026,1
2026945372,GEN0066,일반물리학실험1,1,전공기초,A,4.0,false,2026,1
2026945372,GEN0068,일반화학1,3,전공기초,A,4.0,false,2026,1
2026945372,GEN0064,일반물리학2,3,전공기초,,,false,2026,2
2026945372,MEE1002,CADD,3,전공기초,,,false,2026,2
2026945372,COE2003,정역학,3,전공기초,,,false,2026,2
2026945372,CUL2100,아카데믹글쓰기,2,교양필수,,,false,2026,2
2026482614,CUL7125,ESG와SDGs이해,2,교양필수,A,4.0,false,2026,1
2026482614,VCC1001,IC-PBL과비전설계,1,교양필수,D,1.0,false,2026,1
2026482614,EMS2021,물리해양학,3,전공기초,B,3.0,false,2026,1
2026482614,CUL7128,오픈소스개발과활용,3,교양필수,,,false,2026,2
2026482614,PHY1008,드론의이해와응용,3,전공핵심,,,false,2026,2
2026482614,CUL2100,아카데믹글쓰기,2,교양필수,,,false,2026,2
2026408823,GEN0063,일반물리학1,3,전공기초,A,4.0,false,2026,1
2026408823,CSE1017,프로그래밍기초,3,전공기초,F,0.0,false,2026,1
2026408823,CSE1007,논리학(컴퓨터전공),3,전공기초,A,4.0,false,2026,1
2026408823,GEN2052,미분적분학1,3,전공기초,C,2.0,false,2026,1
2026408823,CUL7125,ESG와SDGs이해,2,교양필수,A+,4.5,false,2026,1
2026408823,VCC1001,IC-PBL과비전설계,1,교양필수,C+,2.5,false,2026,1
2026408823,CUL7133,파이썬과인공지능,3,교양필수,B,3.0,false,2026,1
2026408823,CLU7124,AI리터러시,2,교양필수,C,2.0,false,2026,1
2026408823,MMT4017,퓨쳐미디어와디지털아트,3,전공핵심,,,false,2026,2
2026408823,ICT1001,기초확률통계,3,전공기초,,,false,2026,2
2026408823,CSE2010,자료구조론,3,전공기초,,,false,2026,2
2026408823,MCD1001,디자인테크놀로지융합의이해,3,전공핵심,,,false,2026,2
2026408823,MMT2012,디지털미디어의디자인활용,3,전공핵심,,,false,2026,2
2026408823,CS31020,창의융합설계,2,전공핵심,,,false,2026,2
2026408823,CUL2100,아카데믹글쓰기,2,교양필수,,,false,2026,2
2026559507,VCC1001,IC-PBL과비전설계,1,교양필수,C+,2.5,false,2026,1
2026559507,GEN0044,경영학원론,3,전공기초,A+,4.5,false,2026,1
2026559507,ECO1001,경제학입문,3,전공핵심,A+,4.5,false,2026,1
2026559507,CUL7125,ESG와SDGs이해,2,교양필수,,,false,2026,2
2026559507,CUL7135,파이썬과데이터분석,3,교양필수,,,false,2026,2
2026178645,ACT1005,미적분학1,3,전공기초,C,2.0,false,2026,1
2026178645,CUL7125,ESG와SDGs이해,2,교양필수,,,false,2026,2
2026529161,GEN0063,일반물리학1,3,전공기초,A+,4.5,false,2026,1
2026529161,EMS1020,해양융합공학개론,2,전공기초,C+,2.5,false,2026,1
2026529161,GEN2052,미분적분학1,3,전공기초,B,3.0,false,2026,1
2026529161,GEN0074,일반생물학1,3,전공기초,B+,3.5,false,2026,1
2026529161,CUL7125,ESG와SDGs이해,2,교양필수,A+,4.5,false,2026,1
2026529161,VCC1001,IC-PBL과비전설계,1,교양필수,A,4.0,false,2026,1
2026529161,GEN0068,일반화학1,3,전공기초,B,3.0,false,2026,1
2026529161,GEN0064,일반물리학2,3,전공기초,,,false,2026,2
2026529161,GEN2053,미분적분학2,3,전공기초,,,false,2026,2
2026529161,GEN0075,일반생물학2,3,전공기초,,,false,2026,2
2026529161,EMS1021,해양융합공학일반화학실험,1,전공기초,,,false,2026,2
2026529161,CLU7124,AI리터러시,2,교양필수,,,false,2026,2
2026529161,CUL2100,아카데믹글쓰기,2,교양필수,,,false,2026,2
2026529161,GEN0069,일반화학2,3,전공기초,,,false,2026,2
2026293862,VCC1001,IC-PBL과비전설계,1,교양필수,B,3.0,false,2026,1
2026293862,GEN0044,경영학원론,3,전공기초,C+,2.5,false,2026,1
2026293862,GEN0059,경제원론1,3,전공기초,B+,3.5,false,2026,1
2026293862,ECO1001,경제학입문,3,전공핵심,C+,2.5,false,2026,1
2026293862,CUL7125,ESG와SDGs이해,2,교양필수,,,false,2026,2
2026293862,ECO1002,경제수학,3,전공기초,,,false,2026,2
2026293862,GEN0060,경제원론2,3,전공기초,,,false,2026,2
2026293862,ECO1022,기업가정신과관계역량,1,전공핵심,,,false,2026,2
2026293862,CUL7135,파이썬과데이터분석,3,교양필수,,,false,2026,2
2026995420,GEN0063,일반물리학1,3,전공기초,A,4.0,false,2026,1
2026995420,CSE1017,프로그래밍기초,3,전공기초,C+,2.5,false,2026,1
2026995420,CSE1007,논리학(컴퓨터전공),3,전공기초,A,4.0,false,2026,1
2026995420,GEN2052,미분적분학1,3,전공기초,B,3.0,false,2026,1
2026995420,CUL7125,ESG와SDGs이해,2,교양필수,B+,3.5,false,2026,1
2026995420,VCC1001,IC-PBL과비전설계,1,교양필수,C+,2.5,false,2026,1
2026995420,CUL7133,파이썬과인공지능,3,교양필수,C+,2.5,false,2026,1
2026995420,CLU7124,AI리터러시,2,교양필수,A+,4.5,false,2026,1
2026995420,MMT4017,퓨쳐미디어와디지털아트,3,전공핵심,,,false,2026,2
2026995420,ICT1001,기초확률통계,3,전공기초,,,false,2026,2
2026995420,CSE2010,자료구조론,3,전공기초,,,false,2026,2
2026995420,MCD1001,디자인테크놀로지융합의이해,3,전공핵심,,,false,2026,2
2026995420,MMT2012,디지털미디어의디자인활용,3,전공핵심,,,false,2026,2
2026995420,CS31020,창의융합설계,2,전공핵심,,,false,2026,2
2026995420,CUL2100,아카데믹글쓰기,2,교양필수,,,false,2026,2
2026694116,GEN0044,경영학원론,3,전공기초,B,3.0,false,2026,1
2026694116,GEN0059,경제원론1,3,전공기초,B,3.0,false,2026,1
2026694116,CUL7125,ESG와SDGs이해,2,교양필수,,,false,2026,2
2026694116,ECO1002,경제수학,3,전공기초,,,false,2026,2
2026694116,ECO1022,기업가정신과관계역량,1,전공핵심,,,false,2026,2
2026827356,CUL2100,아카데믹글쓰기,2,교양필수,A,4.0,false,2026,1
2026827356,CLU7124,AI리터러시,2,교양필수,D,1.0,false,2026,1
2026827356,VCC1001,IC-PBL과비전설계,1,교양필수,B+,3.5,false,2026,1
2026827356,GEN0059,경제원론1,3,전공핵심,C+,2.5,false,2026,1
2026827356,ACT1005,미적분학1,3,전공기초,A,4.0,false,2026,1
2026827356,ACT1004,통계프로그래밍,3,전공기초,B+,3.5,false,2026,1
2026827356,CUL7125,ESG와SDGs이해,2,교양필수,,,false,2026,2
2026827356,GEN0060,경제원론2,3,전공핵심,,,false,2026,2
2026827356,ACT1003,계리프로그래밍,3,전공기초,,,false,2026,2
2026827356,ACT1006,미적분학2,3,전공기초,,,false,2026,2
2026827356,ACT1007,보험원론,3,전공핵심,,,false,2026,2
2026827356,CUL7135,파이썬과데이터분석,3,교양필수,,,false,2026,2
2026827356,BUS1010,회계정보의이해,3,전공기초,,,false,2026,2
2026168804,VCC1001,IC-PBL과비전설계,1,교양필수,A,4.0,false,2026,1
2026168804,BUS1005,경영통계분석1,3,전공기초,C+,2.5,false,2026,1
2026168804,GEN0059,경제원론1,3,전공기초,B,3.0,false,2026,1
2026168804,CUL7124,AI리터러시,2,교양필수,B,3.0,false,2026,1
2026168804,CUL2100,아카데믹글쓰기,2,교양필수,A,4.0,false,2026,1
2026168804,CUL7125,ESG와SDGs이해,2,교양필수,,,false,2026,2
2026168804,CUL7135,파이썬과데이터분석,3,교양필수,,,false,2026,2
2026597635,DES1001,스튜디오프랙티스,3,전공기초,A,4.0,false,2026,1
2026597635,DES1002,2D디지털디자인,3,전공기초,B+,3.5,false,2026,1
2026597635,DES1004,드로잉파운데이션,3,전공기초,A+,4.5,false,2026,1
2026597635,VCC1001,IC-PBL과비전설계,1,교양필수,C+,2.5,false,2026,1
2026597635,CUL2100,아카데믹글쓰기,2,교양필수,C+,2.5,false,2026,1
2026597635,CLU7124,AI리터러시,2,교양필수,A+,4.5,false,2026,1
2026597635,CUL7135,파이썬과데이터분석,3,교양필수,,,false,2026,2
2026597635,DES1005,크리에이티브프로세스,3,전공기초,,,false,2026,2
2026597635,DES1003,3D스페이셜디자인,3,전공기초,,,false,2026,2
2026597635,CUL7125,ESG와SDGs이해,2,교양필수,,,false,2026,2
2026420297,GEN0063,일반물리학1,3,전공기초,B,3.0,false,2026,1
2026420297,CAR0005,인공지능로봇의이해,2,전공기초,B+,3.5,false,2026,1
2026420297,CUL7125,ESG와SDGs이해,2,교양필수,B+,3.5,false,2026,1
2026420297,CUL7133,파이썬과인공지능,3,교양필수,A,4.0,false,2026,1
2026420297,GEN0066,일반물리학실험1,1,전공기초,B+,3.5,false,2026,1
2026420297,GEN2052,미분적분학1,3,전공기초,A,4.0,false,2026,1
2026420297,ROB1001,기초로봇공학개론,3,전공기초,B,3.0,false,2026,1
2026420297,VCC1001,IC-PBL과비전설계,1,교양필수,D,1.0,false,2026,1
2026420297,CUL7124,AI리터러시,2,교양필수,B,3.0,false,2026,1
2026420297,GEN0064,일반물리학2,3,전공기초,,,false,2026,2
2026420297,CAR0001,어드벤쳐디자인1,1,전공기초,,,false,2026,2
2026420297,COE3051,공업수학1,3,전공기초,,,false,2026,2
2026420297,GEN2053,미분적분학2,3,전공기초,,,false,2026,2
2026420297,ITE1009,C프로그래밍,2,전공기초,,,false,2026,2
2026420297,ROB1002,기초로봇공학실험,3,전공기초,,,false,2026,2
2026420297,CUL2100,아카데믹글쓰기,2,교양필수,,,false,2026,2
2026409963,GEN0074,일반생물학1,3,전공기초,C,2.0,false,2026,1
2026409963,GEN0076,일반생물학실험1,1,전공기초,C,2.0,false,2026,1
2026409963,GEN0068,일반화학1,3,전공기초,A,4.0,false,2026,1
2026409963,CUL7125,ESG와SDGs이해,2,교양필수,A+,4.5,false,2026,1
2026409963,VCC1001,IC-PBL과비전설계,1,교양필수,A,4.0,false,2026,1
2026409963,CUL7131,창의적프로그래밍기초와실습,3,교양필수,A,4.0,false,2026,1
2026409963,GEN3032,기초물리학,2,전공기초,C+,2.5,false,2026,1
2026409963,GEN0070,일반화학실험1,1,전공기초,C+,2.5,false,2026,1
2026409963,GEN0075,일반생물학2,3,전공기초,,,false,2026,2
2026409963,GEN0077,일반생물학실험2,1,전공기초,,,false,2026,2
2026409963,GEN0069,일반화학2,3,전공기초,,,false,2026,2
2026409963,CUL7128,오픈소스개발과활용,3,교양필수,,,false,2026,2
2026409963,GEN2053,미분적분학2,3,전공기초,,,false,2026,2
2026409963,GEN0071,일반화학실험2,1,전공기초,,,false,2026,2
2026409963,CUL2100,아카데믹글쓰기,2,교양필수,,,false,2026,2
2026714015,VCC1001,IC-PBL과비전설계,1,교양필수,A,4.0,false,2026,1
2026714015,ANT1059,AI시대인류학의도전,3,전공기초,A,4.0,false,2026,1
2026714015,ANT1061,문화유산과고고학의세계,3,전공기초,B+,3.5,false,2026,1
2026714015,CUL2100,아카데믹글쓰기,2,교양필수,B,3.0,false,2026,1
2026714015,CLU7124,AI리터러시,2,교양필수,C,2.0,false,2026,1
2026714015,ANT2026,야외고고학,3,전공기초,,,false,2026,2
2026714015,ANT1060,무형유산과한국학의이해,3,전공기초,,,false,2026,2
2026714015,ANT1062,이주시대세계문화의이해,3,전공기초,,,false,2026,2
2026714015,CUL7135,파이썬과데이터분석,3,교양필수,,,false,2026,2
2026714015,CUL7125,ESG와SDGs이해,2,교양필수,,,false,2026,2
2026428638,DCC2019,프리젠테이션기술과피칭전략,3,전공핵심,A+,4.5,false,2026,1
2026428638,DCC1011,콘텐츠스토리텔링기초,3,전공기초,A,4.0,false,2026,1
2026428638,DCC2001,창의적발상법,3,전공기초,B+,3.5,false,2026,1
2026428638,VCC1001,IC-PBL과비전설계,1,교양필수,A+,4.5,false,2026,1
2026428638,DCC1010,문화콘텐츠의기초,3,전공기초,B+,3.5,false,2026,1
2026428638,CUL2100,아카데믹글쓰기,2,교양필수,C,2.0,false,2026,1
2026428638,CLU7124,AI리터러시,2,교양필수,A,4.0,false,2026,1
2026428638,CUL7135,파이썬과데이터분석,2,교양필수,,,false,2026,2
2026428638,DCC1007,문화콘텐츠인문학,3,전공기초,,,false,2026,2
2026428638,DCC2017,문화콘텐츠마케팅,3,전공기초,,,false,2026,2
2026428638,DCC2005,문화콘텐츠기획론,3,전공핵심,,,false,2026,2
2026428638,DCC2004,멀티미디어저작실습,3,전공핵심,,,false,2026,2
2026428638,CUL7125,ESG와SDGs이해,2,교양필수,,,false,2026,2
2026420984,GEN0063,일반물리학1,3,전공기초,A,4.0,false,2026,1
2026420984,CUL7124,AI리터러시,2,교양필수,C+,2.5,false,2026,1
2026420984,CUL7125,ESG와SDGs이해,2,교양필수,A,4.0,false,2026,1
2026420984,CUL7133,파이썬과인공지능,3,교양필수,C+,2.5,false,2026,1
2026420984,GEN2052,미분적분학1,3,전공기초,B,3.0,false,2026,1
2026420984,TRE1020,교통물류개론,3,전공핵심,A,4.0,false,2026,1
2026420984,VCC1001,IC-PBL과비전설계,1,교양필수,B+,3.5,false,2026,1
2026420984,GEN0066,일반물리학실험1,1,전공기초,B,3.0,false,2026,1
2026420984,COE2003,정역학,3,전공기초,,,false,2026,2
2026420984,CUL2100,아카데믹글쓰기,2,교양필수,,,false,2026,2
2026420984,GEN2053,미분적분학2,3,전공기초,,,false,2026,2
2026420984,TRE1022,스마트모빌리티입문설계,3,전공기초,,,false,2026,2
2026420984,TRE2010,물류의이해,3,전공핵심,,,false,2026,2
2026420984,URE2002,도시계획,3,전공핵심,,,false,2026,2
2026420984,GEN0064,일반물리학2,3,전공기초,,,false,2026,2
2026420984,GEN0067,일반물리학실험2,1,전공기초,,,false,2026,2
2026565897,ARE1060,건축공학기초설계,3,전공기초,A,4.0,false,2026,1
2026565897,CUL7124,AI리터러시,2,교양필수,C+,2.5,false,2026,1
2026565897,CUL7125,ESG와SDGs이해,2,교양필수,B,3.0,false,2026,1
2026565897,CUL7133,파이썬과인공지능,3,교양필수,B,3.0,false,2026,1
2026565897,GEN0063,일반물리학1,3,전공기초,C+,2.5,false,2026,1
2026565897,GEN2052,미분적분학1,3,전공기초,C+,2.5,false,2026,1
2026565897,SAI1001,건축공학개론,3,전공기초,D,1.0,false,2026,1
2026565897,VCC1001,IC-PBL과비전설계,1,교양필수,B+,3.5,false,2026,1
2026565897,ARE1061,건축공학설계1,3,전공핵심,,,false,2026,2
2026565897,ARE5028,건축구조시스템,3,전공핵심,,,false,2026,2
2026565897,COE2003,정역학,3,전공기초,,,false,2026,2
2026565897,COE3051,공업수학1,3,전공기초,,,false,2026,2
2026565897,CUL2100,아카데믹글쓰기,2,교양필수,,,false,2026,2
2026565897,GEN2000,대학화학,3,전공기초,,,false,2026,2
2026565897,MAT4015,확률및통계,3,전공핵심,,,false,2026,2
2026804258,DCC2019,프리젠테이션기술과피칭전략,3,전공핵심,A+,4.5,false,2026,1
2026804258,DCC1011,콘텐츠스토리텔링기초,3,전공기초,C+,2.5,false,2026,1
2026804258,DCC2001,창의적발상법,3,전공기초,C,2.0,false,2026,1
2026804258,VCC1001,IC-PBL과비전설계,1,교양필수,C,2.0,false,2026,1
2026804258,DCC1010,문화콘텐츠의기초,3,전공기초,B+,3.5,false,2026,1
2026804258,CUL2100,아카데믹글쓰기,2,교양필수,B,3.0,false,2026,1
2026804258,CLU7124,AI리터러시,2,교양필수,B+,3.5,false,2026,1
2026804258,CUL7135,파이썬과데이터분석,2,교양필수,,,false,2026,2
2026804258,DCC1007,문화콘텐츠인문학,3,전공기초,,,false,2026,2
2026804258,DCC2017,문화콘텐츠마케팅,3,전공기초,,,false,2026,2
2026804258,DCC2005,문화콘텐츠기획론,3,전공핵심,,,false,2026,2
2026804258,DCC2004,멀티미디어저작실습,3,전공핵심,,,false,2026,2
2026804258,CUL7125,ESG와SDGs이해,2,교양필수,,,false,2026,2
2026381342,DCC2019,프리젠테이션기술과피칭전략,3,전공핵심,A+,4.5,false,2026,1
2026381342,DCC1011,콘텐츠스토리텔링기초,3,전공기초,C,2.0,false,2026,1
2026381342,DCC2001,창의적발상법,3,전공기초,B+,3.5,false,2026,1
2026381342,VCC1001,IC-PBL과비전설계,1,교양필수,B,3.0,false,2026,1
2026381342,DCC1010,문화콘텐츠의기초,3,전공기초,B+,3.5,false,2026,1
2026381342,CUL2100,아카데믹글쓰기,2,교양필수,B,3.0,false,2026,1
2026381342,CLU7124,AI리터러시,2,교양필수,C+,2.5,false,2026,1
2026381342,CUL7135,파이썬과데이터분석,2,교양필수,,,false,2026,2
2026381342,DCC1007,문화콘텐츠인문학,3,전공기초,,,false,2026,2
2026381342,DCC2017,문화콘텐츠마케팅,3,전공기초,,,false,2026,2
2026381342,DCC2005,문화콘텐츠기획론,3,전공핵심,,,false,2026,2
2026381342,DCC2004,멀티미디어저작실습,3,전공핵심,,,false,2026,2
2026381342,CUL7125,ESG와SDGs이해,2,교양필수,,,false,2026,2
2026786789,GCT1003,인공지능과지속가능발전,2,전공기초,B+,3.5,false,2026,1
2026786789,GCT1004,영상문화의이해,2,전공기초,B,3.0,false,2026,1
2026786789,GCT1002,글로벌트랜드탐색,3,전공기초,B+,3.5,false,2026,1
2026786789,GCT1001,K-컬쳐와글로벌한국학문화연구기초,2,전공기초,C,2.0,false,2026,1
2026786789,VCC1001,IC-PBL과비전설계,1,교양필수,B,3.0,false,2026,1
2026786789,CUL2100,아카데믹글쓰기,2,교양필수,F,0.0,false,2026,1
2026786789,CLU7124,AI리터러시,2,교양필수,A+,4.5,false,2026,1
2026786789,CUL7135,파이썬과데이터분석,3,교양필수,,,false,2026,2
2026786789,GCT1006,언어/문화모듈탐색,2,전공기초,,,false,2026,2
2026786789,GCT1007,글로벌통상의이해,2,전공기초,,,false,2026,2
2026786789,GCT1005,글로벌관광엔터테인먼트의이해,2,전공기초,,,false,2026,2
2026786789,CUL7125,ESG와SDGs이해,2,교양필수,,,false,2026,2
2026152796,DCC2019,프리젠테이션기술과피칭전략,3,전공핵심,B+,3.5,false,2026,1
2026152796,DCC2001,창의적발상법,3,전공기초,A+,4.5,false,2026,1
2026152796,VCC1001,IC-PBL과비전설계,1,교양필수,B,3.0,false,2026,1
2026152796,DCC1010,문화콘텐츠의기초,3,전공기초,C+,2.5,false,2026,1
2026152796,CUL2100,아카데믹글쓰기,2,교양필수,C+,2.5,false,2026,1
2026152796,DCC1007,문화콘텐츠인문학,3,전공기초,,,false,2026,2
2026152796,DCC2017,문화콘텐츠마케팅,3,전공기초,,,false,2026,2
2026152796,DCC2004,멀티미디어저작실습,3,전공핵심,,,false,2026,2
2026152796,CUL7125,ESG와SDGs이해,2,교양필수,,,false,2026,2
2026956255,DCC2019,프리젠테이션기술과피칭전략,3,전공핵심,B,3.0,false,2026,1
2026956255,DCC1011,콘텐츠스토리텔링기초,3,전공기초,B+,3.5,false,2026,1
2026956255,DCC2001,창의적발상법,3,전공기초,A+,4.5,false,2026,1
2026956255,VCC1001,IC-PBL과비전설계,1,교양필수,C,2.0,false,2026,1
2026956255,DCC1010,문화콘텐츠의기초,3,전공기초,B+,3.5,false,2026,1
2026956255,CUL2100,아카데믹글쓰기,2,교양필수,C+,2.5,false,2026,1
2026956255,CLU7124,AI리터러시,2,교양필수,C+,2.5,false,2026,1
2026956255,CUL7135,파이썬과데이터분석,2,교양필수,,,false,2026,2
2026956255,DCC1007,문화콘텐츠인문학,3,전공기초,,,false,2026,2
2026956255,DCC2017,문화콘텐츠마케팅,3,전공기초,,,false,2026,2
2026956255,DCC2005,문화콘텐츠기획론,3,전공핵심,,,false,2026,2
2026956255,DCC2004,멀티미디어저작실습,3,전공핵심,,,false,2026,2
2026956255,CUL7125,ESG와SDGs이해,2,교양필수,,,false,2026,2
2026919378,GEN0063,일반물리학1,3,전공기초,D+,1.5,false,2026,1
2026919378,CSE1017,프로그래밍기초,3,전공기초,C+,2.5,false,2026,1
2026919378,CSE1007,논리학(컴퓨터전공),3,전공기초,C,2.0,false,2026,1
2026919378,GEN2052,미분적분학1,3,전공기초,B,3.0,false,2026,1
2026919378,CUL7125,ESG와SDGs이해,2,교양필수,A,4.0,false,2026,1
2026919378,VCC1001,IC-PBL과비전설계,1,교양필수,C+,2.5,false,2026,1
2026919378,CUL7133,파이썬과인공지능,3,교양필수,A+,4.5,false,2026,1
2026919378,CLU7124,AI리터러시,2,교양필수,B,3.0,false,2026,1
2026919378,MMT4017,퓨쳐미디어와디지털아트,3,전공핵심,,,false,2026,2
2026919378,ICT1001,기초확률통계,3,전공기초,,,false,2026,2
2026919378,CSE2010,자료구조론,3,전공기초,,,false,2026,2
2026919378,MCD1001,디자인테크놀로지융합의이해,3,전공핵심,,,false,2026,2
2026919378,MMT2012,디지털미디어의디자인활용,3,전공핵심,,,false,2026,2
2026919378,CS31020,창의융합설계,2,전공핵심,,,false,2026,2
2026919378,CUL2100,아카데믹글쓰기,2,교양필수,,,false,2026,2
2026239850,DCC2019,프리젠테이션기술과피칭전략,3,전공핵심,B,3.0,false,2026,1
2026239850,DCC1011,콘텐츠스토리텔링기초,3,전공기초,B,3.0,false,2026,1
2026239850,DCC2001,창의적발상법,3,전공기초,B+,3.5,false,2026,1
2026239850,VCC1001,IC-PBL과비전설계,1,교양필수,A+,4.5,false,2026,1
2026239850,DCC1010,문화콘텐츠의기초,3,전공기초,B+,3.5,false,2026,1
2026239850,CUL2100,아카데믹글쓰기,2,교양필수,B+,3.5,false,2026,1
2026239850,CLU7124,AI리터러시,2,교양필수,B,3.0,false,2026,1
2026239850,CUL7135,파이썬과데이터분석,2,교양필수,,,false,2026,2
2026239850,DCC1007,문화콘텐츠인문학,3,전공기초,,,false,2026,2
2026239850,DCC2017,문화콘텐츠마케팅,3,전공기초,,,false,2026,2
2026239850,DCC2005,문화콘텐츠기획론,3,전공핵심,,,false,2026,2
2026239850,DCC2004,멀티미디어저작실습,3,전공핵심,,,false,2026,2
2026239850,CUL7125,ESG와SDGs이해,2,교양필수,,,false,2026,2
2026159354,GEN0063,일반물리학1,3,전공기초,B,3.0,false,2026,1
2026159354,CSE1017,프로그래밍기초,3,전공기초,C+,2.5,false,2026,1
2026159354,CSE1007,논리학(컴퓨터전공),3,전공기초,B,3.0,false,2026,1
2026159354,GEN2052,미분적분학1,3,전공기초,B,3.0,false,2026,1
2026159354,CUL7125,ESG와SDGs이해,2,교양필수,A+,4.5,false,2026,1
2026159354,VCC1001,IC-PBL과비전설계,1,교양필수,B+,3.5,false,2026,1
2026159354,CUL7133,파이썬과인공지능,3,교양필수,B+,3.5,false,2026,1
2026159354,CLU7124,AI리터러시,2,교양필수,C+,2.5,false,2026,1
2026159354,MMT4017,퓨쳐미디어와디지털아트,3,전공핵심,,,false,2026,2
2026159354,ICT1001,기초확률통계,3,전공기초,,,false,2026,2
2026159354,CSE2010,자료구조론,3,전공기초,,,false,2026,2
2026159354,MCD1001,디자인테크놀로지융합의이해,3,전공핵심,,,false,2026,2
2026159354,MMT2012,디지털미디어의디자인활용,3,전공핵심,,,false,2026,2
2026159354,CS31020,창의융합설계,2,전공핵심,,,false,2026,2
2026159354,CUL2100,아카데믹글쓰기,2,교양필수,,,false,2026,2
2026779091,CUL2100,아카데믹글쓰기,2,교양필수,D,1.0,false,2026,1
2026779091,CUL7135,파이썬과데이터분석,3,교양필수,,,false,2026,2
2026779091,CUL7125,ESG와SDGs이해,2,교양필수,,,false,2026,2
2026779091,APR2014,홍보원론,3,전공기초,,,false,2026,2
2026236384,GEN1030,컴퓨터개론,3,전공핵심,C+,2.5,false,2026,1
2026236384,GEN2052,미분적분학1,3,전공기초,B+,3.5,false,2026,1
2026236384,CSE1017,프로그래밍기초,3,전공기초,A,4.0,false,2026,1
2026236384,CUL7125,ESG와SDGs이해,2,교양필수,A,4.0,false,2026,1
2026236384,VCC1001,IC-PBL과비전설계,1,교양필수,A+,4.5,false,2026,1
2026236384,CUL7133,파이썬과인공지능,3,교양필수,B,3.0,false,2026,1
2026236384,CLU7124,AI리터러시,2,교양필수,B+,3.5,false,2026,1
2026236384,ITE1009,C프로그래밍,3,전공핵심,,,false,2026,2
2026236384,CSE1019,오픈소스SW기초,2,전공핵심,,,false,2026,2
2026236384,MAT2020,이산수학,3,전공기초,,,false,2026,2
2026236384,COM2018,객체지향프로그래밍,3,전공핵심,,,false,2026,2
2026236384,CSE1021,소프트웨어엔지니어링커뮤니케이션,2,전공기초,,,false,2026,2
2026236384,CUL2100,아카데믹글쓰기,2,교양필수,,,false,2026,2
2026889216,DCC2019,프리젠테이션기술과피칭전략,3,전공핵심,A,4.0,false,2026,1
2026889216,DCC1011,콘텐츠스토리텔링기초,3,전공기초,C+,2.5,false,2026,1
2026889216,DCC2001,창의적발상법,3,전공기초,A+,4.5,false,2026,1
2026889216,VCC1001,IC-PBL과비전설계,1,교양필수,B,3.0,false,2026,1
2026889216,CUL2100,아카데믹글쓰기,2,교양필수,C+,2.5,false,2026,1
2026889216,CLU7124,AI리터러시,2,교양필수,B,3.0,false,2026,1
2026889216,CUL7135,파이썬과데이터분석,2,교양필수,,,false,2026,2
2026889216,DCC2017,문화콘텐츠마케팅,3,전공기초,,,false,2026,2
2026889216,DCC2005,문화콘텐츠기획론,3,전공핵심,,,false,2026,2
2026889216,CUL7125,ESG와SDGs이해,2,교양필수,,,false,2026,2
2026200617,GEN0063,일반물리학1,3,전공기초,A+,4.5,false,2026,1
2026200617,GEN2052,미분적분학1,3,전공기초,C+,2.5,false,2026,1
2026200617,GEN0074,일반생물학1,3,전공기초,A+,4.5,false,2026,1
2026200617,CUL7125,ESG와SDGs이해,2,교양필수,A+,4.5,false,2026,1
2026200617,VCC1001,IC-PBL과비전설계,1,교양필수,A,4.0,false,2026,1
2026200617,GEN0068,일반화학1,3,전공기초,A,4.0,false,2026,1
2026200617,GEN2053,미분적분학2,3,전공기초,,,false,2026,2
2026200617,GEN0075,일반생물학2,3,전공기초,,,false,2026,2
2026200617,EMS1021,해양융합공학일반화학실험,1,전공기초,,,false,2026,2
2026200617,CLU7124,AI리터러시,2,교양필수,,,false,2026,2
2026200617,CUL2100,아카데믹글쓰기,2,교양필수,,,false,2026,2
2026200617,GEN0069,일반화학2,3,전공기초,,,false,2026,2
2026806004,VCC1001,IC-PBL과비전설계,1,교양필수,A,4.0,false,2026,1
2026806004,ANT1061,문화유산과고고학의세계,3,전공기초,D+,1.5,false,2026,1
2026806004,CUL2100,아카데믹글쓰기,2,교양필수,B+,3.5,false,2026,1
2026806004,CLU7124,AI리터러시,2,교양필수,C+,2.5,false,2026,1
2026806004,ANT2026,야외고고학,3,전공기초,,,false,2026,2
2026806004,ANT1060,무형유산과한국학의이해,3,전공기초,,,false,2026,2
2026806004,ANT1062,이주시대세계문화의이해,3,전공기초,,,false,2026,2
2026806004,CUL7135,파이썬과데이터분석,3,교양필수,,,false,2026,2
2026990731,GEN0074,일반생물학1,3,전공기초,A,4.0,false,2026,1
2026990731,GEN0076,일반생물학실험1,1,전공기초,C+,2.5,false,2026,1
2026990731,GEN0068,일반화학1,3,전공기초,C+,2.5,false,2026,1
2026990731,CUL7125,ESG와SDGs이해,2,교양필수,A,4.0,false,2026,1
2026990731,VCC1001,IC-PBL과비전설계,1,교양필수,C,2.0,false,2026,1
2026990731,CUL7131,창의적프로그래밍기초와실습,3,교양필수,C,2.0,false,2026,1
2026990731,GEN3032,기초물리학,2,전공기초,A,4.0,false,2026,1
2026990731,GEN0070,일반화학실험1,1,전공기초,A,4.0,false,2026,1
2026990731,GEN0075,일반생물학2,3,전공기초,,,false,2026,2
2026990731,GEN0077,일반생물학실험2,1,전공기초,,,false,2026,2
2026990731,GEN0069,일반화학2,3,전공기초,,,false,2026,2
2026990731,CUL7128,오픈소스개발과활용,3,교양필수,,,false,2026,2
2026990731,GEN2053,미분적분학2,3,전공기초,,,false,2026,2
2026990731,GEN0071,일반화학실험2,1,전공기초,,,false,2026,2
2026990731,CUL2100,아카데믹글쓰기,2,교양필수,,,false,2026,2
2026202972,GEN0063,일반물리학1,3,전공기초,C+,2.5,false,2026,1
2026202972,GEN0066,일반물리학실험1,1,전공기초,D,1.0,false,2026,1
2026202972,CUL7133,파이썬과인공지능,3,교양필수,A,4.0,false,2026,1
2026202972,GEN2052,미분적분학1,3,전공기초,B+,3.5,false,2026,1
2026202972,GEN3030,대학생물학,2,전공기초,C+,2.5,false,2026,1
2026202972,VCC1001,IC-PBL과비전설계,1,교양필수,C+,2.5,false,2026,1
2026202972,CUL7125,ESG와SDGs이해,2,교양필수,B,3.0,false,2026,1
2026202972,GEN0068,일반화학1,3,전공기초,A,4.0,false,2026,1
2026202972,GEN0070,일반화학실험1,1,전공기초,B+,3.5,false,2026,1
2026202972,GEN0064,일반물리학2,3,전공기초,,,false,2026,2
2026202972,GEN0067,일반물리학실험2,1,전공기초,,,false,2026,2
2026202972,GEN2053,미분적분학2,3,전공기초,,,false,2026,2
2026202972,CUL2100,아카데믹글쓰기,2,교양필수,,,false,2026,2
2026202972,CLU7124,AI리터러시,2,교양필수,,,false,2026,2
2026202972,GEN0069,일반화학2,3,전공기초,,,false,2026,2
2026202972,GEN0071,일반화학실험2,1,전공기초,,,false,2026,2
2026776909,GCT1003,인공지능과지속가능발전,2,전공기초,C,2.0,false,2026,1
2026776909,GCT1002,글로벌트랜드탐색,3,전공기초,B,3.0,false,2026,1
2026776909,GCT1001,K-컬쳐와글로벌한국학문화연구기초,2,전공기초,B,3.0,false,2026,1
2026776909,VCC1001,IC-PBL과비전설계,1,교양필수,F,0.0,false,2026,1
2026776909,CUL2100,아카데믹글쓰기,2,교양필수,B+,3.5,false,2026,1
2026776909,CLU7124,AI리터러시,2,교양필수,C+,2.5,false,2026,1
2026776909,GCT1006,언어/문화모듈탐색,2,전공기초,,,false,2026,2
2026776909,GCT1007,글로벌통상의이해,2,전공기초,,,false,2026,2
2026776909,GCT1005,글로벌관광엔터테인먼트의이해,2,전공기초,,,false,2026,2
2026194952,CUL2100,아카데믹글쓰기,2,교양필수,A+,4.5,false,2026,1
2026194952,CLU7124,AI리터러시,2,교양필수,C+,2.5,false,2026,1
2026194952,VCC1001,IC-PBL과비전설계,1,교양필수,A,4.0,false,2026,1
2026194952,GEN0059,경제원론1,3,전공핵심,A,4.0,false,2026,1
2026194952,ACT1005,미적분학1,3,전공기초,A,4.0,false,2026,1
2026194952,ACT1004,통계프로그래밍,3,전공기초,B,3.0,false,2026,1
2026194952,CUL7125,ESG와SDGs이해,2,교양필수,,,false,2026,2
2026194952,GEN0060,경제원론2,3,전공핵심,,,false,2026,2
2026194952,ACT1003,계리프로그래밍,3,전공기초,,,false,2026,2
2026194952,ACT1006,미적분학2,3,전공기초,,,false,2026,2
2026194952,ACT1007,보험원론,3,전공핵심,,,false,2026,2
2026194952,CUL7135,파이썬과데이터분석,3,교양필수,,,false,2026,2
2026194952,BUS1010,회계정보의이해,3,전공기초,,,false,2026,2
2026386780,VCC1001,IC-PBL과비전설계,1,교양필수,C+,2.5,false,2026,1
2026386780,GEN0044,경영학원론,3,전공기초,B+,3.5,false,2026,1
2026386780,GEN0059,경제원론1,3,전공기초,C+,2.5,false,2026,1
2026386780,ECO1001,경제학입문,3,전공핵심,C,2.0,false,2026,1
2026386780,CUL7125,ESG와SDGs이해,2,교양필수,,,false,2026,2
2026386780,ECO1002,경제수학,3,전공기초,,,false,2026,2
2026386780,GEN0060,경제원론2,3,전공기초,,,false,2026,2
2026386780,ECO1022,기업가정신과관계역량,1,전공핵심,,,false,2026,2
2026386780,CUL7135,파이썬과데이터분석,3,교양필수,,,false,2026,2
2026257538,GEN0063,일반물리학1,3,전공기초,A,4.0,false,2026,1
2026257538,GEN1030,컴퓨터개론,3,전공핵심,B,3.0,false,2026,1
2026257538,GEN2052,미분적분학1,3,전공기초,A,4.0,false,2026,1
2026257538,CSE1017,프로그래밍기초,3,전공기초,B,3.0,false,2026,1
2026257538,CUL7125,ESG와SDGs이해,2,교양필수,C,2.0,false,2026,1
2026257538,VCC1001,IC-PBL과비전설계,1,교양필수,A,4.0,false,2026,1
2026257538,CUL7133,파이썬과인공지능,3,교양필수,A,4.0,false,2026,1
2026257538,DAI1002,인공지능코딩,3,전공기초,D+,1.5,false,2026,1
2026257538,CLU7124,AI리터러시,2,교양필수,B,3.0,false,2026,1
2026257538,MMT2009,인공지능의이해,3,전공핵심,,,false,2026,2
2026257538,ELE3037,확률과통계,3,전공기초,,,false,2026,2
2026257538,CSE2018,시스템프로그래밍기초,3,전공핵심,,,false,2026,2
2026257538,DAI1001,오픈소스실전인공지능,3,전공핵심,,,false,2026,2
2026257538,CUL2100,아카데믹글쓰기,2,교양필수,,,false,2026,2
2026605065,GEN0063,일반물리학1,3,전공기초,A,4.0,false,2026,1
2026605065,CSE1017,프로그래밍기초,3,전공기초,A+,4.5,false,2026,1
2026605065,CSE1007,논리학(컴퓨터전공),3,전공기초,B,3.0,false,2026,1
2026605065,GEN2052,미분적분학1,3,전공기초,C,2.0,false,2026,1
2026605065,CUL7125,ESG와SDGs이해,2,교양필수,B,3.0,false,2026,1
2026605065,VCC1001,IC-PBL과비전설계,1,교양필수,C+,2.5,false,2026,1
2026605065,CUL7133,파이썬과인공지능,3,교양필수,B,3.0,false,2026,1
2026605065,CLU7124,AI리터러시,2,교양필수,A,4.0,false,2026,1
2026605065,MMT4017,퓨쳐미디어와디지털아트,3,전공핵심,,,false,2026,2
2026605065,ICT1001,기초확률통계,3,전공기초,,,false,2026,2
2026605065,CSE2010,자료구조론,3,전공기초,,,false,2026,2
2026605065,MCD1001,디자인테크놀로지융합의이해,3,전공핵심,,,false,2026,2
2026605065,MMT2012,디지털미디어의디자인활용,3,전공핵심,,,false,2026,2
2026605065,CS31020,창의융합설계,2,전공핵심,,,false,2026,2
2026605065,CUL2100,아카데믹글쓰기,2,교양필수,,,false,2026,2
2026647403,GEN0063,일반물리학1,3,전공기초,B+,3.5,false,2026,1
2026647403,GEN0066,일반물리학실험1,1,전공기초,A,4.0,false,2026,1
2026647403,CUL7125,ESG와SDGs이해,2,교양필수,C,2.0,false,2026,1
2026647403,VCC1001,IC-PBL과비전설계,1,교양필수,A,4.0,false,2026,1
2026647403,CUL7131,창의적프로그래밍기초와실습,3,교양필수,C,2.0,false,2026,1
2026647403,EMS2021,물리해양학,3,전공기초,B+,3.5,false,2026,1
2026647403,GEN0064,일반물리학2,3,전공기초,,,false,2026,2
2026647403,GEN0067,일반물리학실험2,1,전공기초,,,false,2026,2
2026647403,CSE4018,인간과컴퓨터상호작용,3,전공핵심,,,false,2026,2
2026647403,CUL7128,오픈소스개발과활용,3,교양필수,,,false,2026,2
2026647403,PHY1008,드론의이해와응용,3,전공핵심,,,false,2026,2
2026647403,GEN2053,미분적분학2,3,전공기초,,,false,2026,2
2026647403,CUL2100,아카데믹글쓰기,2,교양필수,,,false,2026,2
2026479867,CUL7125,ESG와SDGs이해,2,교양필수,B,3.0,false,2026,1
2026479867,GEN0070,일반화학실험1,1,전공기초,B,3.0,false,2026,1
2026479867,GEN0071,일반화학실험2,1,전공기초,,,false,2026,2
2026911801,VCC1001,IC-PBL과비전설계,1,교양필수,B+,3.5,false,2026,1
2026911801,JMC1008,커뮤니케이션학의이해,3,전공기초,B,3.0,false,2026,1
2026911801,JMC2030,미디어제작의이해,3,전공기초,C+,2.5,false,2026,1
2026911801,CUL2100,아카데믹글쓰기,2,교양필수,C+,2.5,false,2026,1
2026911801,CLU7124,AI리터러시,2,교양필수,B+,3.5,false,2026,1
2026911801,CUL7135,파이썬과데이터분석,2,교양필수,,,false,2026,2
2026911801,CUL7125,ESG와SDGs이해,2,교양필수,,,false,2026,2
2026911801,JMC2000,디지털미디어사회의이해,3,전공기초,,,false,2026,2
2026911801,JOU3066,스피치커뮤니케이션의이해,3,전공기초,,,false,2026,2
2026859687,GEN1030,컴퓨터개론,3,전공핵심,B,3.0,false,2026,1
2026859687,GEN2052,미분적분학1,3,전공기초,B,3.0,false,2026,1
2026859687,CSE1017,프로그래밍기초,3,전공기초,B+,3.5,false,2026,1
2026859687,CUL7125,ESG와SDGs이해,2,교양필수,B,3.0,false,2026,1
2026859687,VCC1001,IC-PBL과비전설계,1,교양필수,D,1.0,false,2026,1
2026859687,CUL7133,파이썬과인공지능,3,교양필수,A+,4.5,false,2026,1
2026859687,CLU7124,AI리터러시,2,교양필수,A,4.0,false,2026,1
2026859687,ITE1009,C프로그래밍,3,전공핵심,,,false,2026,2
2026859687,CSE1019,오픈소스SW기초,2,전공핵심,,,false,2026,2
2026859687,MAT2020,이산수학,3,전공기초,,,false,2026,2
2026859687,COM2018,객체지향프로그래밍,3,전공핵심,,,false,2026,2
2026859687,CSE1021,소프트웨어엔지니어링커뮤니케이션,2,전공기초,,,false,2026,2
2026859687,CUL2100,아카데믹글쓰기,2,교양필수,,,false,2026,2
2026970071,COE2023,건설환경공학입문설계,2,전공기초,C,2.0,false,2026,1
2026970071,CUL7125,ESG와SDGs이해,2,교양필수,C+,2.5,false,2026,1
2026970071,CUL7133,파이썬과인공지능,3,교양필수,B,3.0,false,2026,1
2026970071,GEN0063,일반물리학1,3,전공기초,B,3.0,false,2026,1
2026970071,GEN2052,미분적분학1,3,전공기초,D,1.0,false,2026,1
2026970071,VCC1001,IC-PBL과비전설계,1,교양필수,B,3.0,false,2026,1
2026970071,GEN0066,일반물리학실험1,1,전공기초,C+,2.5,false,2026,1
2026970071,GEN0068,일반화학1,3,전공기초,C+,2.5,false,2026,1
2026970071,GEN0070,일반화학실험1,1,전공기초,D,1.0,false,2026,1
2026970071,COE2003,정역학,3,전공핵심,,,false,2026,2
2026970071,CUL2100,아카데믹글쓰기,2,교양필수,,,false,2026,2
2026970071,CUL7124,AI리터러시,2,교양필수,,,false,2026,2
2026970071,GEN2053,미분적분학2,3,전공기초,,,false,2026,2
2026970071,GEN0064,일반물리학2,3,전공기초,,,false,2026,2
2026970071,GEN0067,일반물리학실험2,1,전공기초,,,false,2026,2
2026970071,GEN0069,일반화학2,3,전공기초,,,false,2026,2
2026970071,GEN0071,일반화학실험2,1,전공기초,,,false,2026,2
2026331087,GEN0063,일반물리학1,3,전공기초,B+,3.5,false,2026,1
2026331087,CSE1017,프로그래밍기초,3,전공기초,A,4.0,false,2026,1
2026331087,CSE1007,논리학(컴퓨터전공),3,전공기초,B,3.0,false,2026,1
2026331087,GEN2052,미분적분학1,3,전공기초,A,4.0,false,2026,1
2026331087,CUL7125,ESG와SDGs이해,2,교양필수,C+,2.5,false,2026,1
2026331087,VCC1001,IC-PBL과비전설계,1,교양필수,D+,1.5,false,2026,1
2026331087,CUL7133,파이썬과인공지능,3,교양필수,A,4.0,false,2026,1
2026331087,CLU7124,AI리터러시,2,교양필수,C+,2.5,false,2026,1
2026331087,MMT4017,퓨쳐미디어와디지털아트,3,전공핵심,,,false,2026,2
2026331087,ICT1001,기초확률통계,3,전공기초,,,false,2026,2
2026331087,CSE2010,자료구조론,3,전공기초,,,false,2026,2
2026331087,MCD1001,디자인테크놀로지융합의이해,3,전공핵심,,,false,2026,2
2026331087,MMT2012,디지털미디어의디자인활용,3,전공핵심,,,false,2026,2
2026331087,CS31020,창의융합설계,2,전공핵심,,,false,2026,2
2026331087,CUL2100,아카데믹글쓰기,2,교양필수,,,false,2026,2
2026211871,GEN0063,일반물리학1,3,전공기초,F,0.0,false,2026,1
2026211871,CUL7125,ESG와SDGs이해,2,교양필수,D+,1.5,false,2026,1
2026211871,VCC1001,IC-PBL과비전설계,1,교양필수,A,4.0,false,2026,1
2026211871,CUL7131,창의적프로그래밍기초와실습,3,교양필수,A,4.0,false,2026,1
2026211871,GEN0068,일반화학1,3,전공기초,B,3.0,false,2026,1
2026211871,GEN2052,미분적분학1,3,전공기초,A+,4.5,false,2026,1
2026211871,GEN0069,일반화학2,3,전공기초,,,false,2026,2
2026211871,CUL2100,아카데믹글쓰기,2,교양필수,,,false,2026,2
2026819678,GEN0063,일반물리학1,3,전공기초,A,4.0,false,2026,1
2026819678,GEN1030,컴퓨터개론,3,전공핵심,D,1.0,false,2026,1
2026819678,GEN2052,미분적분학1,3,전공기초,B+,3.5,false,2026,1
2026819678,CSE1017,프로그래밍기초,3,전공기초,A,4.0,false,2026,1
2026819678,CUL7125,ESG와SDGs이해,2,교양필수,B+,3.5,false,2026,1
2026819678,VCC1001,IC-PBL과비전설계,1,교양필수,B+,3.5,false,2026,1
2026819678,CUL7133,파이썬과인공지능,3,교양필수,C+,2.5,false,2026,1
2026819678,DAI1002,인공지능코딩,3,전공기초,B+,3.5,false,2026,1
2026819678,CLU7124,AI리터러시,2,교양필수,B+,3.5,false,2026,1
2026819678,MMT2009,인공지능의이해,3,전공핵심,,,false,2026,2
2026819678,ELE3037,확률과통계,3,전공기초,,,false,2026,2
2026819678,CSE2018,시스템프로그래밍기초,3,전공핵심,,,false,2026,2
2026819678,DAI1001,오픈소스실전인공지능,3,전공핵심,,,false,2026,2
2026819678,CUL2100,아카데믹글쓰기,2,교양필수,,,false,2026,2
2026682316,GEN0074,일반생물학1,3,전공기초,A+,4.5,false,2026,1
2026682316,GEN0076,일반생물학실험1,1,전공기초,A,4.0,false,2026,1
2026682316,GEN0068,일반화학1,3,전공기초,A,4.0,false,2026,1
2026682316,CUL7125,ESG와SDGs이해,2,교양필수,A,4.0,false,2026,1
2026682316,VCC1001,IC-PBL과비전설계,1,교양필수,C,2.0,false,2026,1
2026682316,CUL7131,창의적프로그래밍기초와실습,3,교양필수,A+,4.5,false,2026,1
2026682316,GEN3032,기초물리학,2,전공기초,C+,2.5,false,2026,1
2026682316,GEN0070,일반화학실험1,1,전공기초,A,4.0,false,2026,1
2026682316,GEN0075,일반생물학2,3,전공기초,,,false,2026,2
2026682316,GEN0077,일반생물학실험2,1,전공기초,,,false,2026,2
2026682316,GEN0069,일반화학2,3,전공기초,,,false,2026,2
2026682316,CUL7128,오픈소스개발과활용,3,교양필수,,,false,2026,2
2026682316,GEN2053,미분적분학2,3,전공기초,,,false,2026,2
2026682316,GEN0071,일반화학실험2,1,전공기초,,,false,2026,2
2026682316,CUL2100,아카데믹글쓰기,2,교양필수,,,false,2026,2
2026308622,GEN1030,컴퓨터개론,3,전공핵심,B,3.0,false,2026,1
2026308622,GEN2052,미분적분학1,3,전공기초,D+,1.5,false,2026,1
2026308622,CSE1017,프로그래밍기초,3,전공기초,B+,3.5,false,2026,1
2026308622,CUL7125,ESG와SDGs이해,2,교양필수,B,3.0,false,2026,1
2026308622,VCC1001,IC-PBL과비전설계,1,교양필수,B+,3.5,false,2026,1
2026308622,ITE1009,C프로그래밍,3,전공핵심,,,false,2026,2
2026308622,CSE1019,오픈소스SW기초,2,전공핵심,,,false,2026,2
2026308622,MAT2020,이산수학,3,전공기초,,,false,2026,2
2026308622,CSE1021,소프트웨어엔지니어링커뮤니케이션,2,전공기초,,,false,2026,2
2026308622,CUL2100,아카데믹글쓰기,2,교양필수,,,false,2026,2
2026734792,DES1001,스튜디오프랙티스,3,전공기초,A,4.0,false,2026,1
2026734792,DES1002,2D디지털디자인,3,전공기초,B+,3.5,false,2026,1
2026734792,DES1004,드로잉파운데이션,3,전공기초,A+,4.5,false,2026,1
2026734792,VCC1001,IC-PBL과비전설계,1,교양필수,D+,1.5,false,2026,1
2026734792,CUL2100,아카데믹글쓰기,2,교양필수,B+,3.5,false,2026,1
2026734792,CLU7124,AI리터러시,2,교양필수,A+,4.5,false,2026,1
2026734792,CUL7135,파이썬과데이터분석,3,교양필수,,,false,2026,2
2026734792,DES1005,크리에이티브프로세스,3,전공기초,,,false,2026,2
2026734792,DES1003,3D스페이셜디자인,3,전공기초,,,false,2026,2
2026734792,CUL7125,ESG와SDGs이해,2,교양필수,,,false,2026,2
2026508783,DES1001,스튜디오프랙티스,3,전공기초,A,4.0,false,2026,1
2026508783,DES1002,2D디지털디자인,3,전공기초,D,1.0,false,2026,1
2026508783,DES1004,드로잉파운데이션,3,전공기초,B,3.0,false,2026,1
2026508783,VCC1001,IC-PBL과비전설계,1,교양필수,B,3.0,false,2026,1
2026508783,CUL2100,아카데믹글쓰기,2,교양필수,B+,3.5,false,2026,1
2026508783,CLU7124,AI리터러시,2,교양필수,C+,2.5,false,2026,1
2026508783,CUL7135,파이썬과데이터분석,3,교양필수,,,false,2026,2
2026508783,DES1005,크리에이티브프로세스,3,전공기초,,,false,2026,2
2026508783,DES1003,3D스페이셜디자인,3,전공기초,,,false,2026,2
2026508783,CUL7125,ESG와SDGs이해,2,교양필수,,,false,2026,2
2026563324,DES1001,스튜디오프랙티스,3,전공기초,C+,2.5,false,2026,1
2026563324,DES1002,2D디지털디자인,3,전공기초,C+,2.5,false,2026,1
2026563324,DES1004,드로잉파운데이션,3,전공기초,B,3.0,false,2026,1
2026563324,VCC1001,IC-PBL과비전설계,1,교양필수,C+,2.5,false,2026,1
2026563324,CUL2100,아카데믹글쓰기,2,교양필수,B,3.0,false,2026,1
2026563324,CLU7124,AI리터러시,2,교양필수,A,4.0,false,2026,1
2026563324,CUL7135,파이썬과데이터분석,3,교양필수,,,false,2026,2
2026563324,DES1005,크리에이티브프로세스,3,전공기초,,,false,2026,2
2026563324,DES1003,3D스페이셜디자인,3,전공기초,,,false,2026,2
2026563324,CUL7125,ESG와SDGs이해,2,교양필수,,,false,2026,2
2026542750,VCC1001,IC-PBL과비전설계,1,교양필수,A,4.0,false,2026,1
2026542750,ANT1059,AI시대인류학의도전,3,전공기초,A+,4.5,false,2026,1
2026542750,CUL2100,아카데믹글쓰기,2,교양필수,B+,3.5,false,2026,1
2026542750,ANT2026,야외고고학,3,전공기초,,,false,2026,2
2026542750,ANT1062,이주시대세계문화의이해,3,전공기초,,,false,2026,2
2026542750,CUL7135,파이썬과데이터분석,3,교양필수,,,false,2026,2
2026660957,VCC1001,IC-PBL과비전설계,1,교양필수,F,0.0,false,2026,1
2026660957,BUS1005,경영통계분석1,3,전공기초,B+,3.5,false,2026,1
2026660957,GEN0044,경영학원론,3,전공기초,C+,2.5,false,2026,1
2026660957,GEN0059,경제원론1,3,전공기초,B+,3.5,false,2026,1
2026660957,CUL7124,AI리터러시,2,교양필수,C,2.0,false,2026,1
2026660957,CUL2100,아카데믹글쓰기,2,교양필수,D,1.0,false,2026,1
2026660957,CUL7125,ESG와SDGs이해,2,교양필수,,,false,2026,2
2026660957,CUL7135,파이썬과데이터분석,3,교양필수,,,false,2026,2
2026660957,BUS1010,회계정보의이해,3,전공기초,,,false,2026,2
2026982417,GEN0063,일반물리학1,3,전공기초,A,4.0,false,2026,1
2026982417,GEN2052,미분적분학1,3,전공기초,C+,2.5,false,2026,1
2026982417,MAT4096,인공지능기초,3,전공기초,C+,2.5,false,2026,1
2026982417,MAT1002,확률및통계개론,3,전공기초,B,3.0,false,2026,1
2026982417,CUL7125,ESG와SDGs이해,2,교양필수,A,4.0,false,2026,1
2026982417,VCC1001,IC-PBL과비전설계,1,교양필수,B+,3.5,false,2026,1
2026982417,CUL7133,파이썬과인공지능,3,교양필수,B+,3.5,false,2026,1
2026982417,CLU7124,AI리터러시,2,교양필수,B+,3.5,false,2026,1
2026982417,GEN0064,일반물리학2,3,전공기초,,,false,2026,2
2026982417,GEN2053,미분적분학2,3,전공기초,,,false,2026,2
2026982417,MAT2079,데이터사이언스프로그래밍,3,전공핵심,,,false,2026,2
2026982417,MAT2020,이산수학,3,전공핵심,,,false,2026,2
2026982417,CUL2100,아카데믹글쓰기,2,교양필수,,,false,2026,2
2026713099,VCC1001,IC-PBL과비전설계,1,교양필수,D+,1.5,false,2026,1
2026713099,BUS1005,경영통계분석1,3,전공기초,F,0.0,false,2026,1
2026713099,GEN0044,경영학원론,3,전공기초,B,3.0,false,2026,1
2026713099,GEN0059,경제원론1,3,전공기초,A+,4.5,false,2026,1
2026713099,CUL2100,아카데믹글쓰기,2,교양필수,B,3.0,false,2026,1
2026713099,CUL7125,ESG와SDGs이해,2,교양필수,,,false,2026,2
2026713099,CUL7135,파이썬과데이터분석,3,교양필수,,,false,2026,2
2026893454,GEN2052,미분적분학1,3,전공기초,B,3.0,false,2026,1
2026893454,GEN0074,일반생물학1,3,전공기초,A,4.0,false,2026,1
2026893454,CUL7125,ESG와SDGs이해,2,교양필수,A,4.0,false,2026,1
2026893454,VCC1001,IC-PBL과비전설계,1,교양필수,B+,3.5,false,2026,1
2026893454,GEN0068,일반화학1,3,전공기초,C+,2.5,false,2026,1
2026893454,GEN2053,미분적분학2,3,전공기초,,,false,2026,2
2026893454,GEN0075,일반생물학2,3,전공기초,,,false,2026,2
2026893454,CUL2100,아카데믹글쓰기,2,교양필수,,,false,2026,2
2026893454,GEN0069,일반화학2,3,전공기초,,,false,2026,2
2026667915,GEN0063,일반물리학1,3,전공기초,B,3.0,false,2026,1
2026667915,CSE1017,프로그래밍기초,3,전공기초,B+,3.5,false,2026,1
2026667915,CSE1007,논리학(컴퓨터전공),3,전공기초,B,3.0,false,2026,1
2026667915,GEN2052,미분적분학1,3,전공기초,A+,4.5,false,2026,1
2026667915,CUL7125,ESG와SDGs이해,2,교양필수,B,3.0,false,2026,1
2026667915,VCC1001,IC-PBL과비전설계,1,교양필수,A+,4.5,false,2026,1
2026667915,CUL7133,파이썬과인공지능,3,교양필수,C,2.0,false,2026,1
2026667915,CLU7124,AI리터러시,2,교양필수,A,4.0,false,2026,1
2026667915,MMT4017,퓨쳐미디어와디지털아트,3,전공핵심,,,false,2026,2
2026667915,ICT1001,기초확률통계,3,전공기초,,,false,2026,2
2026667915,CSE2010,자료구조론,3,전공기초,,,false,2026,2
2026667915,MCD1001,디자인테크놀로지융합의이해,3,전공핵심,,,false,2026,2
2026667915,MMT2012,디지털미디어의디자인활용,3,전공핵심,,,false,2026,2
2026667915,CS31020,창의융합설계,2,전공핵심,,,false,2026,2
2026667915,CUL2100,아카데믹글쓰기,2,교양필수,,,false,2026,2
2026789880,GEN0063,일반물리학1,3,전공기초,C+,2.5,false,2026,1
2026789880,GEN0066,일반물리학실험1,1,전공기초,C+,2.5,false,2026,1
2026789880,CUL7125,ESG와SDGs이해,2,교양필수,A+,4.5,false,2026,1
2026789880,VCC1001,IC-PBL과비전설계,1,교양필수,B,3.0,false,2026,1
2026789880,GEN0068,일반화학1,3,전공기초,B,3.0,false,2026,1
2026789880,GEN2052,미분적분학1,3,전공기초,C+,2.5,false,2026,1
2026789880,GEN0070,일반화학실험1,1,전공기초,C,2.0,false,2026,1
2026789880,GEN0064,일반물리학2,3,전공기초,,,false,2026,2
2026789880,GEN0067,일반물리학실험2,1,전공기초,,,false,2026,2
2026789880,CUL7128,오픈소스개발과활용,3,교양필수,,,false,2026,2
2026789880,GEN2053,미분적분학2,3,전공기초,,,false,2026,2
2026789880,GEN0069,일반화학2,3,전공기초,,,false,2026,2
2026789880,CUL2100,아카데믹글쓰기,2,교양필수,,,false,2026,2
2026360846,CLU7124,AI리터러시,2,교양필수,B,3.0,false,2026,1
2026360846,CUL2100,아카데믹글쓰기,2,교양필수,B,3.0,false,2026,1
2026360846,APR1004,커뮤니케이션론,3,전공기초,B,3.0,false,2026,1
2026360846,VCC1001,IC-PBL과비전설계,1,교양필수,B,3.0,false,2026,1
2026360846,CUL7135,파이썬과데이터분석,3,교양필수,,,false,2026,2
2026360846,APR1038,크리에이티브디자인,3,전공기초,,,false,2026,2
2026360846,APR1037,전략적커뮤니케이션,3,전공기초,,,false,2026,2
2026360846,CUL7125,ESG와SDGs이해,2,교양필수,,,false,2026,2
2026360846,APR2014,홍보원론,3,전공기초,,,false,2026,2
2026360846,GEN3065,컴퓨터그래픽응용,2,전공핵심,,,false,2026,2
2026360846,APR2013,광고원론,3,전공기초,,,false,2026,2
2026439162,CLU7124,AI리터러시,2,교양필수,A+,4.5,false,2026,1
2026439162,CUL7135,파이썬과데이터분석,3,교양필수,,,false,2026,2
2026439162,DES1003,3D스페이셜디자인,3,전공기초,,,false,2026,2
2026332665,GEN0063,일반물리학1,3,전공기초,A+,4.5,false,2026,1
2026332665,GEN0066,일반물리학실험1,1,전공기초,B+,3.5,false,2026,1
2026332665,CUL7133,파이썬과인공지능,3,교양필수,D+,1.5,false,2026,1
2026332665,GEN2052,미분적분학1,3,전공기초,C+,2.5,false,2026,1
2026332665,GEN3030,대학생물학,2,전공기초,C+,2.5,false,2026,1
2026332665,VCC1001,IC-PBL과비전설계,1,교양필수,C+,2.5,false,2026,1
2026332665,CUL7125,ESG와SDGs이해,2,교양필수,A,4.0,false,2026,1
2026332665,GEN0068,일반화학1,3,전공기초,C+,2.5,false,2026,1
2026332665,GEN0070,일반화학실험1,1,전공기초,B,3.0,false,2026,1
2026332665,GEN0064,일반물리학2,3,전공기초,,,false,2026,2
2026332665,GEN0067,일반물리학실험2,1,전공기초,,,false,2026,2
2026332665,GEN2053,미분적분학2,3,전공기초,,,false,2026,2
2026332665,CUL2100,아카데믹글쓰기,2,교양필수,,,false,2026,2
2026332665,CLU7124,AI리터러시,2,교양필수,,,false,2026,2
2026332665,GEN0069,일반화학2,3,전공기초,,,false,2026,2
2026332665,GEN0071,일반화학실험2,1,전공기초,,,false,2026,2
2026956835,GEN0063,일반물리학1,3,전공기초,B,3.0,false,2026,1
2026956835,GEN0066,일반물리학실험1,1,전공기초,A,4.0,false,2026,1
2026956835,CUL7125,ESG와SDGs이해,2,교양필수,A+,4.5,false,2026,1
2026956835,VCC1001,IC-PBL과비전설계,1,교양필수,C+,2.5,false,2026,1
2026956835,CUL7131,창의적프로그래밍기초와실습,3,교양필수,B+,3.5,false,2026,1
2026956835,EMS2021,물리해양학,3,전공기초,B+,3.5,false,2026,1
2026956835,GEN0064,일반물리학2,3,전공기초,,,false,2026,2
2026956835,GEN0067,일반물리학실험2,1,전공기초,,,false,2026,2
2026956835,CSE4018,인간과컴퓨터상호작용,3,전공핵심,,,false,2026,2
2026956835,CUL7128,오픈소스개발과활용,3,교양필수,,,false,2026,2
2026956835,PHY1008,드론의이해와응용,3,전공핵심,,,false,2026,2
2026956835,GEN2053,미분적분학2,3,전공기초,,,false,2026,2
2026956835,CUL2100,아카데믹글쓰기,2,교양필수,,,false,2026,2
2026598969,CUL2100,아카데믹글쓰기,2,교양필수,A,4.0,false,2026,1
2026598969,CLU7124,AI리터러시,2,교양필수,A,4.0,false,2026,1
2026598969,VCC1001,IC-PBL과비전설계,1,교양필수,B+,3.5,false,2026,1
2026598969,GEN0059,경제원론1,3,전공핵심,B,3.0,false,2026,1
2026598969,ACT1005,미적분학1,3,전공기초,B,3.0,false,2026,1
2026598969,ACT1004,통계프로그래밍,3,전공기초,A+,4.5,false,2026,1
2026598969,CUL7125,ESG와SDGs이해,2,교양필수,,,false,2026,2
2026598969,GEN0060,경제원론2,3,전공핵심,,,false,2026,2
2026598969,ACT1003,계리프로그래밍,3,전공기초,,,false,2026,2
2026598969,ACT1006,미적분학2,3,전공기초,,,false,2026,2
2026598969,ACT1007,보험원론,3,전공핵심,,,false,2026,2
2026598969,CUL7135,파이썬과데이터분석,3,교양필수,,,false,2026,2
2026598969,BUS1010,회계정보의이해,3,전공기초,,,false,2026,2
2026466704,GEN0063,일반물리학1,3,전공기초,D,1.0,false,2026,1
2026466704,GEN0066,일반물리학실험1,1,전공기초,D+,1.5,false,2026,1
2026466704,CUL7125,ESG와SDGs이해,2,교양필수,C,2.0,false,2026,1
2026466704,VCC1001,IC-PBL과비전설계,1,교양필수,C+,2.5,false,2026,1
2026466704,CUL7131,창의적프로그래밍기초와실습,3,교양필수,A+,4.5,false,2026,1
2026466704,EMS2021,물리해양학,3,전공기초,B,3.0,false,2026,1
2026466704,GEN0064,일반물리학2,3,전공기초,,,false,2026,2
2026466704,GEN0067,일반물리학실험2,1,전공기초,,,false,2026,2
2026466704,CSE4018,인간과컴퓨터상호작용,3,전공핵심,,,false,2026,2
2026466704,CUL7128,오픈소스개발과활용,3,교양필수,,,false,2026,2
2026466704,PHY1008,드론의이해와응용,3,전공핵심,,,false,2026,2
2026466704,GEN2053,미분적분학2,3,전공기초,,,false,2026,2
2026466704,CUL2100,아카데믹글쓰기,2,교양필수,,,false,2026,2
2026371222,GEN0063,일반물리학1,3,전공기초,A+,4.5,false,2026,1
2026371222,CUL7125,ESG와SDGs이해,2,교양필수,B,3.0,false,2026,1
2026371222,CUL7129,인공지능기초탐색,2,교양필수,B,3.0,false,2026,1
2026371222,CUL7133,파이썬과인공지능,3,교양필수,D+,1.5,false,2026,1
2026371222,GEN2052,미분적분학1,3,전공기초,B+,3.5,false,2026,1
2026371222,MCE1001,배터리소재화공입문설계,2,전공기초,A+,4.5,false,2026,1
2026371222,VCC1001,IC-PBL과비전설계,1,교양필수,A,4.0,false,2026,1
2026371222,GEN0066,일반물리학실험1,1,전공기초,C,2.0,false,2026,1
2026371222,GEN0068,일반화학1,3,전공기초,B+,3.5,false,2026,1
2026371222,GEN0070,일반화학실험1,1,전공기초,F,0.0,false,2026,1
2026371222,GEN0064,일반물리학2,3,전공기초,,,false,2026,2
2026371222,CUL7127,수학적사고와인공지능,2,교양필수,,,false,2026,2
2026371222,GEN2053,미분적분학2,3,전공기초,,,false,2026,2
2026371222,MCE2004,배터리/신소재/화학공학입문,3,전공핵심,,,false,2026,2
2026371222,CUL7124,AI리터러시,2,교양필수,,,false,2026,2
2026371222,CUL2100,아카데믹글쓰기,2,교양필수,,,false,2026,2
2026371222,GEN0067,일반물리학실험2,1,전공기초,,,false,2026,2
2026371222,GEN0069,일반화학2,3,전공기초,,,false,2026,2
2026419739,ARE1060,건축공학기초설계,3,전공기초,B,3.0,false,2026,1
2026419739,GEN0063,일반물리학1,3,전공기초,C,2.0,false,2026,1
2026419739,SAI1001,건축공학개론,3,전공기초,C,2.0,false,2026,1
2026419739,CUL2100,아카데믹글쓰기,2,교양필수,,,false,2026,2
2026511929,CLU7124,AI리터러시,2,교양필수,B+,3.5,false,2026,1
2026511929,CUL2100,아카데믹글쓰기,2,교양필수,A,4.0,false,2026,1
2026511929,APR1004,커뮤니케이션론,3,전공기초,B,3.0,false,2026,1
2026511929,VCC1001,IC-PBL과비전설계,1,교양필수,B,3.0,false,2026,1
2026511929,CUL7135,파이썬과데이터분석,3,교양필수,,,false,2026,2
2026511929,APR1038,크리에이티브디자인,3,전공기초,,,false,2026,2
2026511929,APR1037,전략적커뮤니케이션,3,전공기초,,,false,2026,2
2026511929,CUL7125,ESG와SDGs이해,2,교양필수,,,false,2026,2
2026511929,APR2014,홍보원론,3,전공기초,,,false,2026,2
2026511929,GEN3065,컴퓨터그래픽응용,2,전공핵심,,,false,2026,2
2026511929,APR2013,광고원론,3,전공기초,,,false,2026,2
2026432918,GEN0063,일반물리학1,3,전공기초,A+,4.5,false,2026,1
2026432918,GEN0066,일반물리학실험1,1,전공기초,A,4.0,false,2026,1
2026432918,CUL7125,ESG와SDGs이해,2,교양필수,C+,2.5,false,2026,1
2026432918,VCC1001,IC-PBL과비전설계,1,교양필수,B,3.0,false,2026,1
2026432918,GEN2052,미분적분학1,3,전공기초,A,4.0,false,2026,1
2026432918,GEN0070,일반화학실험1,1,전공기초,B,3.0,false,2026,1
2026432918,GEN0064,일반물리학2,3,전공기초,,,false,2026,2
2026432918,GEN0067,일반물리학실험2,1,전공기초,,,false,2026,2
2026432918,CUL7128,오픈소스개발과활용,3,교양필수,,,false,2026,2
2026432918,CUL2100,아카데믹글쓰기,2,교양필수,,,false,2026,2
2026432918,GEN0071,일반화학실험2,1,전공기초,,,false,2026,2
2026987240,VCC1001,IC-PBL과비전설계,1,교양필수,C+,2.5,false,2026,1
2026987240,GEN0044,경영학원론,3,전공기초,F,0.0,false,2026,1
2026987240,GEN0059,경제원론1,3,전공기초,C+,2.5,false,2026,1
2026987240,ECO1001,경제학입문,3,전공핵심,A+,4.5,false,2026,1
2026987240,CUL7125,ESG와SDGs이해,2,교양필수,,,false,2026,2
2026987240,ECO1002,경제수학,3,전공기초,,,false,2026,2
2026987240,GEN0060,경제원론2,3,전공기초,,,false,2026,2
2026987240,ECO1022,기업가정신과관계역량,1,전공핵심,,,false,2026,2
2026987240,CUL7135,파이썬과데이터분석,3,교양필수,,,false,2026,2
2026737460,GEN1030,컴퓨터개론,3,전공핵심,C,2.0,false,2026,1
2026737460,GEN2052,미분적분학1,3,전공기초,A,4.0,false,2026,1
2026737460,CSE1017,프로그래밍기초,3,전공기초,B,3.0,false,2026,1
2026737460,CUL7125,ESG와SDGs이해,2,교양필수,F,0.0,false,2026,1
2026737460,VCC1001,IC-PBL과비전설계,1,교양필수,A+,4.5,false,2026,1
2026737460,CUL7133,파이썬과인공지능,3,교양필수,B+,3.5,false,2026,1
2026737460,CLU7124,AI리터러시,2,교양필수,C+,2.5,false,2026,1
2026737460,ITE1009,C프로그래밍,3,전공핵심,,,false,2026,2
2026737460,CSE1019,오픈소스SW기초,2,전공핵심,,,false,2026,2
2026737460,MAT2020,이산수학,3,전공기초,,,false,2026,2
2026737460,COM2018,객체지향프로그래밍,3,전공핵심,,,false,2026,2
2026737460,CSE1021,소프트웨어엔지니어링커뮤니케이션,2,전공기초,,,false,2026,2
2026737460,CUL2100,아카데믹글쓰기,2,교양필수,,,false,2026,2
2026742917,GCT1003,인공지능과지속가능발전,2,전공기초,B+,3.5,false,2026,1
2026742917,GCT1004,영상문화의이해,2,전공기초,A,4.0,false,2026,1
2026742917,GCT1002,글로벌트랜드탐색,3,전공기초,B,3.0,false,2026,1
2026742917,GCT1001,K-컬쳐와글로벌한국학문화연구기초,2,전공기초,C+,2.5,false,2026,1
2026742917,VCC1001,IC-PBL과비전설계,1,교양필수,A,4.0,false,2026,1
2026742917,CUL2100,아카데믹글쓰기,2,교양필수,B+,3.5,false,2026,1
2026742917,CLU7124,AI리터러시,2,교양필수,A,4.0,false,2026,1
2026742917,CUL7135,파이썬과데이터분석,3,교양필수,,,false,2026,2
2026742917,GCT1006,언어/문화모듈탐색,2,전공기초,,,false,2026,2
2026742917,GCT1007,글로벌통상의이해,2,전공기초,,,false,2026,2
2026742917,GCT1005,글로벌관광엔터테인먼트의이해,2,전공기초,,,false,2026,2
2026742917,CUL7125,ESG와SDGs이해,2,교양필수,,,false,2026,2
2026862182,VCC1001,IC-PBL과비전설계,1,교양필수,C+,2.5,false,2026,1
2026862182,GEN0044,경영학원론,3,전공기초,A+,4.5,false,2026,1
2026862182,GEN0059,경제원론1,3,전공기초,B+,3.5,false,2026,1
2026862182,ECO1001,경제학입문,3,전공핵심,C+,2.5,false,2026,1
2026862182,CUL7125,ESG와SDGs이해,2,교양필수,,,false,2026,2
2026862182,ECO1002,경제수학,3,전공기초,,,false,2026,2
2026862182,GEN0060,경제원론2,3,전공기초,,,false,2026,2
2026862182,ECO1022,기업가정신과관계역량,1,전공핵심,,,false,2026,2
2026862182,CUL7135,파이썬과데이터분석,3,교양필수,,,false,2026,2
2026365406,GEN0063,일반물리학1,3,전공기초,A+,4.5,false,2026,1
2026365406,CUL7125,ESG와SDGs이해,2,교양필수,B+,3.5,false,2026,1
2026365406,CUL7129,인공지능기초탐색,2,교양필수,A,4.0,false,2026,1
2026365406,CUL7133,파이썬과인공지능,3,교양필수,A+,4.5,false,2026,1
2026365406,GEN2052,미분적분학1,3,전공기초,B,3.0,false,2026,1
2026365406,MCE1001,배터리소재화공입문설계,2,전공기초,B,3.0,false,2026,1
2026365406,VCC1001,IC-PBL과비전설계,1,교양필수,B+,3.5,false,2026,1
2026365406,GEN0066,일반물리학실험1,1,전공기초,A+,4.5,false,2026,1
2026365406,GEN0068,일반화학1,3,전공기초,A+,4.5,false,2026,1
2026365406,GEN0070,일반화학실험1,1,전공기초,F,0.0,false,2026,1
2026365406,GEN0064,일반물리학2,3,전공기초,,,false,2026,2
2026365406,CUL7127,수학적사고와인공지능,2,교양필수,,,false,2026,2
2026365406,GEN2053,미분적분학2,3,전공기초,,,false,2026,2
2026365406,MCE2004,배터리/신소재/화학공학입문,3,전공핵심,,,false,2026,2
2026365406,CUL7124,AI리터러시,2,교양필수,,,false,2026,2
2026365406,CUL2100,아카데믹글쓰기,2,교양필수,,,false,2026,2
2026365406,GEN0067,일반물리학실험2,1,전공기초,,,false,2026,2
2026365406,GEN0069,일반화학2,3,전공기초,,,false,2026,2
2026497346,GEN0063,일반물리학1,3,전공기초,B,3.0,false,2026,1
2026497346,GEN0066,일반물리학실험1,1,전공기초,F,0.0,false,2026,1
2026497346,CUL7125,ESG와SDGs이해,2,교양필수,B,3.0,false,2026,1
2026497346,VCC1001,IC-PBL과비전설계,1,교양필수,A+,4.5,false,2026,1
2026497346,CUL7131,창의적프로그래밍기초와실습,3,교양필수,C+,2.5,false,2026,1
2026497346,EMS2021,물리해양학,3,전공기초,B,3.0,false,2026,1
2026497346,GEN0064,일반물리학2,3,전공기초,,,false,2026,2
2026497346,CSE4018,인간과컴퓨터상호작용,3,전공핵심,,,false,2026,2
2026497346,CUL7128,오픈소스개발과활용,3,교양필수,,,false,2026,2
2026497346,PHY1008,드론의이해와응용,3,전공핵심,,,false,2026,2
2026497346,GEN2053,미분적분학2,3,전공기초,,,false,2026,2
2026497346,CUL2100,아카데믹글쓰기,2,교양필수,,,false,2026,2
2026644951,CUL2100,아카데믹글쓰기,2,교양필수,A+,4.5,false,2026,1
2026644951,CLU7124,AI리터러시,2,교양필수,B+,3.5,false,2026,1
2026644951,VCC1001,IC-PBL과비전설계,1,교양필수,C+,2.5,false,2026,1
2026644951,GEN0059,경제원론1,3,전공핵심,A,4.0,false,2026,1
2026644951,ACT1005,미적분학1,3,전공기초,B,3.0,false,2026,1
2026644951,ACT1004,통계프로그래밍,3,전공기초,B,3.0,false,2026,1
2026644951,CUL7125,ESG와SDGs이해,2,교양필수,,,false,2026,2
2026644951,GEN0060,경제원론2,3,전공핵심,,,false,2026,2
2026644951,ACT1003,계리프로그래밍,3,전공기초,,,false,2026,2
2026644951,ACT1006,미적분학2,3,전공기초,,,false,2026,2
2026644951,ACT1007,보험원론,3,전공핵심,,,false,2026,2
2026644951,CUL7135,파이썬과데이터분석,3,교양필수,,,false,2026,2
2026644951,BUS1010,회계정보의이해,3,전공기초,,,false,2026,2
2026859584,GEN0076,일반생물학실험1,1,전공기초,D+,1.5,false,2026,1
2026859584,GEN0068,일반화학1,3,전공기초,A+,4.5,false,2026,1
2026859584,CUL7125,ESG와SDGs이해,2,교양필수,B,3.0,false,2026,1
2026859584,VCC1001,IC-PBL과비전설계,1,교양필수,B,3.0,false,2026,1
2026859584,CUL7131,창의적프로그래밍기초와실습,3,교양필수,B,3.0,false,2026,1
2026859584,GEN3032,기초물리학,2,전공기초,B,3.0,false,2026,1
2026859584,GEN0070,일반화학실험1,1,전공기초,A+,4.5,false,2026,1
2026859584,GEN0077,일반생물학실험2,1,전공기초,,,false,2026,2
2026859584,GEN0069,일반화학2,3,전공기초,,,false,2026,2
2026859584,CUL7128,오픈소스개발과활용,3,교양필수,,,false,2026,2
2026859584,GEN2053,미분적분학2,3,전공기초,,,false,2026,2
2026983326,GEN0063,일반물리학1,3,전공기초,B,3.0,false,2026,1
2026983326,EMS1020,해양융합공학개론,2,전공기초,A,4.0,false,2026,1
2026983326,GEN2052,미분적분학1,3,전공기초,B+,3.5,false,2026,1
2026983326,GEN0074,일반생물학1,3,전공기초,A+,4.5,false,2026,1
2026983326,CUL7125,ESG와SDGs이해,2,교양필수,A,4.0,false,2026,1
2026983326,VCC1001,IC-PBL과비전설계,1,교양필수,A+,4.5,false,2026,1
2026983326,GEN0068,일반화학1,3,전공기초,B,3.0,false,2026,1
2026983326,GEN0064,일반물리학2,3,전공기초,,,false,2026,2
2026983326,GEN2053,미분적분학2,3,전공기초,,,false,2026,2
2026983326,GEN0075,일반생물학2,3,전공기초,,,false,2026,2
2026983326,EMS1021,해양융합공학일반화학실험,1,전공기초,,,false,2026,2
2026983326,CLU7124,AI리터러시,2,교양필수,,,false,2026,2
2026983326,CUL2100,아카데믹글쓰기,2,교양필수,,,false,2026,2
2026983326,GEN0069,일반화학2,3,전공기초,,,false,2026,2
2026203024,DCC2019,프리젠테이션기술과피칭전략,3,전공핵심,A+,4.5,false,2026,1
2026203024,DCC1011,콘텐츠스토리텔링기초,3,전공기초,C+,2.5,false,2026,1
2026203024,DCC2001,창의적발상법,3,전공기초,C+,2.5,false,2026,1
2026203024,VCC1001,IC-PBL과비전설계,1,교양필수,A+,4.5,false,2026,1
2026203024,DCC1010,문화콘텐츠의기초,3,전공기초,C+,2.5,false,2026,1
2026203024,CUL2100,아카데믹글쓰기,2,교양필수,B,3.0,false,2026,1
2026203024,CLU7124,AI리터러시,2,교양필수,A,4.0,false,2026,1
2026203024,CUL7135,파이썬과데이터분석,2,교양필수,,,false,2026,2
2026203024,DCC1007,문화콘텐츠인문학,3,전공기초,,,false,2026,2
2026203024,DCC2017,문화콘텐츠마케팅,3,전공기초,,,false,2026,2
2026203024,DCC2005,문화콘텐츠기획론,3,전공핵심,,,false,2026,2
2026203024,DCC2004,멀티미디어저작실습,3,전공핵심,,,false,2026,2
2026203024,CUL7125,ESG와SDGs이해,2,교양필수,,,false,2026,2
2026220020,CUL7125,ESG와SDGs이해,2,교양필수,A+,4.5,false,2026,1
2026220020,CUL7133,파이썬과인공지능,3,교양필수,B,3.0,false,2026,1
2026220020,ROB1002,기초로봇공학실험,3,전공기초,,,false,2026,2
2026220020,CUL2100,아카데믹글쓰기,2,교양필수,,,false,2026,2
2026808308,GEN0063,일반물리학1,3,전공기초,C+,2.5,false,2026,1
2026808308,EEN1003,전자공학의이해,1,전공기초,D+,1.5,false,2026,1
2026808308,CUL7124,AI리터러시,2,교양필수,B+,3.5,false,2026,1
2026808308,CUL7125,ESG와SDGs이해,2,교양필수,B+,3.5,false,2026,1
2026808308,VCC1001,IC-PBL과비전설계,1,교양필수,B,3.0,false,2026,1
2026808308,GEN2052,미분적분학1,3,전공기초,C+,2.5,false,2026,1
2026808308,CUL7133,파이썬과인공지능,3,교양필수,B+,3.5,false,2026,1
2026808308,GEN0066,일반물리학실험1,1,전공기초,A,4.0,false,2026,1
2026808308,CUL2100,아카데믹글쓰기,2,교양필수,,,false,2026,2
2026808308,GEN2053,미분적분학2,3,전공기초,,,false,2026,2
2026808308,ELE3037,확률과통계,3,전공기초,,,false,2026,2
2026808308,GEN0064,일반물리학2,3,전공기초,,,false,2026,2
2026808308,GEN0067,일반물리학실험2,1,전공기초,,,false,2026,2
2026440536,CUL2100,아카데믹글쓰기,2,교양필수,B,3.0,false,2026,1
2026440536,CLU7124,AI리터러시,2,교양필수,A+,4.5,false,2026,1
2026440536,VCC1001,IC-PBL과비전설계,1,교양필수,B+,3.5,false,2026,1
2026440536,GEN0059,경제원론1,3,전공핵심,B+,3.5,false,2026,1
2026440536,ACT1005,미적분학1,3,전공기초,B,3.0,false,2026,1
2026440536,ACT1004,통계프로그래밍,3,전공기초,A,4.0,false,2026,1
2026440536,CUL7125,ESG와SDGs이해,2,교양필수,,,false,2026,2
2026440536,GEN0060,경제원론2,3,전공핵심,,,false,2026,2
2026440536,ACT1003,계리프로그래밍,3,전공기초,,,false,2026,2
2026440536,ACT1006,미적분학2,3,전공기초,,,false,2026,2
2026440536,ACT1007,보험원론,3,전공핵심,,,false,2026,2
2026440536,CUL7135,파이썬과데이터분석,3,교양필수,,,false,2026,2
2026440536,BUS1010,회계정보의이해,3,전공기초,,,false,2026,2
2026556501,GEN0074,일반생물학1,3,전공기초,A+,4.5,false,2026,1
2026556501,GEN0076,일반생물학실험1,1,전공기초,A+,4.5,false,2026,1
2026556501,GEN0068,일반화학1,3,전공기초,C+,2.5,false,2026,1
2026556501,CUL7125,ESG와SDGs이해,2,교양필수,C+,2.5,false,2026,1
2026556501,VCC1001,IC-PBL과비전설계,1,교양필수,B+,3.5,false,2026,1
2026556501,CUL7131,창의적프로그래밍기초와실습,3,교양필수,B,3.0,false,2026,1
2026556501,GEN3032,기초물리학,2,전공기초,B,3.0,false,2026,1
2026556501,GEN0070,일반화학실험1,1,전공기초,A+,4.5,false,2026,1
2026556501,GEN0075,일반생물학2,3,전공기초,,,false,2026,2
2026556501,GEN0077,일반생물학실험2,1,전공기초,,,false,2026,2
2026556501,GEN0069,일반화학2,3,전공기초,,,false,2026,2
2026556501,CUL7128,오픈소스개발과활용,3,교양필수,,,false,2026,2
2026556501,GEN2053,미분적분학2,3,전공기초,,,false,2026,2
2026556501,GEN0071,일반화학실험2,1,전공기초,,,false,2026,2
2026556501,CUL2100,아카데믹글쓰기,2,교양필수,,,false,2026,2
2026305171,VCC1001,IC-PBL과비전설계,1,교양필수,B+,3.5,false,2026,1
2026305171,ANT1059,AI시대인류학의도전,3,전공기초,B,3.0,false,2026,1
2026305171,ANT1061,문화유산과고고학의세계,3,전공기초,A+,4.5,false,2026,1
2026305171,CUL2100,아카데믹글쓰기,2,교양필수,C+,2.5,false,2026,1
2026305171,CLU7124,AI리터러시,2,교양필수,C+,2.5,false,2026,1
2026305171,ANT2026,야외고고학,3,전공기초,,,false,2026,2
2026305171,ANT1060,무형유산과한국학의이해,3,전공기초,,,false,2026,2
2026305171,ANT1062,이주시대세계문화의이해,3,전공기초,,,false,2026,2
2026305171,CUL7135,파이썬과데이터분석,3,교양필수,,,false,2026,2
2026305171,CUL7125,ESG와SDGs이해,2,교양필수,,,false,2026,2
2026433580,DES1002,2D디지털디자인,3,전공기초,A,4.0,false,2026,1
2026433580,DES1004,드로잉파운데이션,3,전공기초,A+,4.5,false,2026,1
2026433580,VCC1001,IC-PBL과비전설계,1,교양필수,B,3.0,false,2026,1
2026433580,CLU7124,AI리터러시,2,교양필수,A,4.0,false,2026,1
2026433580,CUL7135,파이썬과데이터분석,3,교양필수,,,false,2026,2
2026433580,CUL7125,ESG와SDGs이해,2,교양필수,,,false,2026,2
2026578180,GEN0063,일반물리학1,3,전공기초,B+,3.5,false,2026,1
2026578180,EEN1003,전자공학의이해,1,전공기초,B,3.0,false,2026,1
2026578180,CUL7124,AI리터러시,2,교양필수,B+,3.5,false,2026,1
2026578180,CUL7125,ESG와SDGs이해,2,교양필수,F,0.0,false,2026,1
2026578180,VCC1001,IC-PBL과비전설계,1,교양필수,B,3.0,false,2026,1
2026578180,GEN2052,미분적분학1,3,전공기초,C+,2.5,false,2026,1
2026578180,CUL7133,파이썬과인공지능,3,교양필수,A+,4.5,false,2026,1
2026578180,GEN0066,일반물리학실험1,1,전공기초,B+,3.5,false,2026,1
2026578180,CUL2100,아카데믹글쓰기,2,교양필수,,,false,2026,2
2026578180,GEN2053,미분적분학2,3,전공기초,,,false,2026,2
2026578180,ELE3037,확률과통계,3,전공기초,,,false,2026,2
2026578180,GEN0064,일반물리학2,3,전공기초,,,false,2026,2
2026578180,GEN0067,일반물리학실험2,1,전공기초,,,false,2026,2
2026595401,GEN1030,컴퓨터개론,3,전공핵심,D,1.0,false,2026,1
2026595401,GEN2052,미분적분학1,3,전공기초,C+,2.5,false,2026,1
2026595401,CSE1017,프로그래밍기초,3,전공기초,A,4.0,false,2026,1
2026595401,CUL7125,ESG와SDGs이해,2,교양필수,A+,4.5,false,2026,1
2026595401,VCC1001,IC-PBL과비전설계,1,교양필수,D+,1.5,false,2026,1
2026595401,CUL7133,파이썬과인공지능,3,교양필수,C+,2.5,false,2026,1
2026595401,DAI1002,인공지능코딩,3,전공기초,C+,2.5,false,2026,1
2026595401,CLU7124,AI리터러시,2,교양필수,B,3.0,false,2026,1
2026595401,MMT2009,인공지능의이해,3,전공핵심,,,false,2026,2
2026595401,ELE3037,확률과통계,3,전공기초,,,false,2026,2
2026595401,CSE2018,시스템프로그래밍기초,3,전공핵심,,,false,2026,2
2026595401,DAI1001,오픈소스실전인공지능,3,전공핵심,,,false,2026,2
2026608307,DES1001,스튜디오프랙티스,3,전공기초,B+,3.5,false,2026,1
2026608307,DES1002,2D디지털디자인,3,전공기초,A,4.0,false,2026,1
2026608307,DES1004,드로잉파운데이션,3,전공기초,C+,2.5,false,2026,1
2026608307,VCC1001,IC-PBL과비전설계,1,교양필수,A,4.0,false,2026,1
2026608307,CUL2100,아카데믹글쓰기,2,교양필수,A,4.0,false,2026,1
2026608307,CLU7124,AI리터러시,2,교양필수,B,3.0,false,2026,1
2026608307,CUL7135,파이썬과데이터분석,3,교양필수,,,false,2026,2
2026608307,DES1005,크리에이티브프로세스,3,전공기초,,,false,2026,2
2026608307,DES1003,3D스페이셜디자인,3,전공기초,,,false,2026,2
2026608307,CUL7125,ESG와SDGs이해,2,교양필수,,,false,2026,2
2026907789,GEN0063,일반물리학1,3,전공기초,C+,2.5,false,2026,1
2026907789,CSE1017,프로그래밍기초,3,전공기초,C+,2.5,false,2026,1
2026907789,CSE1007,논리학(컴퓨터전공),3,전공기초,B,3.0,false,2026,1
2026907789,GEN2052,미분적분학1,3,전공기초,B+,3.5,false,2026,1
2026907789,CUL7125,ESG와SDGs이해,2,교양필수,C+,2.5,false,2026,1
2026907789,VCC1001,IC-PBL과비전설계,1,교양필수,B+,3.5,false,2026,1
2026907789,CUL7133,파이썬과인공지능,3,교양필수,A,4.0,false,2026,1
2026907789,CLU7124,AI리터러시,2,교양필수,C,2.0,false,2026,1
2026907789,MMT4017,퓨쳐미디어와디지털아트,3,전공핵심,,,false,2026,2
2026907789,ICT1001,기초확률통계,3,전공기초,,,false,2026,2
2026907789,CSE2010,자료구조론,3,전공기초,,,false,2026,2
2026907789,MCD1001,디자인테크놀로지융합의이해,3,전공핵심,,,false,2026,2
2026907789,MMT2012,디지털미디어의디자인활용,3,전공핵심,,,false,2026,2
2026907789,CS31020,창의융합설계,2,전공핵심,,,false,2026,2
2026907789,CUL2100,아카데믹글쓰기,2,교양필수,,,false,2026,2
2026985249,GEN0063,일반물리학1,3,전공기초,B+,3.5,false,2026,1
2026985249,GEN2052,미분적분학1,3,전공기초,A+,4.5,false,2026,1
2026985249,MAT4096,인공지능기초,3,전공기초,A+,4.5,false,2026,1
2026985249,MAT1002,확률및통계개론,3,전공기초,A+,4.5,false,2026,1
2026985249,CUL7125,ESG와SDGs이해,2,교양필수,B+,3.5,false,2026,1
2026985249,VCC1001,IC-PBL과비전설계,1,교양필수,B,3.0,false,2026,1
2026985249,CUL7133,파이썬과인공지능,3,교양필수,B,3.0,false,2026,1
2026985249,CLU7124,AI리터러시,2,교양필수,B+,3.5,false,2026,1
2026985249,GEN0064,일반물리학2,3,전공기초,,,false,2026,2
2026985249,GEN2053,미분적분학2,3,전공기초,,,false,2026,2
2026985249,MAT2079,데이터사이언스프로그래밍,3,전공핵심,,,false,2026,2
2026985249,MAT2020,이산수학,3,전공핵심,,,false,2026,2
2026985249,CUL2100,아카데믹글쓰기,2,교양필수,,,false,2026,2
2026976042,ARE1060,건축공학기초설계,3,전공기초,B,3.0,false,2026,1
2026976042,CUL7124,AI리터러시,2,교양필수,B,3.0,false,2026,1
2026976042,CUL7125,ESG와SDGs이해,2,교양필수,C+,2.5,false,2026,1
2026976042,CUL7133,파이썬과인공지능,3,교양필수,A,4.0,false,2026,1
2026976042,GEN0063,일반물리학1,3,전공기초,C+,2.5,false,2026,1
2026976042,GEN2052,미분적분학1,3,전공기초,A,4.0,false,2026,1
2026976042,SAI1001,건축공학개론,3,전공기초,A+,4.5,false,2026,1
2026976042,ARE1061,건축공학설계1,3,전공핵심,,,false,2026,2
2026976042,COE2003,정역학,3,전공기초,,,false,2026,2
2026976042,CUL2100,아카데믹글쓰기,2,교양필수,,,false,2026,2
2026976042,GEN2000,대학화학,3,전공기초,,,false,2026,2
2026976042,MAT4015,확률및통계,3,전공핵심,,,false,2026,2
2026310416,VCC1001,IC-PBL과비전설계,1,교양필수,B,3.0,false,2026,1
2026310416,GEN0044,경영학원론,3,전공기초,A,4.0,false,2026,1
2026310416,GEN0059,경제원론1,3,전공기초,B+,3.5,false,2026,1
2026310416,ECO1001,경제학입문,3,전공핵심,C,2.0,false,2026,1
2026310416,CUL7125,ESG와SDGs이해,2,교양필수,,,false,2026,2
2026310416,ECO1002,경제수학,3,전공기초,,,false,2026,2
2026310416,GEN0060,경제원론2,3,전공기초,,,false,2026,2
2026310416,ECO1022,기업가정신과관계역량,1,전공핵심,,,false,2026,2
2026310416,CUL7135,파이썬과데이터분석,3,교양필수,,,false,2026,2
2026702553,GEN0074,일반생물학1,3,전공기초,A+,4.5,false,2026,1
2026702553,GEN0076,일반생물학실험1,1,전공기초,F,0.0,false,2026,1
2026702553,GEN0068,일반화학1,3,전공기초,B,3.0,false,2026,1
2026702553,CUL7125,ESG와SDGs이해,2,교양필수,B+,3.5,false,2026,1
2026702553,VCC1001,IC-PBL과비전설계,1,교양필수,C,2.0,false,2026,1
2026702553,CUL7131,창의적프로그래밍기초와실습,3,교양필수,B+,3.5,false,2026,1
2026702553,GEN3032,기초물리학,2,전공기초,C,2.0,false,2026,1
2026702553,GEN0070,일반화학실험1,1,전공기초,C+,2.5,false,2026,1
2026702553,GEN0075,일반생물학2,3,전공기초,,,false,2026,2
2026702553,GEN0069,일반화학2,3,전공기초,,,false,2026,2
2026702553,CUL7128,오픈소스개발과활용,3,교양필수,,,false,2026,2
2026702553,GEN2053,미분적분학2,3,전공기초,,,false,2026,2
2026702553,GEN0071,일반화학실험2,1,전공기초,,,false,2026,2
2026702553,CUL2100,아카데믹글쓰기,2,교양필수,,,false,2026,2
2026211954,GEN0063,일반물리학1,3,전공기초,A+,4.5,false,2026,1
2026211954,GEN0066,일반물리학실험1,1,전공기초,A+,4.5,false,2026,1
2026211954,CUL7133,파이썬과인공지능,3,교양필수,C+,2.5,false,2026,1
2026211954,GEN2052,미분적분학1,3,전공기초,A+,4.5,false,2026,1
2026211954,GEN3030,대학생물학,2,전공기초,A+,4.5,false,2026,1
2026211954,VCC1001,IC-PBL과비전설계,1,교양필수,C+,2.5,false,2026,1
2026211954,CUL7125,ESG와SDGs이해,2,교양필수,B,3.0,false,2026,1
2026211954,GEN0068,일반화학1,3,전공기초,B+,3.5,false,2026,1
2026211954,GEN0070,일반화학실험1,1,전공기초,B,3.0,false,2026,1
2026211954,GEN0064,일반물리학2,3,전공기초,,,false,2026,2
2026211954,GEN0067,일반물리학실험2,1,전공기초,,,false,2026,2
2026211954,GEN2053,미분적분학2,3,전공기초,,,false,2026,2
2026211954,CUL2100,아카데믹글쓰기,2,교양필수,,,false,2026,2
2026211954,CLU7124,AI리터러시,2,교양필수,,,false,2026,2
2026211954,GEN0069,일반화학2,3,전공기초,,,false,2026,2
2026211954,GEN0071,일반화학실험2,1,전공기초,,,false,2026,2
2026748410,DES1001,스튜디오프랙티스,3,전공기초,A+,4.5,false,2026,1
2026748410,DES1002,2D디지털디자인,3,전공기초,A,4.0,false,2026,1
2026748410,DES1004,드로잉파운데이션,3,전공기초,B+,3.5,false,2026,1
2026748410,VCC1001,IC-PBL과비전설계,1,교양필수,C,2.0,false,2026,1
2026748410,CUL2100,아카데믹글쓰기,2,교양필수,C+,2.5,false,2026,1
2026748410,CLU7124,AI리터러시,2,교양필수,B+,3.5,false,2026,1
2026748410,CUL7135,파이썬과데이터분석,3,교양필수,,,false,2026,2
2026748410,DES1005,크리에이티브프로세스,3,전공기초,,,false,2026,2
2026748410,DES1003,3D스페이셜디자인,3,전공기초,,,false,2026,2
2026748410,CUL7125,ESG와SDGs이해,2,교양필수,,,false,2026,2
2026451801,GEN0063,일반물리학1,3,전공기초,C,2.0,false,2026,1
2026451801,GEN0066,일반물리학실험1,1,전공기초,A+,4.5,false,2026,1
2026451801,CUL7125,ESG와SDGs이해,2,교양필수,A+,4.5,false,2026,1
2026451801,VCC1001,IC-PBL과비전설계,1,교양필수,D+,1.5,false,2026,1
2026451801,CUL7131,창의적프로그래밍기초와실습,3,교양필수,C+,2.5,false,2026,1
2026451801,GEN0064,일반물리학2,3,전공기초,,,false,2026,2
2026451801,GEN0067,일반물리학실험2,1,전공기초,,,false,2026,2
2026451801,CUL7128,오픈소스개발과활용,3,교양필수,,,false,2026,2
2026451801,GEN2053,미분적분학2,3,전공기초,,,false,2026,2
2026451801,CUL2100,아카데믹글쓰기,2,교양필수,,,false,2026,2
2026532046,GEN0063,일반물리학1,3,전공기초,C,2.0,false,2026,1
2026532046,GEN0066,일반물리학실험1,1,전공기초,F,0.0,false,2026,1
2026532046,CUL7125,ESG와SDGs이해,2,교양필수,B,3.0,false,2026,1
2026532046,VCC1001,IC-PBL과비전설계,1,교양필수,B+,3.5,false,2026,1
2026532046,CUL7131,창의적프로그래밍기초와실습,3,교양필수,B,3.0,false,2026,1
2026532046,GEN0068,일반화학1,3,전공기초,A,4.0,false,2026,1
2026532046,GEN2052,미분적분학1,3,전공기초,A+,4.5,false,2026,1
2026532046,GEN0070,일반화학실험1,1,전공기초,A+,4.5,false,2026,1
2026532046,GEN0064,일반물리학2,3,전공기초,,,false,2026,2
2026532046,CUL7128,오픈소스개발과활용,3,교양필수,,,false,2026,2
2026532046,GEN2053,미분적분학2,3,전공기초,,,false,2026,2
2026532046,GEN0069,일반화학2,3,전공기초,,,false,2026,2
2026532046,CUL2100,아카데믹글쓰기,2,교양필수,,,false,2026,2
2026532046,GEN0071,일반화학실험2,1,전공기초,,,false,2026,2
2026555786,GEN0063,일반물리학1,3,전공기초,B+,3.5,false,2026,1
2026555786,GEN0066,일반물리학실험1,1,전공기초,C+,2.5,false,2026,1
2026555786,CUL7125,ESG와SDGs이해,2,교양필수,C,2.0,false,2026,1
2026555786,VCC1001,IC-PBL과비전설계,1,교양필수,A,4.0,false,2026,1
2026555786,CUL7131,창의적프로그래밍기초와실습,3,교양필수,A+,4.5,false,2026,1
2026555786,GEN0068,일반화학1,3,전공기초,A,4.0,false,2026,1
2026555786,GEN2052,미분적분학1,3,전공기초,A,4.0,false,2026,1
2026555786,GEN0070,일반화학실험1,1,전공기초,B+,3.5,false,2026,1
2026555786,GEN0064,일반물리학2,3,전공기초,,,false,2026,2
2026555786,GEN0067,일반물리학실험2,1,전공기초,,,false,2026,2
2026555786,CUL7128,오픈소스개발과활용,3,교양필수,,,false,2026,2
2026555786,GEN2053,미분적분학2,3,전공기초,,,false,2026,2
2026555786,GEN0069,일반화학2,3,전공기초,,,false,2026,2
2026555786,CUL2100,아카데믹글쓰기,2,교양필수,,,false,2026,2
2026555786,GEN0071,일반화학실험2,1,전공기초,,,false,2026,2
2026577092,CUL2100,아카데믹글쓰기,2,교양필수,B+,3.5,false,2026,1
2026577092,CLU7124,AI리터러시,2,교양필수,A,4.0,false,2026,1
2026577092,VCC1001,IC-PBL과비전설계,1,교양필수,B+,3.5,false,2026,1
2026577092,GEN0059,경제원론1,3,전공핵심,C,2.0,false,2026,1
2026577092,ACT1005,미적분학1,3,전공기초,B,3.0,false,2026,1
2026577092,ACT1004,통계프로그래밍,3,전공기초,C+,2.5,false,2026,1
2026577092,CUL7125,ESG와SDGs이해,2,교양필수,,,false,2026,2
2026577092,GEN0060,경제원론2,3,전공핵심,,,false,2026,2
2026577092,ACT1003,계리프로그래밍,3,전공기초,,,false,2026,2
2026577092,ACT1006,미적분학2,3,전공기초,,,false,2026,2
2026577092,ACT1007,보험원론,3,전공핵심,,,false,2026,2
2026577092,CUL7135,파이썬과데이터분석,3,교양필수,,,false,2026,2
2026577092,BUS1010,회계정보의이해,3,전공기초,,,false,2026,2
2026392731,GEN0063,일반물리학1,3,전공기초,C+,2.5,false,2026,1
2026392731,GEN0066,일반물리학실험1,1,전공기초,B,3.0,false,2026,1
2026392731,CUL7125,ESG와SDGs이해,2,교양필수,A+,4.5,false,2026,1
2026392731,VCC1001,IC-PBL과비전설계,1,교양필수,B,3.0,false,2026,1
2026392731,CUL7131,창의적프로그래밍기초와실습,3,교양필수,A+,4.5,false,2026,1
2026392731,GEN0068,일반화학1,3,전공기초,C+,2.5,false,2026,1
2026392731,GEN2052,미분적분학1,3,전공기초,B,3.0,false,2026,1
2026392731,GEN0070,일반화학실험1,1,전공기초,B+,3.5,false,2026,1
2026392731,GEN0064,일반물리학2,3,전공기초,,,false,2026,2
2026392731,GEN0067,일반물리학실험2,1,전공기초,,,false,2026,2
2026392731,CUL7128,오픈소스개발과활용,3,교양필수,,,false,2026,2
2026392731,GEN2053,미분적분학2,3,전공기초,,,false,2026,2
2026392731,GEN0069,일반화학2,3,전공기초,,,false,2026,2
2026392731,CUL2100,아카데믹글쓰기,2,교양필수,,,false,2026,2
2026392731,GEN0071,일반화학실험2,1,전공기초,,,false,2026,2
2026581592,DES1001,스튜디오프랙티스,3,전공기초,A+,4.5,false,2026,1
2026581592,DES1004,드로잉파운데이션,3,전공기초,C,2.0,false,2026,1
2026581592,VCC1001,IC-PBL과비전설계,1,교양필수,B+,3.5,false,2026,1
2026581592,CLU7124,AI리터러시,2,교양필수,A+,4.5,false,2026,1
2026581592,DES1003,3D스페이셜디자인,3,전공기초,,,false,2026,2
2026581592,CUL7125,ESG와SDGs이해,2,교양필수,,,false,2026,2
2026452001,GEN0063,일반물리학1,3,전공기초,A,4.0,false,2026,1
2026452001,GEN0066,일반물리학실험1,1,전공기초,B+,3.5,false,2026,1
2026452001,CUL7125,ESG와SDGs이해,2,교양필수,B,3.0,false,2026,1
2026452001,VCC1001,IC-PBL과비전설계,1,교양필수,B,3.0,false,2026,1
2026452001,CUL7131,창의적프로그래밍기초와실습,3,교양필수,C+,2.5,false,2026,1
2026452001,EMS2021,물리해양학,3,전공기초,C+,2.5,false,2026,1
2026452001,GEN0064,일반물리학2,3,전공기초,,,false,2026,2
2026452001,GEN0067,일반물리학실험2,1,전공기초,,,false,2026,2
2026452001,CSE4018,인간과컴퓨터상호작용,3,전공핵심,,,false,2026,2
2026452001,CUL7128,오픈소스개발과활용,3,교양필수,,,false,2026,2
2026452001,PHY1008,드론의이해와응용,3,전공핵심,,,false,2026,2
2026452001,GEN2053,미분적분학2,3,전공기초,,,false,2026,2
2026452001,CUL2100,아카데믹글쓰기,2,교양필수,,,false,2026,2
2026461996,VCC1001,IC-PBL과비전설계,1,교양필수,A+,4.5,false,2026,1
2026461996,JMC1008,커뮤니케이션학의이해,3,전공기초,C,2.0,false,2026,1
2026461996,JMC2030,미디어제작의이해,3,전공기초,A,4.0,false,2026,1
2026461996,CUL2100,아카데믹글쓰기,2,교양필수,D,1.0,false,2026,1
2026461996,CLU7124,AI리터러시,2,교양필수,A+,4.5,false,2026,1
2026461996,CUL7135,파이썬과데이터분석,2,교양필수,,,false,2026,2
2026461996,CUL7125,ESG와SDGs이해,2,교양필수,,,false,2026,2
2026461996,JMC2000,디지털미디어사회의이해,3,전공기초,,,false,2026,2
2026461996,JOU3066,스피치커뮤니케이션의이해,3,전공기초,,,false,2026,2
2026123792,GEN0063,일반물리학1,3,전공기초,B+,3.5,false,2026,1
2026123792,CUL7125,ESG와SDGs이해,2,교양필수,A,4.0,false,2026,1
2026123792,CUL7129,인공지능기초탐색,2,교양필수,C+,2.5,false,2026,1
2026123792,CUL7133,파이썬과인공지능,3,교양필수,A,4.0,false,2026,1
2026123792,GEN2052,미분적분학1,3,전공기초,A,4.0,false,2026,1
2026123792,MCE1001,배터리소재화공입문설계,2,전공기초,B+,3.5,false,2026,1
2026123792,VCC1001,IC-PBL과비전설계,1,교양필수,D,1.0,false,2026,1
2026123792,GEN0066,일반물리학실험1,1,전공기초,C+,2.5,false,2026,1
2026123792,GEN0068,일반화학1,3,전공기초,A+,4.5,false,2026,1
2026123792,GEN0070,일반화학실험1,1,전공기초,B+,3.5,false,2026,1
2026123792,GEN0064,일반물리학2,3,전공기초,,,false,2026,2
2026123792,CUL7127,수학적사고와인공지능,2,교양필수,,,false,2026,2
2026123792,GEN2053,미분적분학2,3,전공기초,,,false,2026,2
2026123792,MCE2004,배터리/신소재/화학공학입문,3,전공핵심,,,false,2026,2
2026123792,CUL7124,AI리터러시,2,교양필수,,,false,2026,2
2026123792,CUL2100,아카데믹글쓰기,2,교양필수,,,false,2026,2
2026123792,GEN0067,일반물리학실험2,1,전공기초,,,false,2026,2
2026123792,GEN0069,일반화학2,3,전공기초,,,false,2026,2
2026123792,GEN0071,일반화학실험2,1,전공기초,,,false,2026,2
2026432006,GEN0063,일반물리학1,3,전공기초,D+,1.5,false,2026,1
2026432006,INE1014,산업경영공학개론,3,전공기초,C+,2.5,false,2026,1
2026432006,CUL7133,파이썬과인공지능,3,교양필수,D+,1.5,false,2026,1
2026432006,GEN2052,미분적분학1,3,전공기초,D+,1.5,false,2026,1
2026432006,CUL7125,ESG와SDGs이해,2,교양필수,A,4.0,false,2026,1
2026432006,VCC1001,IC-PBL과비전설계,1,교양필수,D,1.0,false,2026,1
2026432006,CUL7124,AI리터러시,2,교양필수,B,3.0,false,2026,1
2026432006,CS31017,프로그래밍기초,3,전공기초,,,false,2026,2
2026432006,INE1016,산업의이해,3,전공기초,,,false,2026,2
2026432006,COE3051,공업수학1,3,전공기초,,,false,2026,2
2026432006,GEN2053,미분적분학2,3,전공기초,,,false,2026,2
2026432006,CUL2100,아카데믹글쓰기,2,교양필수,,,false,2026,2
2026692688,DES1001,스튜디오프랙티스,3,전공기초,A+,4.5,false,2026,1
2026692688,DES1002,2D디지털디자인,3,전공기초,B,3.0,false,2026,1
2026692688,DES1004,드로잉파운데이션,3,전공기초,B,3.0,false,2026,1
2026692688,VCC1001,IC-PBL과비전설계,1,교양필수,A,4.0,false,2026,1
2026692688,CUL2100,아카데믹글쓰기,2,교양필수,D+,1.5,false,2026,1
2026692688,CLU7124,AI리터러시,2,교양필수,A,4.0,false,2026,1
2026692688,CUL7135,파이썬과데이터분석,3,교양필수,,,false,2026,2
2026692688,DES1005,크리에이티브프로세스,3,전공기초,,,false,2026,2
2026692688,DES1003,3D스페이셜디자인,3,전공기초,,,false,2026,2
2026692688,CUL7125,ESG와SDGs이해,2,교양필수,,,false,2026,2
2026734470,CLU7124,AI리터러시,2,교양필수,D,1.0,false,2026,1
2026734470,CUL2100,아카데믹글쓰기,2,교양필수,C,2.0,false,2026,1
2026734470,APR1004,커뮤니케이션론,3,전공기초,A+,4.5,false,2026,1
2026734470,VCC1001,IC-PBL과비전설계,1,교양필수,C+,2.5,false,2026,1
2026734470,CUL7135,파이썬과데이터분석,3,교양필수,,,false,2026,2
2026734470,APR1038,크리에이티브디자인,3,전공기초,,,false,2026,2
2026734470,APR1037,전략적커뮤니케이션,3,전공기초,,,false,2026,2
2026734470,CUL7125,ESG와SDGs이해,2,교양필수,,,false,2026,2
2026734470,APR2014,홍보원론,3,전공기초,,,false,2026,2
2026734470,GEN3065,컴퓨터그래픽응용,2,전공핵심,,,false,2026,2
2026734470,APR2013,광고원론,3,전공기초,,,false,2026,2
2026250616,CUL2100,아카데믹글쓰기,2,교양필수,A,4.0,false,2026,1
2026250616,CLU7124,AI리터러시,2,교양필수,C,2.0,false,2026,1
2026250616,VCC1001,IC-PBL과비전설계,1,교양필수,A,4.0,false,2026,1
2026250616,GEN0059,경제원론1,3,전공핵심,B+,3.5,false,2026,1
2026250616,ACT1005,미적분학1,3,전공기초,C+,2.5,false,2026,1
2026250616,ACT1004,통계프로그래밍,3,전공기초,B+,3.5,false,2026,1
2026250616,CUL7125,ESG와SDGs이해,2,교양필수,,,false,2026,2
2026250616,GEN0060,경제원론2,3,전공핵심,,,false,2026,2
2026250616,ACT1003,계리프로그래밍,3,전공기초,,,false,2026,2
2026250616,ACT1006,미적분학2,3,전공기초,,,false,2026,2
2026250616,ACT1007,보험원론,3,전공핵심,,,false,2026,2
2026250616,CUL7135,파이썬과데이터분석,3,교양필수,,,false,2026,2
2026250616,BUS1010,회계정보의이해,3,전공기초,,,false,2026,2
2026974767,GEN0063,일반물리학1,3,전공기초,B,3.0,false,2026,1
2026974767,CAR0005,인공지능로봇의이해,2,전공기초,B+,3.5,false,2026,1
2026974767,CUL7125,ESG와SDGs이해,2,교양필수,B,3.0,false,2026,1
2026974767,CUL7133,파이썬과인공지능,3,교양필수,A,4.0,false,2026,1
2026974767,GEN0066,일반물리학실험1,1,전공기초,B,3.0,false,2026,1
2026974767,GEN2052,미분적분학1,3,전공기초,B,3.0,false,2026,1
2026974767,ROB1001,기초로봇공학개론,3,전공기초,C,2.0,false,2026,1
2026974767,VCC1001,IC-PBL과비전설계,1,교양필수,A,4.0,false,2026,1
2026974767,CUL7124,AI리터러시,2,교양필수,A+,4.5,false,2026,1
2026974767,GEN0064,일반물리학2,3,전공기초,,,false,2026,2
2026974767,CAR0001,어드벤쳐디자인1,1,전공기초,,,false,2026,2
2026974767,COE3051,공업수학1,3,전공기초,,,false,2026,2
2026974767,GEN2053,미분적분학2,3,전공기초,,,false,2026,2
2026974767,ITE1009,C프로그래밍,2,전공기초,,,false,2026,2
2026974767,ROB1002,기초로봇공학실험,3,전공기초,,,false,2026,2
2026974767,CUL2100,아카데믹글쓰기,2,교양필수,,,false,2026,2
2026473276,VCC1001,IC-PBL과비전설계,1,교양필수,B,3.0,false,2026,1
2026473276,ANT1059,AI시대인류학의도전,3,전공기초,B,3.0,false,2026,1
2026473276,ANT1061,문화유산과고고학의세계,3,전공기초,A+,4.5,false,2026,1
2026473276,CUL2100,아카데믹글쓰기,2,교양필수,B,3.0,false,2026,1
2026473276,CLU7124,AI리터러시,2,교양필수,C+,2.5,false,2026,1
2026473276,ANT2026,야외고고학,3,전공기초,,,false,2026,2
2026473276,ANT1060,무형유산과한국학의이해,3,전공기초,,,false,2026,2
2026473276,ANT1062,이주시대세계문화의이해,3,전공기초,,,false,2026,2
2026473276,CUL7135,파이썬과데이터분석,3,교양필수,,,false,2026,2
2026473276,CUL7125,ESG와SDGs이해,2,교양필수,,,false,2026,2
2026270948,VCC1001,IC-PBL과비전설계,1,교양필수,C+,2.5,false,2026,1
2026270948,ANT1059,AI시대인류학의도전,3,전공기초,D+,1.5,false,2026,1
2026270948,ANT1061,문화유산과고고학의세계,3,전공기초,B+,3.5,false,2026,1
2026270948,CUL2100,아카데믹글쓰기,2,교양필수,B+,3.5,false,2026,1
2026270948,CLU7124,AI리터러시,2,교양필수,B+,3.5,false,2026,1
2026270948,ANT2026,야외고고학,3,전공기초,,,false,2026,2
2026270948,ANT1060,무형유산과한국학의이해,3,전공기초,,,false,2026,2
2026270948,ANT1062,이주시대세계문화의이해,3,전공기초,,,false,2026,2
2026270948,CUL7135,파이썬과데이터분석,3,교양필수,,,false,2026,2
2026270948,CUL7125,ESG와SDGs이해,2,교양필수,,,false,2026,2
2026249274,GEN0063,일반물리학1,3,전공기초,B+,3.5,false,2026,1
2026249274,INE1014,산업경영공학개론,3,전공기초,C,2.0,false,2026,1
2026249274,CUL7133,파이썬과인공지능,3,교양필수,A+,4.5,false,2026,1
2026249274,GEN2052,미분적분학1,3,전공기초,B+,3.5,false,2026,1
2026249274,CUL7125,ESG와SDGs이해,2,교양필수,A+,4.5,false,2026,1
2026249274,VCC1001,IC-PBL과비전설계,1,교양필수,A+,4.5,false,2026,1
2026249274,CUL7124,AI리터러시,2,교양필수,A,4.0,false,2026,1
2026249274,CS31017,프로그래밍기초,3,전공기초,,,false,2026,2
2026249274,INE1016,산업의이해,3,전공기초,,,false,2026,2
2026249274,COE3051,공업수학1,3,전공기초,,,false,2026,2
2026249274,GEN2053,미분적분학2,3,전공기초,,,false,2026,2
2026249274,CUL2100,아카데믹글쓰기,2,교양필수,,,false,2026,2
2026882445,VCC1001,IC-PBL과비전설계,1,교양필수,D,1.0,false,2026,1
2026882445,BUS1005,경영통계분석1,3,전공기초,A,4.0,false,2026,1
2026882445,GEN0044,경영학원론,3,전공기초,C+,2.5,false,2026,1
2026882445,GEN0059,경제원론1,3,전공기초,A+,4.5,false,2026,1
2026882445,CUL7124,AI리터러시,2,교양필수,C+,2.5,false,2026,1
2026882445,CUL2100,아카데믹글쓰기,2,교양필수,D+,1.5,false,2026,1
2026882445,CUL7125,ESG와SDGs이해,2,교양필수,,,false,2026,2
2026882445,CUL7135,파이썬과데이터분석,3,교양필수,,,false,2026,2
2026882445,BUS1010,회계정보의이해,3,전공기초,,,false,2026,2
2026289633,GEN0063,일반물리학1,3,전공기초,A+,4.5,false,2026,1
2026289633,CSE1017,프로그래밍기초,3,전공기초,A,4.0,false,2026,1
2026289633,CSE1007,논리학(컴퓨터전공),3,전공기초,B,3.0,false,2026,1
2026289633,GEN2052,미분적분학1,3,전공기초,B+,3.5,false,2026,1
2026289633,CUL7125,ESG와SDGs이해,2,교양필수,D,1.0,false,2026,1
2026289633,VCC1001,IC-PBL과비전설계,1,교양필수,B+,3.5,false,2026,1
2026289633,CUL7133,파이썬과인공지능,3,교양필수,B,3.0,false,2026,1
2026289633,CLU7124,AI리터러시,2,교양필수,A,4.0,false,2026,1
2026289633,MMT4017,퓨쳐미디어와디지털아트,3,전공핵심,,,false,2026,2
2026289633,ICT1001,기초확률통계,3,전공기초,,,false,2026,2
2026289633,CSE2010,자료구조론,3,전공기초,,,false,2026,2
2026289633,MCD1001,디자인테크놀로지융합의이해,3,전공핵심,,,false,2026,2
2026289633,MMT2012,디지털미디어의디자인활용,3,전공핵심,,,false,2026,2
2026289633,CS31020,창의융합설계,2,전공핵심,,,false,2026,2
2026289633,CUL2100,아카데믹글쓰기,2,교양필수,,,false,2026,2
2026515623,GEN0074,일반생물학1,3,전공기초,C+,2.5,false,2026,1
2026515623,GEN0076,일반생물학실험1,1,전공기초,A,4.0,false,2026,1
2026515623,GEN0068,일반화학1,3,전공기초,C+,2.5,false,2026,1
2026515623,CUL7125,ESG와SDGs이해,2,교양필수,B,3.0,false,2026,1
2026515623,VCC1001,IC-PBL과비전설계,1,교양필수,A,4.0,false,2026,1
2026515623,CUL7131,창의적프로그래밍기초와실습,3,교양필수,C+,2.5,false,2026,1
2026515623,GEN3032,기초물리학,2,전공기초,B,3.0,false,2026,1
2026515623,GEN0070,일반화학실험1,1,전공기초,B+,3.5,false,2026,1
2026515623,GEN0075,일반생물학2,3,전공기초,,,false,2026,2
2026515623,GEN0077,일반생물학실험2,1,전공기초,,,false,2026,2
2026515623,GEN0069,일반화학2,3,전공기초,,,false,2026,2
2026515623,CUL7128,오픈소스개발과활용,3,교양필수,,,false,2026,2
2026515623,GEN2053,미분적분학2,3,전공기초,,,false,2026,2
2026515623,GEN0071,일반화학실험2,1,전공기초,,,false,2026,2
2026515623,CUL2100,아카데믹글쓰기,2,교양필수,,,false,2026,2
2026621429,VCC1001,IC-PBL과비전설계,1,교양필수,C+,2.5,false,2026,1
2026621429,GEN0044,경영학원론,3,전공기초,B,3.0,false,2026,1
2026621429,GEN0059,경제원론1,3,전공기초,B,3.0,false,2026,1
2026621429,ECO1001,경제학입문,3,전공핵심,B+,3.5,false,2026,1
2026621429,CUL7125,ESG와SDGs이해,2,교양필수,,,false,2026,2
2026621429,ECO1002,경제수학,3,전공기초,,,false,2026,2
2026621429,GEN0060,경제원론2,3,전공기초,,,false,2026,2
2026621429,ECO1022,기업가정신과관계역량,1,전공핵심,,,false,2026,2
2026621429,CUL7135,파이썬과데이터분석,3,교양필수,,,false,2026,2
2026666785,DES1001,스튜디오프랙티스,3,전공기초,B,3.0,false,2026,1
2026666785,VCC1001,IC-PBL과비전설계,1,교양필수,C,2.0,false,2026,1
2026666785,CUL2100,아카데믹글쓰기,2,교양필수,B+,3.5,false,2026,1
2026666785,CLU7124,AI리터러시,2,교양필수,C+,2.5,false,2026,1
2026666785,CUL7135,파이썬과데이터분석,3,교양필수,,,false,2026,2
2026666785,CUL7125,ESG와SDGs이해,2,교양필수,,,false,2026,2
2026214695,DES1001,스튜디오프랙티스,3,전공기초,B+,3.5,false,2026,1
2026214695,DES1002,2D디지털디자인,3,전공기초,A+,4.5,false,2026,1
2026214695,DES1004,드로잉파운데이션,3,전공기초,A+,4.5,false,2026,1
2026214695,VCC1001,IC-PBL과비전설계,1,교양필수,C,2.0,false,2026,1
2026214695,CUL2100,아카데믹글쓰기,2,교양필수,B+,3.5,false,2026,1
2026214695,CLU7124,AI리터러시,2,교양필수,C+,2.5,false,2026,1
2026214695,CUL7135,파이썬과데이터분석,3,교양필수,,,false,2026,2
2026214695,DES1005,크리에이티브프로세스,3,전공기초,,,false,2026,2
2026214695,DES1003,3D스페이셜디자인,3,전공기초,,,false,2026,2
2026214695,CUL7125,ESG와SDGs이해,2,교양필수,,,false,2026,2
2026531939,GEN1030,컴퓨터개론,3,전공핵심,B,3.0,false,2026,1
2026531939,GEN2052,미분적분학1,3,전공기초,C,2.0,false,2026,1
2026531939,CSE1017,프로그래밍기초,3,전공기초,A,4.0,false,2026,1
2026531939,CUL7125,ESG와SDGs이해,2,교양필수,B,3.0,false,2026,1
2026531939,VCC1001,IC-PBL과비전설계,1,교양필수,B,3.0,false,2026,1
2026531939,CUL7133,파이썬과인공지능,3,교양필수,F,0.0,false,2026,1
2026531939,CLU7124,AI리터러시,2,교양필수,B+,3.5,false,2026,1
2026531939,ITE1009,C프로그래밍,3,전공핵심,,,false,2026,2
2026531939,CSE1019,오픈소스SW기초,2,전공핵심,,,false,2026,2
2026531939,MAT2020,이산수학,3,전공기초,,,false,2026,2
2026531939,COM2018,객체지향프로그래밍,3,전공핵심,,,false,2026,2
2026531939,CSE1021,소프트웨어엔지니어링커뮤니케이션,2,전공기초,,,false,2026,2
2026531939,CUL2100,아카데믹글쓰기,2,교양필수,,,false,2026,2
2026799806,GCT1003,인공지능과지속가능발전,2,전공기초,B,3.0,false,2026,1
2026799806,GCT1004,영상문화의이해,2,전공기초,A,4.0,false,2026,1
2026799806,GCT1002,글로벌트랜드탐색,3,전공기초,B,3.0,false,2026,1
2026799806,GCT1001,K-컬쳐와글로벌한국학문화연구기초,2,전공기초,B,3.0,false,2026,1
2026799806,VCC1001,IC-PBL과비전설계,1,교양필수,B+,3.5,false,2026,1
2026799806,CUL2100,아카데믹글쓰기,2,교양필수,B+,3.5,false,2026,1
2026799806,CLU7124,AI리터러시,2,교양필수,A+,4.5,false,2026,1
2026799806,CUL7135,파이썬과데이터분석,3,교양필수,,,false,2026,2
2026799806,GCT1006,언어/문화모듈탐색,2,전공기초,,,false,2026,2
2026799806,GCT1007,글로벌통상의이해,2,전공기초,,,false,2026,2
2026799806,GCT1005,글로벌관광엔터테인먼트의이해,2,전공기초,,,false,2026,2
2026799806,CUL7125,ESG와SDGs이해,2,교양필수,,,false,2026,2
2026575244,VCC1001,IC-PBL과비전설계,1,교양필수,B,3.0,false,2026,1
2026575244,ANT1059,AI시대인류학의도전,3,전공기초,B+,3.5,false,2026,1
2026575244,ANT1061,문화유산과고고학의세계,3,전공기초,A,4.0,false,2026,1
2026575244,CUL2100,아카데믹글쓰기,2,교양필수,A,4.0,false,2026,1
2026575244,CLU7124,AI리터러시,2,교양필수,B,3.0,false,2026,1
2026575244,ANT2026,야외고고학,3,전공기초,,,false,2026,2
2026575244,ANT1060,무형유산과한국학의이해,3,전공기초,,,false,2026,2
2026575244,ANT1062,이주시대세계문화의이해,3,전공기초,,,false,2026,2
2026575244,CUL7135,파이썬과데이터분석,3,교양필수,,,false,2026,2
2026575244,CUL7125,ESG와SDGs이해,2,교양필수,,,false,2026,2
2026777424,GEN1030,컴퓨터개론,3,전공핵심,A,4.0,false,2026,1
2026777424,GEN2052,미분적분학1,3,전공기초,A,4.0,false,2026,1
2026777424,CSE1017,프로그래밍기초,3,전공기초,C+,2.5,false,2026,1
2026777424,CUL7125,ESG와SDGs이해,2,교양필수,B,3.0,false,2026,1
2026777424,VCC1001,IC-PBL과비전설계,1,교양필수,A,4.0,false,2026,1
2026777424,CUL7133,파이썬과인공지능,3,교양필수,C,2.0,false,2026,1
2026777424,CLU7124,AI리터러시,2,교양필수,D,1.0,false,2026,1
2026777424,ITE1009,C프로그래밍,3,전공핵심,,,false,2026,2
2026777424,CSE1019,오픈소스SW기초,2,전공핵심,,,false,2026,2
2026777424,MAT2020,이산수학,3,전공기초,,,false,2026,2
2026777424,COM2018,객체지향프로그래밍,3,전공핵심,,,false,2026,2
2026777424,CSE1021,소프트웨어엔지니어링커뮤니케이션,2,전공기초,,,false,2026,2
2026777424,CUL2100,아카데믹글쓰기,2,교양필수,,,false,2026,2
2026194693,GEN1030,컴퓨터개론,3,전공핵심,C+,2.5,false,2026,1
2026194693,GEN2052,미분적분학1,3,전공기초,B+,3.5,false,2026,1
2026194693,CSE1017,프로그래밍기초,3,전공기초,C,2.0,false,2026,1
2026194693,CUL7125,ESG와SDGs이해,2,교양필수,C+,2.5,false,2026,1
2026194693,VCC1001,IC-PBL과비전설계,1,교양필수,C+,2.5,false,2026,1
2026194693,CUL7133,파이썬과인공지능,3,교양필수,C+,2.5,false,2026,1
2026194693,CLU7124,AI리터러시,2,교양필수,D+,1.5,false,2026,1
2026194693,ITE1009,C프로그래밍,3,전공핵심,,,false,2026,2
2026194693,CSE1019,오픈소스SW기초,2,전공핵심,,,false,2026,2
2026194693,MAT2020,이산수학,3,전공기초,,,false,2026,2
2026194693,COM2018,객체지향프로그래밍,3,전공핵심,,,false,2026,2
2026194693,CSE1021,소프트웨어엔지니어링커뮤니케이션,2,전공기초,,,false,2026,2
2026194693,CUL2100,아카데믹글쓰기,2,교양필수,,,false,2026,2
2026158642,ANT1059,AI시대인류학의도전,3,전공기초,C+,2.5,false,2026,1
2026158642,ANT1061,문화유산과고고학의세계,3,전공기초,A+,4.5,false,2026,1
2026158642,CUL2100,아카데믹글쓰기,2,교양필수,D,1.0,false,2026,1
2026158642,CLU7124,AI리터러시,2,교양필수,B,3.0,false,2026,1
2026158642,ANT1060,무형유산과한국학의이해,3,전공기초,,,false,2026,2
2026158642,ANT1062,이주시대세계문화의이해,3,전공기초,,,false,2026,2
2026158642,CUL7135,파이썬과데이터분석,3,교양필수,,,false,2026,2
2026158642,CUL7125,ESG와SDGs이해,2,교양필수,,,false,2026,2
2026818534,DES1002,2D디지털디자인,3,전공기초,C,2.0,false,2026,1
2026818534,DES1004,드로잉파운데이션,3,전공기초,C+,2.5,false,2026,1
2026818534,VCC1001,IC-PBL과비전설계,1,교양필수,B+,3.5,false,2026,1
2026818534,CUL2100,아카데믹글쓰기,2,교양필수,A+,4.5,false,2026,1
2026818534,CLU7124,AI리터러시,2,교양필수,C,2.0,false,2026,1
2026818534,DES1003,3D스페이셜디자인,3,전공기초,,,false,2026,2
2026818534,CUL7125,ESG와SDGs이해,2,교양필수,,,false,2026,2
2026960085,DCC2019,프리젠테이션기술과피칭전략,3,전공핵심,B+,3.5,false,2026,1
2026960085,DCC1011,콘텐츠스토리텔링기초,3,전공기초,B,3.0,false,2026,1
2026960085,DCC2001,창의적발상법,3,전공기초,B+,3.5,false,2026,1
2026960085,VCC1001,IC-PBL과비전설계,1,교양필수,A+,4.5,false,2026,1
2026960085,DCC1010,문화콘텐츠의기초,3,전공기초,A,4.0,false,2026,1
2026960085,CUL2100,아카데믹글쓰기,2,교양필수,B,3.0,false,2026,1
2026960085,CLU7124,AI리터러시,2,교양필수,D,1.0,false,2026,1
2026960085,CUL7135,파이썬과데이터분석,2,교양필수,,,false,2026,2
2026960085,DCC1007,문화콘텐츠인문학,3,전공기초,,,false,2026,2
2026960085,DCC2017,문화콘텐츠마케팅,3,전공기초,,,false,2026,2
2026960085,DCC2005,문화콘텐츠기획론,3,전공핵심,,,false,2026,2
2026960085,DCC2004,멀티미디어저작실습,3,전공핵심,,,false,2026,2
2026960085,CUL7125,ESG와SDGs이해,2,교양필수,,,false,2026,2
2026966929,CAR0005,인공지능로봇의이해,2,전공기초,A,4.0,false,2026,1
2026966929,CUL7133,파이썬과인공지능,3,교양필수,C+,2.5,false,2026,1
2026966929,CUL7124,AI리터러시,2,교양필수,A,4.0,false,2026,1
2026966929,ROB1002,기초로봇공학실험,3,전공기초,,,false,2026,2
2026966929,CUL2100,아카데믹글쓰기,2,교양필수,,,false,2026,2
2026278386,CUL2100,아카데믹글쓰기,2,교양필수,A,4.0,false,2026,1
2026278386,CLU7124,AI리터러시,2,교양필수,C,2.0,false,2026,1
2026278386,VCC1001,IC-PBL과비전설계,1,교양필수,B,3.0,false,2026,1
2026278386,GEN0059,경제원론1,3,전공핵심,F,0.0,false,2026,1
2026278386,ACT1005,미적분학1,3,전공기초,A,4.0,false,2026,1
2026278386,ACT1004,통계프로그래밍,3,전공기초,B,3.0,false,2026,1
2026278386,CUL7125,ESG와SDGs이해,2,교양필수,,,false,2026,2
2026278386,ACT1003,계리프로그래밍,3,전공기초,,,false,2026,2
2026278386,ACT1006,미적분학2,3,전공기초,,,false,2026,2
2026278386,ACT1007,보험원론,3,전공핵심,,,false,2026,2
2026278386,CUL7135,파이썬과데이터분석,3,교양필수,,,false,2026,2
2026278386,BUS1010,회계정보의이해,3,전공기초,,,false,2026,2
2026360380,CLU7124,AI리터러시,2,교양필수,A+,4.5,false,2026,1
2026360380,CUL2100,아카데믹글쓰기,2,교양필수,A+,4.5,false,2026,1
2026360380,APR1004,커뮤니케이션론,3,전공기초,B+,3.5,false,2026,1
2026360380,VCC1001,IC-PBL과비전설계,1,교양필수,A,4.0,false,2026,1
2026360380,CUL7135,파이썬과데이터분석,3,교양필수,,,false,2026,2
2026360380,APR1038,크리에이티브디자인,3,전공기초,,,false,2026,2
2026360380,APR1037,전략적커뮤니케이션,3,전공기초,,,false,2026,2
2026360380,CUL7125,ESG와SDGs이해,2,교양필수,,,false,2026,2
2026360380,APR2014,홍보원론,3,전공기초,,,false,2026,2
2026360380,GEN3065,컴퓨터그래픽응용,2,전공핵심,,,false,2026,2
2026360380,APR2013,광고원론,3,전공기초,,,false,2026,2
2026686741,VCC1001,IC-PBL과비전설계,1,교양필수,A+,4.5,false,2026,1
2026686741,ANT1059,AI시대인류학의도전,3,전공기초,A,4.0,false,2026,1
2026686741,ANT1061,문화유산과고고학의세계,3,전공기초,C,2.0,false,2026,1
2026686741,CUL2100,아카데믹글쓰기,2,교양필수,C,2.0,false,2026,1
2026686741,CLU7124,AI리터러시,2,교양필수,C+,2.5,false,2026,1
2026686741,ANT2026,야외고고학,3,전공기초,,,false,2026,2
2026686741,ANT1060,무형유산과한국학의이해,3,전공기초,,,false,2026,2
2026686741,ANT1062,이주시대세계문화의이해,3,전공기초,,,false,2026,2
2026686741,CUL7135,파이썬과데이터분석,3,교양필수,,,false,2026,2
2026686741,CUL7125,ESG와SDGs이해,2,교양필수,,,false,2026,2
2026615138,CUL2100,아카데믹글쓰기,2,교양필수,B+,3.5,false,2026,1
2026615138,CLU7124,AI리터러시,2,교양필수,F,0.0,false,2026,1
2026615138,VCC1001,IC-PBL과비전설계,1,교양필수,D+,1.5,false,2026,1
2026615138,GEN0059,경제원론1,3,전공핵심,A+,4.5,false,2026,1
2026615138,ACT1005,미적분학1,3,전공기초,B+,3.5,false,2026,1
2026615138,ACT1004,통계프로그래밍,3,전공기초,C+,2.5,false,2026,1
2026615138,CUL7125,ESG와SDGs이해,2,교양필수,,,false,2026,2
2026615138,GEN0060,경제원론2,3,전공핵심,,,false,2026,2
2026615138,ACT1003,계리프로그래밍,3,전공기초,,,false,2026,2
2026615138,ACT1006,미적분학2,3,전공기초,,,false,2026,2
2026615138,ACT1007,보험원론,3,전공핵심,,,false,2026,2
2026615138,CUL7135,파이썬과데이터분석,3,교양필수,,,false,2026,2
2026615138,BUS1010,회계정보의이해,3,전공기초,,,false,2026,2
2026289430,VCC1001,IC-PBL과비전설계,1,교양필수,C+,2.5,false,2026,1
2026289430,GEN0059,경제원론1,3,전공기초,B,3.0,false,2026,1
2026289430,ECO1001,경제학입문,3,전공핵심,C,2.0,false,2026,1
2026289430,CUL7125,ESG와SDGs이해,2,교양필수,,,false,2026,2
2026289430,ECO1002,경제수학,3,전공기초,,,false,2026,2
2026289430,GEN0060,경제원론2,3,전공기초,,,false,2026,2
2026289430,CUL7135,파이썬과데이터분석,3,교양필수,,,false,2026,2
2026582589,GEN0063,일반물리학1,3,전공기초,B+,3.5,false,2026,1
2026582589,EMS1020,해양융합공학개론,2,전공기초,A+,4.5,false,2026,1
2026582589,GEN2052,미분적분학1,3,전공기초,A+,4.5,false,2026,1
2026582589,GEN0074,일반생물학1,3,전공기초,D,1.0,false,2026,1
2026582589,CUL7125,ESG와SDGs이해,2,교양필수,B+,3.5,false,2026,1
2026582589,VCC1001,IC-PBL과비전설계,1,교양필수,B+,3.5,false,2026,1
2026582589,GEN0068,일반화학1,3,전공기초,A,4.0,false,2026,1
2026582589,GEN0064,일반물리학2,3,전공기초,,,false,2026,2
2026582589,GEN2053,미분적분학2,3,전공기초,,,false,2026,2
2026582589,GEN0075,일반생물학2,3,전공기초,,,false,2026,2
2026582589,EMS1021,해양융합공학일반화학실험,1,전공기초,,,false,2026,2
2026582589,CLU7124,AI리터러시,2,교양필수,,,false,2026,2
2026582589,CUL2100,아카데믹글쓰기,2,교양필수,,,false,2026,2
2026582589,GEN0069,일반화학2,3,전공기초,,,false,2026,2
2026785836,VCC1001,IC-PBL과비전설계,1,교양필수,B+,3.5,false,2026,1
2026785836,JMC1008,커뮤니케이션학의이해,3,전공기초,B,3.0,false,2026,1
2026785836,JMC2030,미디어제작의이해,3,전공기초,B+,3.5,false,2026,1
2026785836,CUL2100,아카데믹글쓰기,2,교양필수,C+,2.5,false,2026,1
2026785836,CLU7124,AI리터러시,2,교양필수,C+,2.5,false,2026,1
2026785836,CUL7135,파이썬과데이터분석,2,교양필수,,,false,2026,2
2026785836,CUL7125,ESG와SDGs이해,2,교양필수,,,false,2026,2
2026785836,JMC2000,디지털미디어사회의이해,3,전공기초,,,false,2026,2
2026785836,JOU3066,스피치커뮤니케이션의이해,3,전공기초,,,false,2026,2
2026809298,GEN0063,일반물리학1,3,전공기초,B,3.0,false,2026,1
2026809298,GEN1030,컴퓨터개론,3,전공핵심,B,3.0,false,2026,1
2026809298,GEN2052,미분적분학1,3,전공기초,D+,1.5,false,2026,1
2026809298,CSE1017,프로그래밍기초,3,전공기초,B,3.0,false,2026,1
2026809298,CUL7125,ESG와SDGs이해,2,교양필수,B,3.0,false,2026,1
2026809298,VCC1001,IC-PBL과비전설계,1,교양필수,B+,3.5,false,2026,1
2026809298,CUL7133,파이썬과인공지능,3,교양필수,B+,3.5,false,2026,1
2026809298,DAI1002,인공지능코딩,3,전공기초,C+,2.5,false,2026,1
2026809298,CLU7124,AI리터러시,2,교양필수,C+,2.5,false,2026,1
2026809298,MMT2009,인공지능의이해,3,전공핵심,,,false,2026,2
2026809298,ELE3037,확률과통계,3,전공기초,,,false,2026,2
2026809298,CSE2018,시스템프로그래밍기초,3,전공핵심,,,false,2026,2
2026809298,DAI1001,오픈소스실전인공지능,3,전공핵심,,,false,2026,2
2026809298,CUL2100,아카데믹글쓰기,2,교양필수,,,false,2026,2
2026924366,GEN0074,일반생물학1,3,전공기초,B+,3.5,false,2026,1
2026924366,GEN0076,일반생물학실험1,1,전공기초,A+,4.5,false,2026,1
2026924366,GEN0068,일반화학1,3,전공기초,B+,3.5,false,2026,1
2026924366,CUL7125,ESG와SDGs이해,2,교양필수,A+,4.5,false,2026,1
2026924366,VCC1001,IC-PBL과비전설계,1,교양필수,B,3.0,false,2026,1
2026924366,CUL7131,창의적프로그래밍기초와실습,3,교양필수,B+,3.5,false,2026,1
2026924366,GEN3032,기초물리학,2,전공기초,B+,3.5,false,2026,1
2026924366,GEN0070,일반화학실험1,1,전공기초,B,3.0,false,2026,1
2026924366,GEN0075,일반생물학2,3,전공기초,,,false,2026,2
2026924366,GEN0077,일반생물학실험2,1,전공기초,,,false,2026,2
2026924366,GEN0069,일반화학2,3,전공기초,,,false,2026,2
2026924366,CUL7128,오픈소스개발과활용,3,교양필수,,,false,2026,2
2026924366,GEN2053,미분적분학2,3,전공기초,,,false,2026,2
2026924366,GEN0071,일반화학실험2,1,전공기초,,,false,2026,2
2026924366,CUL2100,아카데믹글쓰기,2,교양필수,,,false,2026,2
2026300070,VCC1001,IC-PBL과비전설계,1,교양필수,A,4.0,false,2026,1
2026300070,GEN0044,경영학원론,3,전공기초,B+,3.5,false,2026,1
2026300070,GEN0059,경제원론1,3,전공기초,A+,4.5,false,2026,1
2026300070,CUL7125,ESG와SDGs이해,2,교양필수,,,false,2026,2
2026300070,ECO1002,경제수학,3,전공기초,,,false,2026,2
2026300070,ECO1022,기업가정신과관계역량,1,전공핵심,,,false,2026,2
2026300070,CUL7135,파이썬과데이터분석,3,교양필수,,,false,2026,2
2026697091,DES1001,스튜디오프랙티스,3,전공기초,B+,3.5,false,2026,1
2026697091,DES1002,2D디지털디자인,3,전공기초,B,3.0,false,2026,1
2026697091,DES1004,드로잉파운데이션,3,전공기초,B,3.0,false,2026,1
2026697091,VCC1001,IC-PBL과비전설계,1,교양필수,B,3.0,false,2026,1
2026697091,CUL2100,아카데믹글쓰기,2,교양필수,C+,2.5,false,2026,1
2026697091,CLU7124,AI리터러시,2,교양필수,B+,3.5,false,2026,1
2026697091,CUL7135,파이썬과데이터분석,3,교양필수,,,false,2026,2
2026697091,DES1005,크리에이티브프로세스,3,전공기초,,,false,2026,2
2026697091,DES1003,3D스페이셜디자인,3,전공기초,,,false,2026,2
2026697091,CUL7125,ESG와SDGs이해,2,교양필수,,,false,2026,2
2026779792,DES1001,스튜디오프랙티스,3,전공기초,B,3.0,false,2026,1
2026779792,DES1002,2D디지털디자인,3,전공기초,B,3.0,false,2026,1
2026779792,DES1004,드로잉파운데이션,3,전공기초,D+,1.5,false,2026,1
2026779792,VCC1001,IC-PBL과비전설계,1,교양필수,C,2.0,false,2026,1
2026779792,CUL2100,아카데믹글쓰기,2,교양필수,C+,2.5,false,2026,1
2026779792,CLU7124,AI리터러시,2,교양필수,B+,3.5,false,2026,1
2026779792,CUL7135,파이썬과데이터분석,3,교양필수,,,false,2026,2
2026779792,DES1005,크리에이티브프로세스,3,전공기초,,,false,2026,2
2026779792,DES1003,3D스페이셜디자인,3,전공기초,,,false,2026,2
2026779792,CUL7125,ESG와SDGs이해,2,교양필수,,,false,2026,2
2026396177,GCT1004,영상문화의이해,2,전공기초,A,4.0,false,2026,1
2026396177,GCT1002,글로벌트랜드탐색,3,전공기초,A+,4.5,false,2026,1
2026396177,GCT1007,글로벌통상의이해,2,전공기초,,,false,2026,2
2026968167,DCC2019,프리젠테이션기술과피칭전략,3,전공핵심,D+,1.5,false,2026,1
2026968167,DCC1011,콘텐츠스토리텔링기초,3,전공기초,B+,3.5,false,2026,1
2026968167,DCC2001,창의적발상법,3,전공기초,B+,3.5,false,2026,1
2026968167,VCC1001,IC-PBL과비전설계,1,교양필수,C,2.0,false,2026,1
2026968167,DCC1010,문화콘텐츠의기초,3,전공기초,A+,4.5,false,2026,1
2026968167,CUL2100,아카데믹글쓰기,2,교양필수,A+,4.5,false,2026,1
2026968167,CLU7124,AI리터러시,2,교양필수,B,3.0,false,2026,1
2026968167,CUL7135,파이썬과데이터분석,2,교양필수,,,false,2026,2
2026968167,DCC1007,문화콘텐츠인문학,3,전공기초,,,false,2026,2
2026968167,DCC2017,문화콘텐츠마케팅,3,전공기초,,,false,2026,2
2026968167,DCC2005,문화콘텐츠기획론,3,전공핵심,,,false,2026,2
2026968167,DCC2004,멀티미디어저작실습,3,전공핵심,,,false,2026,2
2026968167,CUL7125,ESG와SDGs이해,2,교양필수,,,false,2026,2
2026406313,GEN0063,일반물리학1,3,전공기초,A,4.0,false,2026,1
2026406313,CUL7129,인공지능기초탐색,2,교양필수,A,4.0,false,2026,1
2026406313,CUL7133,파이썬과인공지능,3,교양필수,C+,2.5,false,2026,1
2026406313,GEN2052,미분적분학1,3,전공기초,B+,3.5,false,2026,1
2026406313,MCE1001,배터리소재화공입문설계,2,전공기초,B,3.0,false,2026,1
2026406313,VCC1001,IC-PBL과비전설계,1,교양필수,A,4.0,false,2026,1
2026406313,GEN0066,일반물리학실험1,1,전공기초,C+,2.5,false,2026,1
2026406313,GEN0070,일반화학실험1,1,전공기초,B,3.0,false,2026,1
2026406313,CUL7127,수학적사고와인공지능,2,교양필수,,,false,2026,2
2026406313,GEN2053,미분적분학2,3,전공기초,,,false,2026,2
2026406313,MCE2004,배터리/신소재/화학공학입문,3,전공핵심,,,false,2026,2
2026406313,CUL7124,AI리터러시,2,교양필수,,,false,2026,2
2026406313,CUL2100,아카데믹글쓰기,2,교양필수,,,false,2026,2
2026406313,GEN0067,일반물리학실험2,1,전공기초,,,false,2026,2
2026406313,GEN0071,일반화학실험2,1,전공기초,,,false,2026,2
2026852485,GEN0063,일반물리학1,3,전공기초,B+,3.5,false,2026,1
2026852485,CSE1017,프로그래밍기초,3,전공기초,B,3.0,false,2026,1
2026852485,CSE1007,논리학(컴퓨터전공),3,전공기초,B,3.0,false,2026,1
2026852485,GEN2052,미분적분학1,3,전공기초,B+,3.5,false,2026,1
2026852485,CUL7125,ESG와SDGs이해,2,교양필수,C+,2.5,false,2026,1
2026852485,VCC1001,IC-PBL과비전설계,1,교양필수,C,2.0,false,2026,1
2026852485,CUL7133,파이썬과인공지능,3,교양필수,A+,4.5,false,2026,1
2026852485,CLU7124,AI리터러시,2,교양필수,A,4.0,false,2026,1
2026852485,MMT4017,퓨쳐미디어와디지털아트,3,전공핵심,,,false,2026,2
2026852485,ICT1001,기초확률통계,3,전공기초,,,false,2026,2
2026852485,CSE2010,자료구조론,3,전공기초,,,false,2026,2
2026852485,MCD1001,디자인테크놀로지융합의이해,3,전공핵심,,,false,2026,2
2026852485,MMT2012,디지털미디어의디자인활용,3,전공핵심,,,false,2026,2
2026852485,CS31020,창의융합설계,2,전공핵심,,,false,2026,2
2026852485,CUL2100,아카데믹글쓰기,2,교양필수,,,false,2026,2
2026416178,DES1001,스튜디오프랙티스,3,전공기초,A+,4.5,false,2026,1
2026416178,DES1002,2D디지털디자인,3,전공기초,C,2.0,false,2026,1
2026416178,DES1004,드로잉파운데이션,3,전공기초,B,3.0,false,2026,1
2026416178,VCC1001,IC-PBL과비전설계,1,교양필수,A,4.0,false,2026,1
2026416178,CUL2100,아카데믹글쓰기,2,교양필수,C+,2.5,false,2026,1
2026416178,CLU7124,AI리터러시,2,교양필수,B+,3.5,false,2026,1
2026416178,CUL7135,파이썬과데이터분석,3,교양필수,,,false,2026,2
2026416178,DES1005,크리에이티브프로세스,3,전공기초,,,false,2026,2
2026416178,DES1003,3D스페이셜디자인,3,전공기초,,,false,2026,2
2026416178,CUL7125,ESG와SDGs이해,2,교양필수,,,false,2026,2
2026229827,VCC1001,IC-PBL과비전설계,1,교양필수,C+,2.5,false,2026,1
2026229827,JMC1008,커뮤니케이션학의이해,3,전공기초,B,3.0,false,2026,1
2026229827,JMC2030,미디어제작의이해,3,전공기초,A,4.0,false,2026,1
2026229827,CLU7124,AI리터러시,2,교양필수,B+,3.5,false,2026,1
2026229827,CUL7135,파이썬과데이터분석,2,교양필수,,,false,2026,2
2026229827,CUL7125,ESG와SDGs이해,2,교양필수,,,false,2026,2
2026229827,JMC2000,디지털미디어사회의이해,3,전공기초,,,false,2026,2
2026185927,GEN0074,일반생물학1,3,전공기초,B,3.0,false,2026,1
2026185927,GEN0076,일반생물학실험1,1,전공기초,D+,1.5,false,2026,1
2026185927,GEN0068,일반화학1,3,전공기초,C+,2.5,false,2026,1
2026185927,CUL7125,ESG와SDGs이해,2,교양필수,B+,3.5,false,2026,1
2026185927,VCC1001,IC-PBL과비전설계,1,교양필수,A,4.0,false,2026,1
2026185927,CUL7131,창의적프로그래밍기초와실습,3,교양필수,B,3.0,false,2026,1
2026185927,GEN3032,기초물리학,2,전공기초,B+,3.5,false,2026,1
2026185927,GEN0070,일반화학실험1,1,전공기초,B+,3.5,false,2026,1
2026185927,GEN0075,일반생물학2,3,전공기초,,,false,2026,2
2026185927,GEN0077,일반생물학실험2,1,전공기초,,,false,2026,2
2026185927,GEN0069,일반화학2,3,전공기초,,,false,2026,2
2026185927,CUL7128,오픈소스개발과활용,3,교양필수,,,false,2026,2
2026185927,GEN2053,미분적분학2,3,전공기초,,,false,2026,2
2026185927,GEN0071,일반화학실험2,1,전공기초,,,false,2026,2
2026185927,CUL2100,아카데믹글쓰기,2,교양필수,,,false,2026,2
2026487272,VCC1001,IC-PBL과비전설계,1,교양필수,A+,4.5,false,2026,1
2026487272,BUS1005,경영통계분석1,3,전공기초,A,4.0,false,2026,1
2026487272,GEN0044,경영학원론,3,전공기초,C+,2.5,false,2026,1
2026487272,GEN0059,경제원론1,3,전공기초,B+,3.5,false,2026,1
2026487272,CUL7124,AI리터러시,2,교양필수,D+,1.5,false,2026,1
2026487272,CUL2100,아카데믹글쓰기,2,교양필수,B+,3.5,false,2026,1
2026487272,CUL7125,ESG와SDGs이해,2,교양필수,,,false,2026,2
2026487272,CUL7135,파이썬과데이터분석,3,교양필수,,,false,2026,2
2026487272,BUS1010,회계정보의이해,3,전공기초,,,false,2026,2
2026170846,BUS1005,경영통계분석1,3,전공기초,A,4.0,false,2026,1
2026170846,GEN0044,경영학원론,3,전공기초,C+,2.5,false,2026,1
2026170846,GEN0059,경제원론1,3,전공기초,A+,4.5,false,2026,1
2026170846,CUL7124,AI리터러시,2,교양필수,B,3.0,false,2026,1
2026170846,CUL2100,아카데믹글쓰기,2,교양필수,B,3.0,false,2026,1
2026170846,CUL7125,ESG와SDGs이해,2,교양필수,,,false,2026,2
2026803011,DCC2019,프리젠테이션기술과피칭전략,3,전공핵심,B,3.0,false,2026,1
2026803011,DCC1011,콘텐츠스토리텔링기초,3,전공기초,A+,4.5,false,2026,1
2026803011,DCC2001,창의적발상법,3,전공기초,B,3.0,false,2026,1
2026803011,VCC1001,IC-PBL과비전설계,1,교양필수,B,3.0,false,2026,1
2026803011,DCC1010,문화콘텐츠의기초,3,전공기초,D,1.0,false,2026,1
2026803011,CUL2100,아카데믹글쓰기,2,교양필수,A,4.0,false,2026,1
2026803011,CLU7124,AI리터러시,2,교양필수,A,4.0,false,2026,1
2026803011,CUL7135,파이썬과데이터분석,2,교양필수,,,false,2026,2
2026803011,DCC1007,문화콘텐츠인문학,3,전공기초,,,false,2026,2
2026803011,DCC2017,문화콘텐츠마케팅,3,전공기초,,,false,2026,2
2026803011,DCC2005,문화콘텐츠기획론,3,전공핵심,,,false,2026,2
2026803011,DCC2004,멀티미디어저작실습,3,전공핵심,,,false,2026,2
2026803011,CUL7125,ESG와SDGs이해,2,교양필수,,,false,2026,2
2026289276,GEN0063,일반물리학1,3,전공기초,B,3.0,false,2026,1
2026289276,CSE1017,프로그래밍기초,3,전공기초,B+,3.5,false,2026,1
2026289276,CSE1007,논리학(컴퓨터전공),3,전공기초,A+,4.5,false,2026,1
2026289276,GEN2052,미분적분학1,3,전공기초,A+,4.5,false,2026,1
2026289276,CUL7125,ESG와SDGs이해,2,교양필수,B+,3.5,false,2026,1
2026289276,VCC1001,IC-PBL과비전설계,1,교양필수,B+,3.5,false,2026,1
2026289276,CUL7133,파이썬과인공지능,3,교양필수,B+,3.5,false,2026,1
2026289276,CLU7124,AI리터러시,2,교양필수,B+,3.5,false,2026,1
2026289276,MMT4017,퓨쳐미디어와디지털아트,3,전공핵심,,,false,2026,2
2026289276,ICT1001,기초확률통계,3,전공기초,,,false,2026,2
2026289276,CSE2010,자료구조론,3,전공기초,,,false,2026,2
2026289276,MCD1001,디자인테크놀로지융합의이해,3,전공핵심,,,false,2026,2
2026289276,MMT2012,디지털미디어의디자인활용,3,전공핵심,,,false,2026,2
2026289276,CS31020,창의융합설계,2,전공핵심,,,false,2026,2
2026289276,CUL2100,아카데믹글쓰기,2,교양필수,,,false,2026,2
2026587402,GEN0044,경영학원론,3,전공기초,B+,3.5,false,2026,1
2026587402,GEN0059,경제원론1,3,전공기초,C,2.0,false,2026,1
2026587402,ECO1001,경제학입문,3,전공핵심,B,3.0,false,2026,1
2026587402,CUL7125,ESG와SDGs이해,2,교양필수,,,false,2026,2
2026587402,ECO1002,경제수학,3,전공기초,,,false,2026,2
2026587402,GEN0060,경제원론2,3,전공기초,,,false,2026,2
2026587402,ECO1022,기업가정신과관계역량,1,전공핵심,,,false,2026,2
2026969659,BUS1005,경영통계분석1,3,전공기초,A+,4.5,false,2026,1
2026969659,GEN0044,경영학원론,3,전공기초,C+,2.5,false,2026,1
2026969659,CUL7124,AI리터러시,2,교양필수,B,3.0,false,2026,1
2026969659,CUL7125,ESG와SDGs이해,2,교양필수,,,false,2026,2
2026969659,CUL7135,파이썬과데이터분석,3,교양필수,,,false,2026,2
2026393033,GEN0063,일반물리학1,3,전공기초,B,3.0,false,2026,1
2026393033,EEN1003,전자공학의이해,1,전공기초,A+,4.5,false,2026,1
2026393033,CUL7124,AI리터러시,2,교양필수,A+,4.5,false,2026,1
2026393033,CUL7125,ESG와SDGs이해,2,교양필수,A,4.0,false,2026,1
2026393033,VCC1001,IC-PBL과비전설계,1,교양필수,B,3.0,false,2026,1
2026393033,GEN2052,미분적분학1,3,전공기초,B,3.0,false,2026,1
2026393033,CUL7133,파이썬과인공지능,3,교양필수,B+,3.5,false,2026,1
2026393033,GEN0066,일반물리학실험1,1,전공기초,B+,3.5,false,2026,1
2026393033,CUL2100,아카데믹글쓰기,2,교양필수,,,false,2026,2
2026393033,GEN2053,미분적분학2,3,전공기초,,,false,2026,2
2026393033,ELE3037,확률과통계,3,전공기초,,,false,2026,2
2026393033,GEN0064,일반물리학2,3,전공기초,,,false,2026,2
2026393033,GEN0067,일반물리학실험2,1,전공기초,,,false,2026,2
2026475354,GEN1030,컴퓨터개론,3,전공핵심,A,4.0,false,2026,1
2026475354,GEN2052,미분적분학1,3,전공기초,B,3.0,false,2026,1
2026475354,CSE1017,프로그래밍기초,3,전공기초,B+,3.5,false,2026,1
2026475354,CUL7125,ESG와SDGs이해,2,교양필수,A,4.0,false,2026,1
2026475354,VCC1001,IC-PBL과비전설계,1,교양필수,C,2.0,false,2026,1
2026475354,CUL7133,파이썬과인공지능,3,교양필수,C+,2.5,false,2026,1
2026475354,CLU7124,AI리터러시,2,교양필수,A,4.0,false,2026,1
2026475354,ITE1009,C프로그래밍,3,전공핵심,,,false,2026,2
2026475354,CSE1019,오픈소스SW기초,2,전공핵심,,,false,2026,2
2026475354,MAT2020,이산수학,3,전공기초,,,false,2026,2
2026475354,COM2018,객체지향프로그래밍,3,전공핵심,,,false,2026,2
2026475354,CSE1021,소프트웨어엔지니어링커뮤니케이션,2,전공기초,,,false,2026,2
2026475354,CUL2100,아카데믹글쓰기,2,교양필수,,,false,2026,2
2026815531,GEN0074,일반생물학1,3,전공기초,D+,1.5,false,2026,1
2026815531,GEN0076,일반생물학실험1,1,전공기초,B,3.0,false,2026,1
2026815531,GEN0068,일반화학1,3,전공기초,D+,1.5,false,2026,1
2026815531,CUL7125,ESG와SDGs이해,2,교양필수,A+,4.5,false,2026,1
2026815531,VCC1001,IC-PBL과비전설계,1,교양필수,D+,1.5,false,2026,1
2026815531,CUL7131,창의적프로그래밍기초와실습,3,교양필수,B+,3.5,false,2026,1
2026815531,GEN3032,기초물리학,2,전공기초,F,0.0,false,2026,1
2026815531,GEN0070,일반화학실험1,1,전공기초,A,4.0,false,2026,1
2026815531,GEN0075,일반생물학2,3,전공기초,,,false,2026,2
2026815531,GEN0077,일반생물학실험2,1,전공기초,,,false,2026,2
2026815531,GEN0069,일반화학2,3,전공기초,,,false,2026,2
2026815531,CUL7128,오픈소스개발과활용,3,교양필수,,,false,2026,2
2026815531,GEN2053,미분적분학2,3,전공기초,,,false,2026,2
2026815531,GEN0071,일반화학실험2,1,전공기초,,,false,2026,2
2026815531,CUL2100,아카데믹글쓰기,2,교양필수,,,false,2026,2
2026431603,GEN0063,일반물리학1,3,전공기초,C+,2.5,false,2026,1
2026431603,CAR0005,인공지능로봇의이해,2,전공기초,B,3.0,false,2026,1
2026431603,CUL7125,ESG와SDGs이해,2,교양필수,B,3.0,false,2026,1
2026431603,GEN0066,일반물리학실험1,1,전공기초,B+,3.5,false,2026,1
2026431603,GEN2052,미분적분학1,3,전공기초,A,4.0,false,2026,1
2026431603,ROB1001,기초로봇공학개론,3,전공기초,A+,4.5,false,2026,1
2026431603,VCC1001,IC-PBL과비전설계,1,교양필수,A,4.0,false,2026,1
2026431603,CUL7124,AI리터러시,2,교양필수,B+,3.5,false,2026,1
2026431603,GEN0064,일반물리학2,3,전공기초,,,false,2026,2
2026431603,CAR0001,어드벤쳐디자인1,1,전공기초,,,false,2026,2
2026431603,COE3051,공업수학1,3,전공기초,,,false,2026,2
2026431603,GEN2053,미분적분학2,3,전공기초,,,false,2026,2
2026431603,ITE1009,C프로그래밍,2,전공기초,,,false,2026,2
2026431603,CUL2100,아카데믹글쓰기,2,교양필수,,,false,2026,2
2026189689,GEN0063,일반물리학1,3,전공기초,A+,4.5,false,2026,1
2026189689,GEN0066,일반물리학실험1,1,전공기초,C+,2.5,false,2026,1
2026189689,CUL7125,ESG와SDGs이해,2,교양필수,A,4.0,false,2026,1
2026189689,VCC1001,IC-PBL과비전설계,1,교양필수,B,3.0,false,2026,1
2026189689,CUL7131,창의적프로그래밍기초와실습,3,교양필수,B,3.0,false,2026,1
2026189689,GEN0068,일반화학1,3,전공기초,A+,4.5,false,2026,1
2026189689,GEN2052,미분적분학1,3,전공기초,B+,3.5,false,2026,1
2026189689,GEN0070,일반화학실험1,1,전공기초,C+,2.5,false,2026,1
2026189689,GEN0064,일반물리학2,3,전공기초,,,false,2026,2
2026189689,GEN0067,일반물리학실험2,1,전공기초,,,false,2026,2
2026189689,CUL7128,오픈소스개발과활용,3,교양필수,,,false,2026,2
2026189689,GEN2053,미분적분학2,3,전공기초,,,false,2026,2
2026189689,GEN0069,일반화학2,3,전공기초,,,false,2026,2
2026189689,CUL2100,아카데믹글쓰기,2,교양필수,,,false,2026,2
2026189689,GEN0071,일반화학실험2,1,전공기초,,,false,2026,2
2026112885,DES1001,스튜디오프랙티스,3,전공기초,C+,2.5,false,2026,1
2026112885,DES1002,2D디지털디자인,3,전공기초,A+,4.5,false,2026,1
2026112885,DES1004,드로잉파운데이션,3,전공기초,B+,3.5,false,2026,1
2026112885,VCC1001,IC-PBL과비전설계,1,교양필수,B+,3.5,false,2026,1
2026112885,CUL2100,아카데믹글쓰기,2,교양필수,D,1.0,false,2026,1
2026112885,CLU7124,AI리터러시,2,교양필수,C+,2.5,false,2026,1
2026112885,CUL7135,파이썬과데이터분석,3,교양필수,,,false,2026,2
2026112885,DES1005,크리에이티브프로세스,3,전공기초,,,false,2026,2
2026112885,DES1003,3D스페이셜디자인,3,전공기초,,,false,2026,2
2026112885,CUL7125,ESG와SDGs이해,2,교양필수,,,false,2026,2
2026486746,VCC1001,IC-PBL과비전설계,1,교양필수,B,3.0,false,2026,1
2026486746,JMC1008,커뮤니케이션학의이해,3,전공기초,B,3.0,false,2026,1
2026486746,JMC2030,미디어제작의이해,3,전공기초,F,0.0,false,2026,1
2026486746,CUL2100,아카데믹글쓰기,2,교양필수,B,3.0,false,2026,1
2026486746,CLU7124,AI리터러시,2,교양필수,B+,3.5,false,2026,1
2026486746,CUL7135,파이썬과데이터분석,2,교양필수,,,false,2026,2
2026486746,CUL7125,ESG와SDGs이해,2,교양필수,,,false,2026,2
2026486746,JMC2000,디지털미디어사회의이해,3,전공기초,,,false,2026,2
2026486746,JOU3066,스피치커뮤니케이션의이해,3,전공기초,,,false,2026,2
2026927527,CUL2100,아카데믹글쓰기,2,교양필수,B+,3.5,false,2026,1
2026927527,CLU7124,AI리터러시,2,교양필수,A+,4.5,false,2026,1
2026927527,VCC1001,IC-PBL과비전설계,1,교양필수,A+,4.5,false,2026,1
2026927527,GEN0059,경제원론1,3,전공핵심,A+,4.5,false,2026,1
2026927527,ACT1005,미적분학1,3,전공기초,A,4.0,false,2026,1
2026927527,ACT1004,통계프로그래밍,3,전공기초,A,4.0,false,2026,1
2026927527,CUL7125,ESG와SDGs이해,2,교양필수,,,false,2026,2
2026927527,GEN0060,경제원론2,3,전공핵심,,,false,2026,2
2026927527,ACT1003,계리프로그래밍,3,전공기초,,,false,2026,2
2026927527,ACT1006,미적분학2,3,전공기초,,,false,2026,2
2026927527,ACT1007,보험원론,3,전공핵심,,,false,2026,2
2026927527,CUL7135,파이썬과데이터분석,3,교양필수,,,false,2026,2
2026927527,BUS1010,회계정보의이해,3,전공기초,,,false,2026,2
2026456324,GEN0063,일반물리학1,3,전공기초,C+,2.5,false,2026,1
2026456324,INE1014,산업경영공학개론,3,전공기초,B,3.0,false,2026,1
2026456324,CUL7133,파이썬과인공지능,3,교양필수,D+,1.5,false,2026,1
2026456324,GEN2052,미분적분학1,3,전공기초,D,1.0,false,2026,1
2026456324,CUL7125,ESG와SDGs이해,2,교양필수,F,0.0,false,2026,1
2026456324,VCC1001,IC-PBL과비전설계,1,교양필수,C,2.0,false,2026,1
2026456324,CUL7124,AI리터러시,2,교양필수,C,2.0,false,2026,1
2026456324,CS31017,프로그래밍기초,3,전공기초,,,false,2026,2
2026456324,INE1016,산업의이해,3,전공기초,,,false,2026,2
2026456324,COE3051,공업수학1,3,전공기초,,,false,2026,2
2026456324,GEN2053,미분적분학2,3,전공기초,,,false,2026,2
2026456324,CUL2100,아카데믹글쓰기,2,교양필수,,,false,2026,2
2026433396,GEN0063,일반물리학1,3,전공기초,D,1.0,false,2026,1
2026433396,GEN2052,미분적분학1,3,전공기초,C,2.0,false,2026,1
2026433396,MAT4096,인공지능기초,3,전공기초,A,4.0,false,2026,1
2026433396,MAT1002,확률및통계개론,3,전공기초,A+,4.5,false,2026,1
2026433396,CUL7125,ESG와SDGs이해,2,교양필수,B+,3.5,false,2026,1
2026433396,VCC1001,IC-PBL과비전설계,1,교양필수,B,3.0,false,2026,1
2026433396,GEN2053,미분적분학2,3,전공기초,,,false,2026,2
2026433396,MAT2079,데이터사이언스프로그래밍,3,전공핵심,,,false,2026,2
2026433396,MAT2020,이산수학,3,전공핵심,,,false,2026,2
2026433396,CUL2100,아카데믹글쓰기,2,교양필수,,,false,2026,2
2026847096,DES1001,스튜디오프랙티스,3,전공기초,B+,3.5,false,2026,1
2026847096,DES1002,2D디지털디자인,3,전공기초,B+,3.5,false,2026,1
2026847096,DES1004,드로잉파운데이션,3,전공기초,A,4.0,false,2026,1
2026847096,VCC1001,IC-PBL과비전설계,1,교양필수,C,2.0,false,2026,1
2026847096,CUL2100,아카데믹글쓰기,2,교양필수,A,4.0,false,2026,1
2026847096,CLU7124,AI리터러시,2,교양필수,A+,4.5,false,2026,1
2026847096,CUL7135,파이썬과데이터분석,3,교양필수,,,false,2026,2
2026847096,DES1005,크리에이티브프로세스,3,전공기초,,,false,2026,2
2026847096,DES1003,3D스페이셜디자인,3,전공기초,,,false,2026,2
2026847096,CUL7125,ESG와SDGs이해,2,교양필수,,,false,2026,2
2026751297,GEN0063,일반물리학1,3,전공기초,C+,2.5,false,2026,1
2026751297,GEN0066,일반물리학실험1,1,전공기초,D+,1.5,false,2026,1
2026751297,CUL7125,ESG와SDGs이해,2,교양필수,A+,4.5,false,2026,1
2026751297,VCC1001,IC-PBL과비전설계,1,교양필수,A+,4.5,false,2026,1
2026751297,CUL7131,창의적프로그래밍기초와실습,3,교양필수,A+,4.5,false,2026,1
2026751297,GEN0068,일반화학1,3,전공기초,A,4.0,false,2026,1
2026751297,GEN2052,미분적분학1,3,전공기초,A,4.0,false,2026,1
2026751297,GEN0070,일반화학실험1,1,전공기초,B+,3.5,false,2026,1
2026751297,GEN0064,일반물리학2,3,전공기초,,,false,2026,2
2026751297,GEN0067,일반물리학실험2,1,전공기초,,,false,2026,2
2026751297,CUL7128,오픈소스개발과활용,3,교양필수,,,false,2026,2
2026751297,GEN2053,미분적분학2,3,전공기초,,,false,2026,2
2026751297,GEN0069,일반화학2,3,전공기초,,,false,2026,2
2026751297,CUL2100,아카데믹글쓰기,2,교양필수,,,false,2026,2
2026751297,GEN0071,일반화학실험2,1,전공기초,,,false,2026,2
2026463470,GEN0063,일반물리학1,3,전공기초,C+,2.5,false,2026,1
2026463470,GEN0066,일반물리학실험1,1,전공기초,B+,3.5,false,2026,1
2026463470,VCC1001,IC-PBL과비전설계,1,교양필수,C+,2.5,false,2026,1
2026463470,CUL7131,창의적프로그래밍기초와실습,3,교양필수,B+,3.5,false,2026,1
2026463470,EMS2021,물리해양학,3,전공기초,A,4.0,false,2026,1
2026463470,GEN0064,일반물리학2,3,전공기초,,,false,2026,2
2026463470,GEN0067,일반물리학실험2,1,전공기초,,,false,2026,2
2026463470,CUL7128,오픈소스개발과활용,3,교양필수,,,false,2026,2
2026463470,GEN2053,미분적분학2,3,전공기초,,,false,2026,2
2026463470,CUL2100,아카데믹글쓰기,2,교양필수,,,false,2026,2
2026873644,GEN0063,일반물리학1,3,전공기초,A,4.0,false,2026,1
2026873644,GEN0066,일반물리학실험1,1,전공기초,B+,3.5,false,2026,1
2026873644,CUL7125,ESG와SDGs이해,2,교양필수,B,3.0,false,2026,1
2026873644,VCC1001,IC-PBL과비전설계,1,교양필수,A,4.0,false,2026,1
2026873644,CUL7131,창의적프로그래밍기초와실습,3,교양필수,A+,4.5,false,2026,1
2026873644,GEN0068,일반화학1,3,전공기초,B,3.0,false,2026,1
2026873644,GEN2052,미분적분학1,3,전공기초,B+,3.5,false,2026,1
2026873644,GEN0070,일반화학실험1,1,전공기초,C,2.0,false,2026,1
2026873644,GEN0064,일반물리학2,3,전공기초,,,false,2026,2
2026873644,GEN0067,일반물리학실험2,1,전공기초,,,false,2026,2
2026873644,CUL7128,오픈소스개발과활용,3,교양필수,,,false,2026,2
2026873644,GEN2053,미분적분학2,3,전공기초,,,false,2026,2
2026873644,GEN0069,일반화학2,3,전공기초,,,false,2026,2
2026873644,CUL2100,아카데믹글쓰기,2,교양필수,,,false,2026,2
2026873644,GEN0071,일반화학실험2,1,전공기초,,,false,2026,2
2026504639,GEN0063,일반물리학1,3,전공기초,D,1.0,false,2026,1
2026504639,CUL7125,ESG와SDGs이해,2,교양필수,C,2.0,false,2026,1
2026504639,CUL7129,인공지능기초탐색,2,교양필수,A,4.0,false,2026,1
2026504639,CUL7133,파이썬과인공지능,3,교양필수,A,4.0,false,2026,1
2026504639,GEN2052,미분적분학1,3,전공기초,B+,3.5,false,2026,1
2026504639,MCE1001,배터리소재화공입문설계,2,전공기초,C+,2.5,false,2026,1
2026504639,VCC1001,IC-PBL과비전설계,1,교양필수,B+,3.5,false,2026,1
2026504639,GEN0066,일반물리학실험1,1,전공기초,B,3.0,false,2026,1
2026504639,GEN0068,일반화학1,3,전공기초,D+,1.5,false,2026,1
2026504639,GEN0070,일반화학실험1,1,전공기초,B,3.0,false,2026,1
2026504639,GEN0064,일반물리학2,3,전공기초,,,false,2026,2
2026504639,CUL7127,수학적사고와인공지능,2,교양필수,,,false,2026,2
2026504639,GEN2053,미분적분학2,3,전공기초,,,false,2026,2
2026504639,MCE2004,배터리/신소재/화학공학입문,3,전공핵심,,,false,2026,2
2026504639,CUL7124,AI리터러시,2,교양필수,,,false,2026,2
2026504639,CUL2100,아카데믹글쓰기,2,교양필수,,,false,2026,2
2026504639,GEN0067,일반물리학실험2,1,전공기초,,,false,2026,2
2026504639,GEN0069,일반화학2,3,전공기초,,,false,2026,2
2026504639,GEN0071,일반화학실험2,1,전공기초,,,false,2026,2
2026614807,GEN0063,일반물리학1,3,전공기초,B,3.0,false,2026,1
2026614807,GEN1030,컴퓨터개론,3,전공핵심,A+,4.5,false,2026,1
2026614807,GEN2052,미분적분학1,3,전공기초,B,3.0,false,2026,1
2026614807,CSE1017,프로그래밍기초,3,전공기초,A+,4.5,false,2026,1
2026614807,CUL7125,ESG와SDGs이해,2,교양필수,C,2.0,false,2026,1
2026614807,VCC1001,IC-PBL과비전설계,1,교양필수,A,4.0,false,2026,1
2026614807,CUL7133,파이썬과인공지능,3,교양필수,C,2.0,false,2026,1
2026614807,DAI1002,인공지능코딩,3,전공기초,B,3.0,false,2026,1
2026614807,CLU7124,AI리터러시,2,교양필수,B,3.0,false,2026,1
2026614807,MMT2009,인공지능의이해,3,전공핵심,,,false,2026,2
2026614807,ELE3037,확률과통계,3,전공기초,,,false,2026,2
2026614807,CSE2018,시스템프로그래밍기초,3,전공핵심,,,false,2026,2
2026614807,DAI1001,오픈소스실전인공지능,3,전공핵심,,,false,2026,2
2026614807,CUL2100,아카데믹글쓰기,2,교양필수,,,false,2026,2
2026917376,VCC1001,IC-PBL과비전설계,1,교양필수,A+,4.5,false,2026,1
2026917376,GEN0044,경영학원론,3,전공기초,A+,4.5,false,2026,1
2026917376,GEN0059,경제원론1,3,전공기초,D+,1.5,false,2026,1
2026917376,ECO1001,경제학입문,3,전공핵심,B+,3.5,false,2026,1
2026917376,CUL7125,ESG와SDGs이해,2,교양필수,,,false,2026,2
2026917376,ECO1002,경제수학,3,전공기초,,,false,2026,2
2026917376,GEN0060,경제원론2,3,전공기초,,,false,2026,2
2026917376,ECO1022,기업가정신과관계역량,1,전공핵심,,,false,2026,2
2026917376,CUL7135,파이썬과데이터분석,3,교양필수,,,false,2026,2
2026960279,GEN0074,일반생물학1,3,전공기초,C+,2.5,false,2026,1
2026960279,GEN0076,일반생물학실험1,1,전공기초,C,2.0,false,2026,1
2026960279,GEN0068,일반화학1,3,전공기초,B,3.0,false,2026,1
2026960279,CUL7125,ESG와SDGs이해,2,교양필수,B+,3.5,false,2026,1
2026960279,VCC1001,IC-PBL과비전설계,1,교양필수,A+,4.5,false,2026,1
2026960279,CUL7131,창의적프로그래밍기초와실습,3,교양필수,B,3.0,false,2026,1
2026960279,GEN3032,기초물리학,2,전공기초,B,3.0,false,2026,1
2026960279,GEN0070,일반화학실험1,1,전공기초,B,3.0,false,2026,1
2026960279,GEN0075,일반생물학2,3,전공기초,,,false,2026,2
2026960279,GEN0077,일반생물학실험2,1,전공기초,,,false,2026,2
2026960279,GEN0069,일반화학2,3,전공기초,,,false,2026,2
2026960279,CUL7128,오픈소스개발과활용,3,교양필수,,,false,2026,2
2026960279,GEN2053,미분적분학2,3,전공기초,,,false,2026,2
2026960279,GEN0071,일반화학실험2,1,전공기초,,,false,2026,2
2026960279,CUL2100,아카데믹글쓰기,2,교양필수,,,false,2026,2
2026361829,GEN0063,일반물리학1,3,전공기초,C+,2.5,false,2026,1
2026361829,GEN0066,일반물리학실험1,1,전공기초,B+,3.5,false,2026,1
2026361829,CUL7125,ESG와SDGs이해,2,교양필수,B,3.0,false,2026,1
2026361829,VCC1001,IC-PBL과비전설계,1,교양필수,B,3.0,false,2026,1
2026361829,CUL7131,창의적프로그래밍기초와실습,3,교양필수,D+,1.5,false,2026,1
2026361829,EMS2021,물리해양학,3,전공기초,B+,3.5,false,2026,1
2026361829,GEN0064,일반물리학2,3,전공기초,,,false,2026,2
2026361829,GEN0067,일반물리학실험2,1,전공기초,,,false,2026,2
2026361829,CSE4018,인간과컴퓨터상호작용,3,전공핵심,,,false,2026,2
2026361829,CUL7128,오픈소스개발과활용,3,교양필수,,,false,2026,2
2026361829,PHY1008,드론의이해와응용,3,전공핵심,,,false,2026,2
2026361829,GEN2053,미분적분학2,3,전공기초,,,false,2026,2
2026361829,CUL2100,아카데믹글쓰기,2,교양필수,,,false,2026,2
2026112563,ARE1055,건축표현기법1,3,전공기초,D,1.0,false,2026,1
2026112563,ARE1063,건축학개론,3,전공핵심,B,3.0,false,2026,1
2026112563,ARE1064,건축기본설계1,3,전공핵심,F,0.0,false,2026,1
2026112563,CUL7124,AI리터러시,2,교양필수,B,3.0,false,2026,1
2026112563,CUL7125,ESG와SDGs이해,2,교양필수,B,3.0,false,2026,1
2026112563,CUL7133,파이썬과인공지능,3,교양필수,D,1.0,false,2026,1
2026112563,VCC1001,IC-PBL과비전설계,1,교양필수,B,3.0,false,2026,1
2026112563,ARE2076,디지털모델링1,3,전공기초,,,false,2026,2
2026112563,CUL2100,아카데믹글쓰기,2,교양필수,,,false,2026,2
2026118506,DES1001,스튜디오프랙티스,3,전공기초,B,3.0,false,2026,1
2026118506,DES1002,2D디지털디자인,3,전공기초,A+,4.5,false,2026,1
2026118506,DES1004,드로잉파운데이션,3,전공기초,B+,3.5,false,2026,1
2026118506,VCC1001,IC-PBL과비전설계,1,교양필수,A,4.0,false,2026,1
2026118506,CUL2100,아카데믹글쓰기,2,교양필수,A,4.0,false,2026,1
2026118506,CLU7124,AI리터러시,2,교양필수,A,4.0,false,2026,1
2026118506,CUL7135,파이썬과데이터분석,3,교양필수,,,false,2026,2
2026118506,DES1005,크리에이티브프로세스,3,전공기초,,,false,2026,2
2026118506,DES1003,3D스페이셜디자인,3,전공기초,,,false,2026,2
2026118506,CUL7125,ESG와SDGs이해,2,교양필수,,,false,2026,2
2026897435,GEN0063,일반물리학1,3,전공기초,B+,3.5,false,2026,1
2026897435,CAR0005,인공지능로봇의이해,2,전공기초,A+,4.5,false,2026,1
2026897435,CUL7125,ESG와SDGs이해,2,교양필수,C,2.0,false,2026,1
2026897435,CUL7133,파이썬과인공지능,3,교양필수,A+,4.5,false,2026,1
2026897435,GEN0066,일반물리학실험1,1,전공기초,A,4.0,false,2026,1
2026897435,GEN2052,미분적분학1,3,전공기초,B,3.0,false,2026,1
2026897435,ROB1001,기초로봇공학개론,3,전공기초,A,4.0,false,2026,1
2026897435,VCC1001,IC-PBL과비전설계,1,교양필수,A,4.0,false,2026,1
2026897435,CUL7124,AI리터러시,2,교양필수,A+,4.5,false,2026,1
2026897435,GEN0064,일반물리학2,3,전공기초,,,false,2026,2
2026897435,CAR0001,어드벤쳐디자인1,1,전공기초,,,false,2026,2
2026897435,COE3051,공업수학1,3,전공기초,,,false,2026,2
2026897435,GEN2053,미분적분학2,3,전공기초,,,false,2026,2
2026897435,ITE1009,C프로그래밍,2,전공기초,,,false,2026,2
2026897435,ROB1002,기초로봇공학실험,3,전공기초,,,false,2026,2
2026897435,CUL2100,아카데믹글쓰기,2,교양필수,,,false,2026,2
2026356822,VCC1001,IC-PBL과비전설계,1,교양필수,B+,3.5,false,2026,1
2026356822,JMC1008,커뮤니케이션학의이해,3,전공기초,B,3.0,false,2026,1
2026356822,JMC2030,미디어제작의이해,3,전공기초,C+,2.5,false,2026,1
2026356822,CUL2100,아카데믹글쓰기,2,교양필수,C+,2.5,false,2026,1
2026356822,CLU7124,AI리터러시,2,교양필수,C+,2.5,false,2026,1
2026356822,CUL7135,파이썬과데이터분석,2,교양필수,,,false,2026,2
2026356822,CUL7125,ESG와SDGs이해,2,교양필수,,,false,2026,2
2026356822,JMC2000,디지털미디어사회의이해,3,전공기초,,,false,2026,2
2026356822,JOU3066,스피치커뮤니케이션의이해,3,전공기초,,,false,2026,2
2026260221,GEN0063,일반물리학1,3,전공기초,A+,4.5,false,2026,1
2026260221,GEN0066,일반물리학실험1,1,전공기초,B,3.0,false,2026,1
2026260221,CUL7125,ESG와SDGs이해,2,교양필수,C+,2.5,false,2026,1
2026260221,VCC1001,IC-PBL과비전설계,1,교양필수,B+,3.5,false,2026,1
2026260221,CUL7131,창의적프로그래밍기초와실습,3,교양필수,D+,1.5,false,2026,1
2026260221,EMS2021,물리해양학,3,전공기초,D+,1.5,false,2026,1
2026260221,GEN0064,일반물리학2,3,전공기초,,,false,2026,2
2026260221,GEN0067,일반물리학실험2,1,전공기초,,,false,2026,2
2026260221,CSE4018,인간과컴퓨터상호작용,3,전공핵심,,,false,2026,2
2026260221,CUL7128,오픈소스개발과활용,3,교양필수,,,false,2026,2
2026260221,PHY1008,드론의이해와응용,3,전공핵심,,,false,2026,2
2026260221,GEN2053,미분적분학2,3,전공기초,,,false,2026,2
2026260221,CUL2100,아카데믹글쓰기,2,교양필수,,,false,2026,2
2026270249,GEN0063,일반물리학1,3,전공기초,B,3.0,false,2026,1
2026270249,CUL7124,AI리터러시,2,교양필수,B,3.0,false,2026,1
2026270249,CUL7125,ESG와SDGs이해,2,교양필수,A,4.0,false,2026,1
2026270249,CUL7133,파이썬과인공지능,3,교양필수,B+,3.5,false,2026,1
2026270249,GEN2052,미분적분학1,3,전공기초,B,3.0,false,2026,1
2026270249,TRE1020,교통물류개론,3,전공핵심,A,4.0,false,2026,1
2026270249,VCC1001,IC-PBL과비전설계,1,교양필수,B,3.0,false,2026,1
2026270249,GEN0066,일반물리학실험1,1,전공기초,D,1.0,false,2026,1
2026270249,COE2003,정역학,3,전공기초,,,false,2026,2
2026270249,CUL2100,아카데믹글쓰기,2,교양필수,,,false,2026,2
2026270249,GEN2053,미분적분학2,3,전공기초,,,false,2026,2
2026270249,TRE1022,스마트모빌리티입문설계,3,전공기초,,,false,2026,2
2026270249,TRE2010,물류의이해,3,전공핵심,,,false,2026,2
2026270249,URE2002,도시계획,3,전공핵심,,,false,2026,2
2026270249,GEN0064,일반물리학2,3,전공기초,,,false,2026,2
2026270249,GEN0067,일반물리학실험2,1,전공기초,,,false,2026,2
2026416900,CUL2100,아카데믹글쓰기,2,교양필수,B,3.0,false,2026,1
2026416900,CLU7124,AI리터러시,2,교양필수,A+,4.5,false,2026,1
2026416900,VCC1001,IC-PBL과비전설계,1,교양필수,A,4.0,false,2026,1
2026416900,GEN0059,경제원론1,3,전공핵심,B+,3.5,false,2026,1
2026416900,ACT1005,미적분학1,3,전공기초,A+,4.5,false,2026,1
2026416900,ACT1004,통계프로그래밍,3,전공기초,C+,2.5,false,2026,1
2026416900,CUL7125,ESG와SDGs이해,2,교양필수,,,false,2026,2
2026416900,GEN0060,경제원론2,3,전공핵심,,,false,2026,2
2026416900,ACT1003,계리프로그래밍,3,전공기초,,,false,2026,2
2026416900,ACT1006,미적분학2,3,전공기초,,,false,2026,2
2026416900,ACT1007,보험원론,3,전공핵심,,,false,2026,2
2026416900,CUL7135,파이썬과데이터분석,3,교양필수,,,false,2026,2
2026416900,BUS1010,회계정보의이해,3,전공기초,,,false,2026,2
2026307639,GEN1030,컴퓨터개론,3,전공핵심,A+,4.5,false,2026,1
2026307639,CSE1017,프로그래밍기초,3,전공기초,A+,4.5,false,2026,1
2026307639,CUL7125,ESG와SDGs이해,2,교양필수,A,4.0,false,2026,1
2026307639,VCC1001,IC-PBL과비전설계,1,교양필수,A+,4.5,false,2026,1
2026307639,CUL7133,파이썬과인공지능,3,교양필수,A+,4.5,false,2026,1
2026307639,CLU7124,AI리터러시,2,교양필수,A,4.0,false,2026,1
2026307639,ITE1009,C프로그래밍,3,전공핵심,,,false,2026,2
2026307639,COM2018,객체지향프로그래밍,3,전공핵심,,,false,2026,2
2026307639,CSE1021,소프트웨어엔지니어링커뮤니케이션,2,전공기초,,,false,2026,2
2026307639,CUL2100,아카데믹글쓰기,2,교양필수,,,false,2026,2
2026143892,VCC1001,IC-PBL과비전설계,1,교양필수,C+,2.5,false,2026,1
2026143892,BUS1005,경영통계분석1,3,전공기초,D+,1.5,false,2026,1
2026143892,GEN0044,경영학원론,3,전공기초,B,3.0,false,2026,1
2026143892,GEN0059,경제원론1,3,전공기초,B+,3.5,false,2026,1
2026143892,CUL7124,AI리터러시,2,교양필수,A+,4.5,false,2026,1
2026143892,CUL2100,아카데믹글쓰기,2,교양필수,B+,3.5,false,2026,1
2026143892,CUL7125,ESG와SDGs이해,2,교양필수,,,false,2026,2
2026143892,CUL7135,파이썬과데이터분석,3,교양필수,,,false,2026,2
2026143892,BUS1010,회계정보의이해,3,전공기초,,,false,2026,2
2026245608,DES1001,스튜디오프랙티스,3,전공기초,B,3.0,false,2026,1
2026245608,DES1002,2D디지털디자인,3,전공기초,C,2.0,false,2026,1
2026245608,DES1004,드로잉파운데이션,3,전공기초,D,1.0,false,2026,1
2026245608,VCC1001,IC-PBL과비전설계,1,교양필수,C+,2.5,false,2026,1
2026245608,CUL2100,아카데믹글쓰기,2,교양필수,B,3.0,false,2026,1
2026245608,CLU7124,AI리터러시,2,교양필수,A,4.0,false,2026,1
2026245608,CUL7135,파이썬과데이터분석,3,교양필수,,,false,2026,2
2026245608,DES1005,크리에이티브프로세스,3,전공기초,,,false,2026,2
2026245608,DES1003,3D스페이셜디자인,3,전공기초,,,false,2026,2
2026245608,CUL7125,ESG와SDGs이해,2,교양필수,,,false,2026,2
2026205335,GCT1003,인공지능과지속가능발전,2,전공기초,B+,3.5,false,2026,1
2026205335,GCT1004,영상문화의이해,2,전공기초,B,3.0,false,2026,1
2026205335,GCT1002,글로벌트랜드탐색,3,전공기초,A,4.0,false,2026,1
2026205335,GCT1001,K-컬쳐와글로벌한국학문화연구기초,2,전공기초,A,4.0,false,2026,1
2026205335,VCC1001,IC-PBL과비전설계,1,교양필수,D+,1.5,false,2026,1
2026205335,CUL2100,아카데믹글쓰기,2,교양필수,B,3.0,false,2026,1
2026205335,CLU7124,AI리터러시,2,교양필수,A+,4.5,false,2026,1
2026205335,CUL7135,파이썬과데이터분석,3,교양필수,,,false,2026,2
2026205335,GCT1006,언어/문화모듈탐색,2,전공기초,,,false,2026,2
2026205335,GCT1007,글로벌통상의이해,2,전공기초,,,false,2026,2
2026205335,GCT1005,글로벌관광엔터테인먼트의이해,2,전공기초,,,false,2026,2
2026205335,CUL7125,ESG와SDGs이해,2,교양필수,,,false,2026,2
2026803176,GEN0074,일반생물학1,3,전공기초,A,4.0,false,2026,1
2026803176,GEN0068,일반화학1,3,전공기초,A,4.0,false,2026,1
2026803176,CUL7125,ESG와SDGs이해,2,교양필수,A+,4.5,false,2026,1
2026803176,VCC1001,IC-PBL과비전설계,1,교양필수,B+,3.5,false,2026,1
2026803176,CUL7131,창의적프로그래밍기초와실습,3,교양필수,B,3.0,false,2026,1
2026803176,GEN3032,기초물리학,2,전공기초,A,4.0,false,2026,1
2026803176,GEN0070,일반화학실험1,1,전공기초,D+,1.5,false,2026,1
2026803176,GEN0069,일반화학2,3,전공기초,,,false,2026,2
2026803176,CUL7128,오픈소스개발과활용,3,교양필수,,,false,2026,2
2026803176,GEN2053,미분적분학2,3,전공기초,,,false,2026,2
2026803176,GEN0071,일반화학실험2,1,전공기초,,,false,2026,2
2026299080,GEN0063,일반물리학1,3,전공기초,B,3.0,false,2026,1
2026299080,GEN0066,일반물리학실험1,1,전공기초,A,4.0,false,2026,1
2026299080,CUL7133,파이썬과인공지능,3,교양필수,B,3.0,false,2026,1
2026299080,GEN2052,미분적분학1,3,전공기초,C+,2.5,false,2026,1
2026299080,GEN3030,대학생물학,2,전공기초,C+,2.5,false,2026,1
2026299080,VCC1001,IC-PBL과비전설계,1,교양필수,B,3.0,false,2026,1
2026299080,CUL7125,ESG와SDGs이해,2,교양필수,B+,3.5,false,2026,1
2026299080,GEN0068,일반화학1,3,전공기초,F,0.0,false,2026,1
2026299080,GEN0070,일반화학실험1,1,전공기초,A,4.0,false,2026,1
2026299080,GEN0064,일반물리학2,3,전공기초,,,false,2026,2
2026299080,GEN0067,일반물리학실험2,1,전공기초,,,false,2026,2
2026299080,GEN2053,미분적분학2,3,전공기초,,,false,2026,2
2026299080,CUL2100,아카데믹글쓰기,2,교양필수,,,false,2026,2
2026299080,CLU7124,AI리터러시,2,교양필수,,,false,2026,2
2026299080,GEN0071,일반화학실험2,1,전공기초,,,false,2026,2
2026949566,DES1001,스튜디오프랙티스,3,전공기초,B+,3.5,false,2026,1
2026949566,DES1002,2D디지털디자인,3,전공기초,B+,3.5,false,2026,1
2026949566,DES1004,드로잉파운데이션,3,전공기초,B+,3.5,false,2026,1
2026949566,CLU7124,AI리터러시,2,교양필수,B+,3.5,false,2026,1
2026949566,CUL7135,파이썬과데이터분석,3,교양필수,,,false,2026,2
2026949566,CUL7125,ESG와SDGs이해,2,교양필수,,,false,2026,2
2026674630,VCC1001,IC-PBL과비전설계,1,교양필수,C,2.0,false,2026,1
2026674630,JMC1008,커뮤니케이션학의이해,3,전공기초,A,4.0,false,2026,1
2026674630,JMC2030,미디어제작의이해,3,전공기초,C+,2.5,false,2026,1
2026674630,CUL2100,아카데믹글쓰기,2,교양필수,A,4.0,false,2026,1
2026674630,CLU7124,AI리터러시,2,교양필수,B,3.0,false,2026,1
2026674630,CUL7135,파이썬과데이터분석,2,교양필수,,,false,2026,2
2026674630,CUL7125,ESG와SDGs이해,2,교양필수,,,false,2026,2
2026674630,JMC2000,디지털미디어사회의이해,3,전공기초,,,false,2026,2
2026674630,JOU3066,스피치커뮤니케이션의이해,3,전공기초,,,false,2026,2
2026159067,VCC1001,IC-PBL과비전설계,1,교양필수,A,4.0,false,2026,1
2026159067,ANT1059,AI시대인류학의도전,3,전공기초,B+,3.5,false,2026,1
2026159067,CUL2100,아카데믹글쓰기,2,교양필수,B+,3.5,false,2026,1
2026159067,ANT1060,무형유산과한국학의이해,3,전공기초,,,false,2026,2
2026159067,ANT1062,이주시대세계문화의이해,3,전공기초,,,false,2026,2
2026159067,CUL7135,파이썬과데이터분석,3,교양필수,,,false,2026,2
2026781900,GEN0063,일반물리학1,3,전공기초,B+,3.5,false,2026,1
2026781900,GEN0066,일반물리학실험1,1,전공기초,F,0.0,false,2026,1
2026781900,CUL7125,ESG와SDGs이해,2,교양필수,C+,2.5,false,2026,1
2026781900,VCC1001,IC-PBL과비전설계,1,교양필수,B+,3.5,false,2026,1
2026781900,CUL7131,창의적프로그래밍기초와실습,3,교양필수,A,4.0,false,2026,1
2026781900,EMS2021,물리해양학,3,전공기초,B+,3.5,false,2026,1
2026781900,GEN0064,일반물리학2,3,전공기초,,,false,2026,2
2026781900,CSE4018,인간과컴퓨터상호작용,3,전공핵심,,,false,2026,2
2026781900,CUL7128,오픈소스개발과활용,3,교양필수,,,false,2026,2
2026781900,PHY1008,드론의이해와응용,3,전공핵심,,,false,2026,2
2026781900,GEN2053,미분적분학2,3,전공기초,,,false,2026,2
2026781900,CUL2100,아카데믹글쓰기,2,교양필수,,,false,2026,2
2026665163,VCC1001,IC-PBL과비전설계,1,교양필수,B,3.0,false,2026,1
2026665163,GEN0044,경영학원론,3,전공기초,B,3.0,false,2026,1
2026665163,GEN0059,경제원론1,3,전공기초,A+,4.5,false,2026,1
2026665163,ECO1001,경제학입문,3,전공핵심,A,4.0,false,2026,1
2026665163,CUL7125,ESG와SDGs이해,2,교양필수,,,false,2026,2
2026665163,ECO1002,경제수학,3,전공기초,,,false,2026,2
2026665163,GEN0060,경제원론2,3,전공기초,,,false,2026,2
2026665163,ECO1022,기업가정신과관계역량,1,전공핵심,,,false,2026,2
2026665163,CUL7135,파이썬과데이터분석,3,교양필수,,,false,2026,2
2026415201,GEN1030,컴퓨터개론,3,전공핵심,A,4.0,false,2026,1
2026415201,GEN2052,미분적분학1,3,전공기초,A,4.0,false,2026,1
2026415201,CSE1017,프로그래밍기초,3,전공기초,B+,3.5,false,2026,1
2026415201,CUL7125,ESG와SDGs이해,2,교양필수,C,2.0,false,2026,1
2026415201,VCC1001,IC-PBL과비전설계,1,교양필수,D,1.0,false,2026,1
2026415201,CUL7133,파이썬과인공지능,3,교양필수,B,3.0,false,2026,1
2026415201,CLU7124,AI리터러시,2,교양필수,A,4.0,false,2026,1
2026415201,ITE1009,C프로그래밍,3,전공핵심,,,false,2026,2
2026415201,CSE1019,오픈소스SW기초,2,전공핵심,,,false,2026,2
2026415201,MAT2020,이산수학,3,전공기초,,,false,2026,2
2026415201,COM2018,객체지향프로그래밍,3,전공핵심,,,false,2026,2
2026415201,CSE1021,소프트웨어엔지니어링커뮤니케이션,2,전공기초,,,false,2026,2
2026415201,CUL2100,아카데믹글쓰기,2,교양필수,,,false,2026,2
2026271252,VCC1001,IC-PBL과비전설계,1,교양필수,B+,3.5,false,2026,1
2026271252,JMC1008,커뮤니케이션학의이해,3,전공기초,A,4.0,false,2026,1
2026271252,JMC2030,미디어제작의이해,3,전공기초,F,0.0,false,2026,1
2026271252,CUL2100,아카데믹글쓰기,2,교양필수,B+,3.5,false,2026,1
2026271252,CLU7124,AI리터러시,2,교양필수,A+,4.5,false,2026,1
2026271252,CUL7135,파이썬과데이터분석,2,교양필수,,,false,2026,2
2026271252,CUL7125,ESG와SDGs이해,2,교양필수,,,false,2026,2
2026271252,JMC2000,디지털미디어사회의이해,3,전공기초,,,false,2026,2
2026271252,JOU3066,스피치커뮤니케이션의이해,3,전공기초,,,false,2026,2
2026445356,GEN0074,일반생물학1,3,전공기초,A+,4.5,false,2026,1
2026445356,GEN0076,일반생물학실험1,1,전공기초,B+,3.5,false,2026,1
2026445356,GEN0068,일반화학1,3,전공기초,B,3.0,false,2026,1
2026445356,CUL7125,ESG와SDGs이해,2,교양필수,A,4.0,false,2026,1
2026445356,VCC1001,IC-PBL과비전설계,1,교양필수,A,4.0,false,2026,1
2026445356,CUL7131,창의적프로그래밍기초와실습,3,교양필수,A+,4.5,false,2026,1
2026445356,GEN3032,기초물리학,2,전공기초,A+,4.5,false,2026,1
2026445356,GEN0070,일반화학실험1,1,전공기초,B+,3.5,false,2026,1
2026445356,GEN0075,일반생물학2,3,전공기초,,,false,2026,2
2026445356,GEN0077,일반생물학실험2,1,전공기초,,,false,2026,2
2026445356,GEN0069,일반화학2,3,전공기초,,,false,2026,2
2026445356,CUL7128,오픈소스개발과활용,3,교양필수,,,false,2026,2
2026445356,GEN2053,미분적분학2,3,전공기초,,,false,2026,2
2026445356,GEN0071,일반화학실험2,1,전공기초,,,false,2026,2
2026445356,CUL2100,아카데믹글쓰기,2,교양필수,,,false,2026,2
2026847868,GEN0063,일반물리학1,3,전공기초,D,1.0,false,2026,1
2026847868,CAR0005,인공지능로봇의이해,2,전공기초,B,3.0,false,2026,1
2026847868,CUL7125,ESG와SDGs이해,2,교양필수,C+,2.5,false,2026,1
2026847868,CUL7133,파이썬과인공지능,3,교양필수,D+,1.5,false,2026,1
2026847868,GEN0066,일반물리학실험1,1,전공기초,A,4.0,false,2026,1
2026847868,GEN2052,미분적분학1,3,전공기초,B,3.0,false,2026,1
2026847868,ROB1001,기초로봇공학개론,3,전공기초,A+,4.5,false,2026,1
2026847868,VCC1001,IC-PBL과비전설계,1,교양필수,B+,3.5,false,2026,1
2026847868,CUL7124,AI리터러시,2,교양필수,C+,2.5,false,2026,1
2026847868,GEN0064,일반물리학2,3,전공기초,,,false,2026,2
2026847868,CAR0001,어드벤쳐디자인1,1,전공기초,,,false,2026,2
2026847868,COE3051,공업수학1,3,전공기초,,,false,2026,2
2026847868,GEN2053,미분적분학2,3,전공기초,,,false,2026,2
2026847868,ITE1009,C프로그래밍,2,전공기초,,,false,2026,2
2026847868,ROB1002,기초로봇공학실험,3,전공기초,,,false,2026,2
2026847868,CUL2100,아카데믹글쓰기,2,교양필수,,,false,2026,2
2026399736,GEN0063,일반물리학1,3,전공기초,C+,2.5,false,2026,1
2026399736,GEN0066,일반물리학실험1,1,전공기초,C+,2.5,false,2026,1
2026399736,CUL7125,ESG와SDGs이해,2,교양필수,A,4.0,false,2026,1
2026399736,VCC1001,IC-PBL과비전설계,1,교양필수,C+,2.5,false,2026,1
2026399736,CUL7131,창의적프로그래밍기초와실습,3,교양필수,D,1.0,false,2026,1
2026399736,GEN0068,일반화학1,3,전공기초,C+,2.5,false,2026,1
2026399736,GEN2052,미분적분학1,3,전공기초,C,2.0,false,2026,1
2026399736,GEN0070,일반화학실험1,1,전공기초,B,3.0,false,2026,1
2026399736,GEN0064,일반물리학2,3,전공기초,,,false,2026,2
2026399736,GEN0067,일반물리학실험2,1,전공기초,,,false,2026,2
2026399736,CUL7128,오픈소스개발과활용,3,교양필수,,,false,2026,2
2026399736,GEN2053,미분적분학2,3,전공기초,,,false,2026,2
2026399736,GEN0069,일반화학2,3,전공기초,,,false,2026,2
2026399736,CUL2100,아카데믹글쓰기,2,교양필수,,,false,2026,2
2026399736,GEN0071,일반화학실험2,1,전공기초,,,false,2026,2
2026153379,GEN1030,컴퓨터개론,3,전공핵심,D+,1.5,false,2026,1
2026153379,GEN2052,미분적분학1,3,전공기초,D+,1.5,false,2026,1
2026153379,CSE1017,프로그래밍기초,3,전공기초,D,1.0,false,2026,1
2026153379,CUL7125,ESG와SDGs이해,2,교양필수,B,3.0,false,2026,1
2026153379,VCC1001,IC-PBL과비전설계,1,교양필수,C,2.0,false,2026,1
2026153379,CUL7133,파이썬과인공지능,3,교양필수,D+,1.5,false,2026,1
2026153379,CLU7124,AI리터러시,2,교양필수,C,2.0,false,2026,1
2026153379,ITE1009,C프로그래밍,3,전공핵심,,,false,2026,2
2026153379,CSE1019,오픈소스SW기초,2,전공핵심,,,false,2026,2
2026153379,MAT2020,이산수학,3,전공기초,,,false,2026,2
2026153379,COM2018,객체지향프로그래밍,3,전공핵심,,,false,2026,2
2026153379,CSE1021,소프트웨어엔지니어링커뮤니케이션,2,전공기초,,,false,2026,2
2026153379,CUL2100,아카데믹글쓰기,2,교양필수,,,false,2026,2
2026857526,DCC2019,프리젠테이션기술과피칭전략,3,전공핵심,B+,3.5,false,2026,1
2026857526,DCC1011,콘텐츠스토리텔링기초,3,전공기초,B+,3.5,false,2026,1
2026857526,DCC2001,창의적발상법,3,전공기초,C,2.0,false,2026,1
2026857526,VCC1001,IC-PBL과비전설계,1,교양필수,B,3.0,false,2026,1
2026857526,DCC1010,문화콘텐츠의기초,3,전공기초,A,4.0,false,2026,1
2026857526,CUL2100,아카데믹글쓰기,2,교양필수,F,0.0,false,2026,1
2026857526,CLU7124,AI리터러시,2,교양필수,B,3.0,false,2026,1
2026857526,CUL7135,파이썬과데이터분석,2,교양필수,,,false,2026,2
2026857526,DCC1007,문화콘텐츠인문학,3,전공기초,,,false,2026,2
2026857526,DCC2017,문화콘텐츠마케팅,3,전공기초,,,false,2026,2
2026857526,DCC2005,문화콘텐츠기획론,3,전공핵심,,,false,2026,2
2026857526,DCC2004,멀티미디어저작실습,3,전공핵심,,,false,2026,2
2026857526,CUL7125,ESG와SDGs이해,2,교양필수,,,false,2026,2
2026398739,DES1001,스튜디오프랙티스,3,전공기초,A,4.0,false,2026,1
2026398739,DES1002,2D디지털디자인,3,전공기초,D,1.0,false,2026,1
2026398739,DES1004,드로잉파운데이션,3,전공기초,C+,2.5,false,2026,1
2026398739,VCC1001,IC-PBL과비전설계,1,교양필수,A,4.0,false,2026,1
2026398739,CUL2100,아카데믹글쓰기,2,교양필수,B+,3.5,false,2026,1
2026398739,CLU7124,AI리터러시,2,교양필수,A+,4.5,false,2026,1
2026398739,CUL7135,파이썬과데이터분석,3,교양필수,,,false,2026,2
2026398739,DES1005,크리에이티브프로세스,3,전공기초,,,false,2026,2
2026398739,DES1003,3D스페이셜디자인,3,전공기초,,,false,2026,2
2026398739,CUL7125,ESG와SDGs이해,2,교양필수,,,false,2026,2
2026609533,CUL7133,파이썬과인공지능,3,교양필수,C+,2.5,false,2026,1
2026609533,COM2018,객체지향프로그래밍,3,전공핵심,,,false,2026,2
2026289989,GEN3032,기초물리학,2,전공기초,A+,4.5,false,2026,1
2026289989,CUL7128,오픈소스개발과활용,3,교양필수,,,false,2026,2
